тип_датчика;значение_датчика;event_count;alarm_count;channel_count;event_category;label_source;rule_id
газовый датчик;0.01;19468367;0.0;428;unknown;weak_rule;conservative_pair_rule_v2
газовый датчик;0.00;18373107;0.0;482;unknown;weak_rule;conservative_pair_rule_v2
датчик движения;движения нет;3459601;0.0;804;normal;weak_rule;conservative_pair_rule_v2
датчик движения;обнаружено движение;3459582;22404.0;804;detection;weak_rule;conservative_pair_rule_v2
газовый датчик;0.02;2467160;0.0;423;unknown;weak_rule;conservative_pair_rule_v2
газовый датчик;0.03;1173112;0.0;407;unknown;weak_rule;conservative_pair_rule_v2
газовый датчик;0.04;889328;0.0;398;unknown;weak_rule;conservative_pair_rule_v2
газовый датчик;0.05;659969;0.0;399;unknown;weak_rule;conservative_pair_rule_v2
газовый датчик;0.06;524696;0.0;385;unknown;weak_rule;conservative_pair_rule_v2
газовый датчик;0.07;381942;0.0;349;unknown;weak_rule;conservative_pair_rule_v2
кд дверь;норма;319978;0.0;916;normal;weak_rule;conservative_pair_rule_v2
кд дверь;не замкнут;298668;6823.0;914;detection;weak_rule;conservative_pair_rule_v2
газовый датчик;0.08;294357;0.0;359;unknown;weak_rule;conservative_pair_rule_v2
газовый датчик;0.09;240707;0.0;348;unknown;weak_rule;conservative_pair_rule_v2
газовый датчик;0.10;189078;0.0;336;unknown;weak_rule;conservative_pair_rule_v2
газовый датчик;0.11;156222;0.0;296;unknown;weak_rule;conservative_pair_rule_v2
состояние уир-р;норма;155586;0.0;761;normal;weak_rule;conservative_pair_rule_v2
состояние уир-р;неопределен;143901;0.0;751;unknown;weak_rule;conservative_pair_rule_v2
датчик дыма;норма;141795;0.0;4333;normal;weak_rule;conservative_pair_rule_v2
датчик дыма;неопределен;132067;0.0;4326;unknown;weak_rule;conservative_pair_rule_v2
газовый датчик;0.12;127951;0.0;294;unknown;weak_rule;conservative_pair_rule_v2
переключатель;выключен;102232;0.0;778;unknown;weak_rule;conservative_pair_rule_v2
переключатель;включен;102215;0.0;782;unknown;weak_rule;conservative_pair_rule_v2
состояние насоса;выключен;96908;0.0;180;unknown;weak_rule;conservative_pair_rule_v2
газовый датчик;0.13;94318;0.0;299;unknown;weak_rule;conservative_pair_rule_v2
состояние фазы;есть питание;89657;0.0;910;unknown;weak_rule;conservative_pair_rule_v2
состояние фазы;обесточен;89652;0.0;916;fault;weak_rule;conservative_pair_rule_v2
состояние насоса;включен;82572;0.0;179;unknown;weak_rule;conservative_pair_rule_v2
газовый датчик;0.14;77613;0.0;282;unknown;weak_rule;conservative_pair_rule_v2
газовый датчик;норма;76032;0.0;529;normal;weak_rule;conservative_pair_rule_v2
состояние вентилятора;выключен;72713;0.0;353;unknown;weak_rule;conservative_pair_rule_v2
газовый датчик;0.15;71549;0.0;275;unknown;weak_rule;conservative_pair_rule_v2
кд ав;норма;69773;0.0;397;normal;weak_rule;conservative_pair_rule_v2
кд ав;не замкнут;62678;62678.0;397;detection;weak_rule;conservative_pair_rule_v2
газовый датчик;0.16;60718;0.0;271;unknown;weak_rule;conservative_pair_rule_v2
состояние вентилятора;включен;60639;0.0;353;unknown;weak_rule;conservative_pair_rule_v2
газовый датчик;0.17;49674;0.0;262;unknown;weak_rule;conservative_pair_rule_v2
тепловой датчик;норма;49669;0.0;472;normal;weak_rule;conservative_pair_rule_v2
тепловой датчик;неопределен;48578;0.0;472;unknown;weak_rule;conservative_pair_rule_v2
газовый датчик;0.18;46659;0.0;242;unknown;weak_rule;conservative_pair_rule_v2
газовый датчик;неопределен;40877;0.0;428;unknown;weak_rule;conservative_pair_rule_v2
газовый датчик;0.19;37889;0.0;244;unknown;weak_rule;conservative_pair_rule_v2
состояние фазы;норма;37035;0.0;846;normal;weak_rule;conservative_pair_rule_v2
датчик температуры;норма;36647;0.0;579;normal;weak_rule;conservative_pair_rule_v2
газовый датчик;неисправен;35999;34289.0;152;fault;weak_rule;conservative_pair_rule_v2
состояние фазы;неопределен;31064;0.0;786;unknown;weak_rule;conservative_pair_rule_v2
датчик дыма;дыма нет;28893;0.0;4336;normal;weak_rule;conservative_pair_rule_v2
датчик дыма;обнаружен дым;28308;8595.0;4336;detection;weak_rule;conservative_pair_rule_v2
газовый датчик;0.20;23549;0.0;252;unknown;weak_rule;conservative_pair_rule_v2
кд дверь;обнаружено движение;22955;12.0;2;detection;weak_rule;conservative_pair_rule_v2
кд дверь;движения нет;22955;0.0;2;normal;weak_rule;conservative_pair_rule_v2
датчик температуры;неисправен;22205;22205.0;12;fault;weak_rule;conservative_pair_rule_v2
кд дверь;неопределен;21149;0.0;859;unknown;weak_rule;conservative_pair_rule_v2
состояние насоса;норма;17843;0.0;180;normal;weak_rule;conservative_pair_rule_v2
газовый датчик;0.21;17835;0.0;227;unknown;weak_rule;conservative_pair_rule_v2
состояние вентилятора;норма;16401;0.0;354;normal;weak_rule;conservative_pair_rule_v2
датчик движения;норма;16365;0.0;754;normal;weak_rule;conservative_pair_rule_v2
газовый датчик;0.22;16248;0.0;207;unknown;weak_rule;conservative_pair_rule_v2
датчик движения;неопределен;16005;0.0;748;unknown;weak_rule;conservative_pair_rule_v2
газовый датчик;0.23;15454;0.0;219;unknown;weak_rule;conservative_pair_rule_v2
состояние насоса;неисправен;14495;13910.0;180;fault;weak_rule;conservative_pair_rule_v2
датчик температуры;неопределен;14411;0.0;579;unknown;weak_rule;conservative_pair_rule_v2
газовый датчик;0.24;14032;0.0;218;unknown;weak_rule;conservative_pair_rule_v2
состояние насоса;обесточен;13791;13259.0;180;fault;weak_rule;conservative_pair_rule_v2
состояние насоса;работают все насосы в анс;13450;13432.0;45;unknown;weak_rule;conservative_pair_rule_v2
состояние вентилятора;неисправен;12800;12654.0;234;fault;weak_rule;conservative_pair_rule_v2
состояние вентилятора;обесточен;12698;12552.0;234;fault;weak_rule;conservative_pair_rule_v2
состояние охраны;снято с охраны;11641;0.0;47;unknown;weak_rule;conservative_pair_rule_v2
состояние охраны;на охране;11638;0.0;47;unknown;weak_rule;conservative_pair_rule_v2
состояние уир-р;разговор;11396;0.0;634;unknown;weak_rule;conservative_pair_rule_v2
датчик температуры;17;10316;0.0;393;unknown;weak_rule;conservative_pair_rule_v2
датчик температуры;20;10180;0.0;331;unknown;weak_rule;conservative_pair_rule_v2
состояние уир-р;вызов;10084;0.0;557;unknown;weak_rule;conservative_pair_rule_v2
датчик дыма;неисправен;10005;4900.0;1258;fault;weak_rule;conservative_pair_rule_v2
датчик температуры;18;9822;0.0;360;unknown;weak_rule;conservative_pair_rule_v2
датчик температуры;14;9552;0.0;357;unknown;weak_rule;conservative_pair_rule_v2
газовый датчик;0.25;9488;0.0;193;unknown;weak_rule;conservative_pair_rule_v2
датчик температуры;15;9478;0.0;371;unknown;weak_rule;conservative_pair_rule_v2
датчик температуры;19;9399;0.0;354;unknown;weak_rule;conservative_pair_rule_v2
датчик температуры;16;9240;0.0;366;unknown;weak_rule;conservative_pair_rule_v2
переключатель;норма;9088;0.0;672;normal;weak_rule;conservative_pair_rule_v2
датчик температуры;21;9062;0.0;311;unknown;weak_rule;conservative_pair_rule_v2
датчик температуры;22;9059;0.0;296;unknown;weak_rule;conservative_pair_rule_v2
переключатель;неопределен;9053;0.0;672;unknown;weak_rule;conservative_pair_rule_v2
газовый датчик;0.26;8607;0.0;199;unknown;weak_rule;conservative_pair_rule_v2
датчик температуры;23;8591;0.0;297;unknown;weak_rule;conservative_pair_rule_v2
датчик температуры;12;8096;0.0;339;unknown;weak_rule;conservative_pair_rule_v2
датчик температуры;13;7765;0.0;364;unknown;weak_rule;conservative_pair_rule_v2
состояние охраны;01.01.1970 03:00:00;7661;0.0;29;unknown;weak_rule;conservative_pair_rule_v2
состояние охраны;01.01.1970 03:00:01;7659;0.0;29;unknown;weak_rule;conservative_pair_rule_v2
датчик температуры;24;7215;0.0;269;unknown;weak_rule;conservative_pair_rule_v2
газовый датчик;0.28;6940;0.0;195;unknown;weak_rule;conservative_pair_rule_v2
кд ав;неопределен;6792;0.0;362;unknown;weak_rule;conservative_pair_rule_v2
датчик температуры;11;6488;0.0;332;unknown;weak_rule;conservative_pair_rule_v2
состояние насоса;затоплен;6103;5733.0;157;detection;weak_rule;conservative_pair_rule_v2
состояние фазы;неисправен;5990;5960.0;281;fault;weak_rule;conservative_pair_rule_v2
датчик температуры;25;5853;0.0;245;unknown;weak_rule;conservative_pair_rule_v2
газовый датчик;0.27;5794;0.0;193;unknown;weak_rule;conservative_pair_rule_v2
датчик температуры;26;5600;0.0;217;unknown;weak_rule;conservative_pair_rule_v2
датчик температуры;10;5284;0.0;304;unknown;weak_rule;conservative_pair_rule_v2
состояние уир-р;рычаг норма;5187;0.0;729;normal;weak_rule;conservative_pair_rule_v2
состояние уир-р;рычаг сдернут;5187;1037.0;729;unknown;weak_rule;conservative_pair_rule_v2
газовый датчик;0.29;5020;0.0;178;unknown;weak_rule;conservative_pair_rule_v2
датчик температуры;9;4948;0.0;278;unknown;weak_rule;conservative_pair_rule_v2
газовый датчик;0.56;4522;0.0;98;unknown;weak_rule;conservative_pair_rule_v2
ибп;питание от сети;4047;0.0;76;normal;weak_rule;conservative_pair_rule_v2
датчик температуры;27;4014;0.0;192;unknown;weak_rule;conservative_pair_rule_v2
ручной извещатель;норма;3912;0.0;130;normal;weak_rule;conservative_pair_rule_v2
состояние вентилятора;неопределен;3801;0.0;296;unknown;weak_rule;conservative_pair_rule_v2
датчик температуры;8;3714;0.0;256;unknown;weak_rule;conservative_pair_rule_v2
газовый датчик;0.30;3639;0.0;175;unknown;weak_rule;conservative_pair_rule_v2
газовый датчик;0.31;3543;0.0;171;unknown;weak_rule;conservative_pair_rule_v2
ибп;питание от батарей;3460;3279.0;76;warning;weak_rule;conservative_pair_rule_v2
газовый датчик;0.55;3335;0.0;104;unknown;weak_rule;conservative_pair_rule_v2
датчик температуры;28;3130;0.0;149;unknown;weak_rule;conservative_pair_rule_v2
датчик температуры;6;2924;0.0;209;unknown;weak_rule;conservative_pair_rule_v2
газовый датчик;0.57;2781;0.0;129;unknown;weak_rule;conservative_pair_rule_v2
газовый датчик;0.44;2733;0.0;136;unknown;weak_rule;conservative_pair_rule_v2
газовый датчик;обнаружен газ;2712;1560.0;524;detection;weak_rule;conservative_pair_rule_v2
датчик температуры;7;2648;0.0;225;unknown;weak_rule;conservative_pair_rule_v2
газовый датчик;0.32;2643;0.0;162;unknown;weak_rule;conservative_pair_rule_v2
состояние насоса;неопределен;2570;0.0;154;unknown;weak_rule;conservative_pair_rule_v2
датчик температуры;29;2412;0.0;116;unknown;weak_rule;conservative_pair_rule_v2
ибп;норма;2344;0.0;78;normal;weak_rule;conservative_pair_rule_v2
датчик температуры;в норме от +3 до +40;2330;0.0;424;unknown;weak_rule;conservative_pair_rule_v2
газовый датчик;0.45;2306;0.0;141;unknown;weak_rule;conservative_pair_rule_v2
стекло;норма;2297;0.0;29;normal;weak_rule;conservative_pair_rule_v2
ручной извещатель;неопределен;2163;0.0;130;unknown;weak_rule;conservative_pair_rule_v2
ибп;неопределен;2159;0.0;78;unknown;weak_rule;conservative_pair_rule_v2
датчик температуры;5;2066;0.0;172;unknown;weak_rule;conservative_pair_rule_v2
газовый датчик;0.43;2022;0.0;131;unknown;weak_rule;conservative_pair_rule_v2
состояние охраны;устройства на объекте исправны;1992;0.0;47;normal;weak_rule;conservative_pair_rule_v2
состояние охраны;много неисправных устройств;1992;1976.0;47;fault;weak_rule;conservative_pair_rule_v2
состояние охраны;норма;1977;0.0;47;normal;weak_rule;conservative_pair_rule_v2
состояние охраны;неопределен;1968;0.0;47;unknown;weak_rule;conservative_pair_rule_v2
газовый датчик;0.33;1958;0.0;157;unknown;weak_rule;conservative_pair_rule_v2
датчик температуры;температура ниже 3ºc;1640;1509.0;199;warning;weak_rule;conservative_pair_rule_v2
газовый датчик;0.39;1586;0.0;151;unknown;weak_rule;conservative_pair_rule_v2
газовый датчик;0.35;1499;0.0;156;unknown;weak_rule;conservative_pair_rule_v2
газовый датчик;0.40;1492;0.0;159;unknown;weak_rule;conservative_pair_rule_v2
кд люк;норма;1443;0.0;55;normal;weak_rule;conservative_pair_rule_v2
газовый датчик;0.34;1433;0.0;149;unknown;weak_rule;conservative_pair_rule_v2
стекло;не замкнут;1425;1425.0;29;detection;weak_rule;conservative_pair_rule_v2
газовый датчик;0.37;1382;0.0;146;unknown;weak_rule;conservative_pair_rule_v2
газовый датчик;0.36;1375;0.0;149;unknown;weak_rule;conservative_pair_rule_v2
газовый датчик;0.54;1360;0.0;107;unknown;weak_rule;conservative_pair_rule_v2
газовый датчик;0.50;1356;0.0;240;unknown;weak_rule;conservative_pair_rule_v2
газовый датчик;0.38;1353;0.0;134;unknown;weak_rule;conservative_pair_rule_v2
газовый датчик;0.42;1335;0.0;133;unknown;weak_rule;conservative_pair_rule_v2
газовый датчик;0.41;1314;0.0;145;unknown;weak_rule;conservative_pair_rule_v2
датчик температуры;30;1276;0.0;79;unknown;weak_rule;conservative_pair_rule_v2
датчик температуры;не определено;1270;1145.0;301;unknown;weak_rule;conservative_pair_rule_v2
датчик затопления;норма;1202;0.0;25;normal;weak_rule;conservative_pair_rule_v2
газовый датчик;0.46;1145;0.0;127;unknown;weak_rule;conservative_pair_rule_v2
газовый датчик;0.84;1110;0.0;99;unknown;weak_rule;conservative_pair_rule_v2
тепловой датчик;не замкнут;1071;884.0;177;detection;weak_rule;conservative_pair_rule_v2
ручной извещатель;неисправен;1069;1060.0;74;fault;weak_rule;conservative_pair_rule_v2
датчик температуры;4;1068;0.0;154;unknown;weak_rule;conservative_pair_rule_v2
газовый датчик;0.91;1063;0.0;116;unknown;weak_rule;conservative_pair_rule_v2
газовый датчик;1.00;1054;0.0;229;unknown;weak_rule;conservative_pair_rule_v2
газовый датчик;0.85;1044;0.0;118;unknown;weak_rule;conservative_pair_rule_v2
датчик температуры;0;1015;0.0;166;unknown;weak_rule;conservative_pair_rule_v2
газовый датчик;0.89;1002;0.0;99;unknown;weak_rule;conservative_pair_rule_v2
датчик температуры;31;970;0.0;65;unknown;weak_rule;conservative_pair_rule_v2
кд люк;неопределен;918;0.0;55;unknown;weak_rule;conservative_pair_rule_v2
стекло;неопределен;872;0.0;29;unknown;weak_rule;conservative_pair_rule_v2
газовый датчик;0.78;846;0.0;120;unknown;weak_rule;conservative_pair_rule_v2
датчик температуры;-127;820;0.0;293;unknown;weak_rule;conservative_pair_rule_v2
газовый датчик;0.77;802;0.0;108;unknown;weak_rule;conservative_pair_rule_v2
датчик температуры;3;784;0.0;107;unknown;weak_rule;conservative_pair_rule_v2
газовый датчик;0.83;765;0.0;114;unknown;weak_rule;conservative_pair_rule_v2
газовый датчик;0.79;744;0.0;128;unknown;weak_rule;conservative_pair_rule_v2
газовый датчик;0.88;737;0.0;120;unknown;weak_rule;conservative_pair_rule_v2
газовый датчик;0.92;729;0.0;100;unknown;weak_rule;conservative_pair_rule_v2
газовый датчик;0.76;674;0.0;125;unknown;weak_rule;conservative_pair_rule_v2
газовый датчик;0.58;670;0.0;115;unknown;weak_rule;conservative_pair_rule_v2
ибп;батарея неисправна;613;0.0;15;fault;weak_rule;conservative_pair_rule_v2
датчик затопления;не замкнут;599;599.0;25;detection;weak_rule;conservative_pair_rule_v2
датчик затопления;неопределен;596;0.0;25;unknown;weak_rule;conservative_pair_rule_v2
газовый датчик;0.86;587;0.0;122;unknown;weak_rule;conservative_pair_rule_v2
ручной извещатель;не замкнут;579;366.0;130;detection;weak_rule;conservative_pair_rule_v2
датчик температуры;33;542;0.0;43;unknown;weak_rule;conservative_pair_rule_v2
газовый датчик;0.82;533;0.0;127;unknown;weak_rule;conservative_pair_rule_v2
датчик дыма;выключен;525;0.0;317;unknown;weak_rule;conservative_pair_rule_v2
кд люк;не замкнут;506;506.0;55;detection;weak_rule;conservative_pair_rule_v2
газовый датчик;0.80;504;0.0;116;unknown;weak_rule;conservative_pair_rule_v2
датчик температуры;32;473;0.0;45;unknown;weak_rule;conservative_pair_rule_v2
газовый датчик;0.87;473;0.0;116;unknown;weak_rule;conservative_pair_rule_v2
газовый датчик;0.93;466;0.0;99;unknown;weak_rule;conservative_pair_rule_v2
газовый датчик;0.52;441;0.0;110;unknown;weak_rule;conservative_pair_rule_v2
газовый датчик;выключен;436;0.0;402;unknown;weak_rule;conservative_pair_rule_v2
газовый датчик;0.94;426;0.0;96;unknown;weak_rule;conservative_pair_rule_v2
газовый датчик;0.81;411;0.0;92;unknown;weak_rule;conservative_pair_rule_v2
датчик температуры;2;396;0.0;84;unknown;weak_rule;conservative_pair_rule_v2
газовый датчик;0.47;393;0.0;118;unknown;weak_rule;conservative_pair_rule_v2
газовый датчик;0.75;389;0.0;113;unknown;weak_rule;conservative_pair_rule_v2
газовый датчик;1.50;378;0.0;224;unknown;weak_rule;conservative_pair_rule_v2
датчик температуры;-9;375;0.0;3;unknown;weak_rule;conservative_pair_rule_v2
газовый датчик;0.51;374;0.0;113;unknown;weak_rule;conservative_pair_rule_v2
датчик температуры;-8;373;0.0;6;unknown;weak_rule;conservative_pair_rule_v2
датчик температуры;температура выше 40ºc;367;357.0;35;warning;weak_rule;conservative_pair_rule_v2
газовый датчик;0.95;361;0.0;102;unknown;weak_rule;conservative_pair_rule_v2
датчик температуры;-7;351;0.0;2;unknown;weak_rule;conservative_pair_rule_v2
газовый датчик;0.49;329;0.0;110;unknown;weak_rule;conservative_pair_rule_v2
газовый датчик;0.59;316;0.0;104;unknown;weak_rule;conservative_pair_rule_v2
газовый датчик;0.72;312;0.0;108;unknown;weak_rule;conservative_pair_rule_v2
датчик температуры;-10;312;0.0;2;unknown;weak_rule;conservative_pair_rule_v2
газовый датчик;0.48;290;0.0;115;unknown;weak_rule;conservative_pair_rule_v2
газовый датчик;0.68;288;0.0;114;unknown;weak_rule;conservative_pair_rule_v2
газовый датчик;0.65;287;0.0;119;unknown;weak_rule;conservative_pair_rule_v2
ибп;неисправен;280;269.0;33;fault;weak_rule;conservative_pair_rule_v2
газовый датчик;0.69;270;0.0;111;unknown;weak_rule;conservative_pair_rule_v2
газовый датчик;0.71;266;0.0;112;unknown;weak_rule;conservative_pair_rule_v2
газовый датчик;1.49;262;0.0;171;unknown;weak_rule;conservative_pair_rule_v2
датчик температуры;-5;261;0.0;3;unknown;weak_rule;conservative_pair_rule_v2
датчик температуры;-6;259;0.0;2;unknown;weak_rule;conservative_pair_rule_v2
газовый датчик;0.74;258;0.0;110;unknown;weak_rule;conservative_pair_rule_v2
датчик температуры;-11;255;0.0;2;unknown;weak_rule;conservative_pair_rule_v2
газовый датчик;1.48;254;0.0;174;unknown;weak_rule;conservative_pair_rule_v2
газовый датчик;0.70;238;0.0;111;unknown;weak_rule;conservative_pair_rule_v2
газовый датчик;1.36;237;0.0;162;unknown;weak_rule;conservative_pair_rule_v2
датчик дыма;отключено устройство;237;224.0;140;fault;weak_rule;conservative_pair_rule_v2
газовый датчик;0.60;236;0.0;125;unknown;weak_rule;conservative_pair_rule_v2
газовый датчик;1.51;233;0.0;155;unknown;weak_rule;conservative_pair_rule_v2
газовый датчик;1.46;232;0.0;167;unknown;weak_rule;conservative_pair_rule_v2
газовый датчик;0.62;232;0.0;123;unknown;weak_rule;conservative_pair_rule_v2
газовый датчик;1.42;231;0.0;175;unknown;weak_rule;conservative_pair_rule_v2
газовый датчик;0.61;230;0.0;109;unknown;weak_rule;conservative_pair_rule_v2
газовый датчик;1.33;230;0.0;160;unknown;weak_rule;conservative_pair_rule_v2
датчик движения;отключено устройство;228;85.0;23;fault;weak_rule;conservative_pair_rule_v2
газовый датчик;0.63;226;0.0;121;unknown;weak_rule;conservative_pair_rule_v2
газовый датчик;1.31;225;0.0;176;unknown;weak_rule;conservative_pair_rule_v2
газовый датчик;1.47;223;0.0;163;unknown;weak_rule;conservative_pair_rule_v2
газовый датчик;1.45;223;0.0;160;unknown;weak_rule;conservative_pair_rule_v2
газовый датчик;1.40;221;0.0;162;unknown;weak_rule;conservative_pair_rule_v2
газовый датчик;0.96;220;0.0;106;unknown;weak_rule;conservative_pair_rule_v2
состояние уир-р;не замкнут;217;36.0;33;detection;weak_rule;conservative_pair_rule_v2
газовый датчик;1.26;217;0.0;150;unknown;weak_rule;conservative_pair_rule_v2
газовый датчик;1.44;217;0.0;153;unknown;weak_rule;conservative_pair_rule_v2
газовый датчик;1.41;216;0.0;154;unknown;weak_rule;conservative_pair_rule_v2
газовый датчик;0.53;216;0.0;112;unknown;weak_rule;conservative_pair_rule_v2
газовый датчик;1.39;216;0.0;155;unknown;weak_rule;conservative_pair_rule_v2
газовый датчик;1.43;214;0.0;159;unknown;weak_rule;conservative_pair_rule_v2
газовый датчик;1.38;208;0.0;146;unknown;weak_rule;conservative_pair_rule_v2
датчик температуры;-12;208;0.0;5;unknown;weak_rule;conservative_pair_rule_v2
газовый датчик;1.27;208;0.0;146;unknown;weak_rule;conservative_pair_rule_v2
газовый датчик;1.29;205;0.0;138;unknown;weak_rule;conservative_pair_rule_v2
газовый датчик;1.24;205;0.0;143;unknown;weak_rule;conservative_pair_rule_v2
датчик температуры;1;204;0.0;55;unknown;weak_rule;conservative_pair_rule_v2
газовый датчик;0.73;204;0.0;117;unknown;weak_rule;conservative_pair_rule_v2
газовый датчик;1.25;202;0.0;143;unknown;weak_rule;conservative_pair_rule_v2
газовый датчик;1.32;201;0.0;153;unknown;weak_rule;conservative_pair_rule_v2
газовый датчик;1.34;200;0.0;151;unknown;weak_rule;conservative_pair_rule_v2
газовый датчик;0.64;199;0.0;117;unknown;weak_rule;conservative_pair_rule_v2
газовый датчик;1.35;199;0.0;152;unknown;weak_rule;conservative_pair_rule_v2
газовый датчик;1.30;199;0.0;152;unknown;weak_rule;conservative_pair_rule_v2
газовый датчик;1.37;197;0.0;139;unknown;weak_rule;conservative_pair_rule_v2
газовый датчик;1.23;195;0.0;142;unknown;weak_rule;conservative_pair_rule_v2
газовый датчик;1.22;193;0.0;142;unknown;weak_rule;conservative_pair_rule_v2
ибп;5;190;0.0;27;unknown;weak_rule;conservative_pair_rule_v2
газовый датчик;1.28;189;0.0;143;unknown;weak_rule;conservative_pair_rule_v2
газовый датчик;1.21;187;0.0;138;unknown;weak_rule;conservative_pair_rule_v2
газовый датчик;1.18;186;0.0;134;unknown;weak_rule;conservative_pair_rule_v2
газовый датчик;1.20;185;0.0;137;unknown;weak_rule;conservative_pair_rule_v2
газовый датчик;1.19;185;0.0;138;unknown;weak_rule;conservative_pair_rule_v2
газовый датчик;0.67;182;0.0;122;unknown;weak_rule;conservative_pair_rule_v2
газовый датчик;1.17;181;0.0;127;unknown;weak_rule;conservative_pair_rule_v2
газовый датчик;0.66;180;0.0;111;unknown;weak_rule;conservative_pair_rule_v2
газовый датчик;1.16;179;0.0;121;unknown;weak_rule;conservative_pair_rule_v2
датчик температуры;35;177;0.0;26;unknown;weak_rule;conservative_pair_rule_v2
газовый датчик;1.14;174;0.0;120;unknown;weak_rule;conservative_pair_rule_v2
газовый датчик;1.15;173;0.0;131;unknown;weak_rule;conservative_pair_rule_v2
газовый датчик;1.09;172;0.0;137;unknown;weak_rule;conservative_pair_rule_v2
газовый датчик;1.10;170;0.0;128;unknown;weak_rule;conservative_pair_rule_v2
газовый датчик;1.11;170;0.0;131;unknown;weak_rule;conservative_pair_rule_v2
газовый датчик;1.07;168;0.0;129;unknown;weak_rule;conservative_pair_rule_v2
газовый датчик;1.06;164;0.0;128;unknown;weak_rule;conservative_pair_rule_v2
кд ав;неисправен;160;160.0;37;fault;weak_rule;conservative_pair_rule_v2
газовый датчик;1.08;160;0.0;118;unknown;weak_rule;conservative_pair_rule_v2
газовый датчик;1.13;159;0.0;118;unknown;weak_rule;conservative_pair_rule_v2
;норма;157;0.0;12;normal;weak_rule;conservative_pair_rule_v2
газовый датчик;1.05;152;0.0;122;unknown;weak_rule;conservative_pair_rule_v2
ибп;4;148;0.0;21;unknown;weak_rule;conservative_pair_rule_v2
газовый датчик;0.97;144;0.0;103;unknown;weak_rule;conservative_pair_rule_v2
датчик движения;неисправен;142;53.0;43;fault;weak_rule;conservative_pair_rule_v2
датчик дыма;не замкнут;141;12.0;1;detection;weak_rule;conservative_pair_rule_v2
газовый датчик;0.90;140;0.0;101;unknown;weak_rule;conservative_pair_rule_v2
газовый датчик;1.12;139;0.0;114;unknown;weak_rule;conservative_pair_rule_v2
газовый датчик;1.52;138;0.0;100;unknown;weak_rule;conservative_pair_rule_v2
датчик температуры;-13;138;0.0;2;unknown;weak_rule;conservative_pair_rule_v2
газовый датчик;1.53;135;0.0;103;unknown;weak_rule;conservative_pair_rule_v2
9-секционный люк;норма;134;0.0;9;normal;weak_rule;conservative_pair_rule_v2
;неопределен;134;0.0;11;unknown;weak_rule;conservative_pair_rule_v2
состояние уир-р;выключен;132;0.0;85;unknown;weak_rule;conservative_pair_rule_v2
газовый датчик;1.03;123;0.0;96;unknown;weak_rule;conservative_pair_rule_v2
газовый датчик;0.98;123;0.0;99;unknown;weak_rule;conservative_pair_rule_v2
газовый датчик;1.04;119;0.0;97;unknown;weak_rule;conservative_pair_rule_v2
датчик температуры;-3;119;0.0;7;unknown;weak_rule;conservative_pair_rule_v2
состояние насоса;отключено устройство;117;117.0;6;fault;weak_rule;conservative_pair_rule_v2
газовый датчик;0.99;109;0.0;93;unknown;weak_rule;conservative_pair_rule_v2
9-секционный люк;неопределен;102;0.0;9;unknown;weak_rule;conservative_pair_rule_v2
;питание от сети;99;0.0;4;normal;weak_rule;conservative_pair_rule_v2
газовый датчик;1.02;97;0.0;83;unknown;weak_rule;conservative_pair_rule_v2
;питание от батарей;97;90.0;4;warning;weak_rule;conservative_pair_rule_v2
газовый датчик;1.01;93;0.0;76;unknown;weak_rule;conservative_pair_rule_v2
датчик температуры;-14;93;0.0;2;unknown;weak_rule;conservative_pair_rule_v2
датчик температуры;-1;89;0.0;25;unknown;weak_rule;conservative_pair_rule_v2
кд ав;отключено устройство;85;85.0;28;fault;weak_rule;conservative_pair_rule_v2
газовый датчик;1.54;81;0.0;64;unknown;weak_rule;conservative_pair_rule_v2
датчик температуры;-4;75;0.0;5;unknown;weak_rule;conservative_pair_rule_v2
газовый датчик;1.55;74;0.0;55;unknown;weak_rule;conservative_pair_rule_v2
датчик температуры;34;67;0.0;17;unknown;weak_rule;conservative_pair_rule_v2
газовый датчик;1.56;66;0.0;55;unknown;weak_rule;conservative_pair_rule_v2
кд ав;выключен;65;0.0;39;unknown;weak_rule;conservative_pair_rule_v2
ибп;6;61;0.0;15;unknown;weak_rule;conservative_pair_rule_v2
датчик движения;выключен;57;0.0;42;unknown;weak_rule;conservative_pair_rule_v2
кд дверь;неисправен;56;9.0;23;fault;weak_rule;conservative_pair_rule_v2
датчик температуры;-2;53;0.0;7;unknown;weak_rule;conservative_pair_rule_v2
газовый датчик;1.57;51;0.0;48;unknown;weak_rule;conservative_pair_rule_v2
датчик температуры;-15;43;0.0;4;unknown;weak_rule;conservative_pair_rule_v2
датчик температуры;121;43;0.0;1;unknown;weak_rule;conservative_pair_rule_v2
датчик температуры;122;41;0.0;1;unknown;weak_rule;conservative_pair_rule_v2
датчик температуры;120;41;0.0;1;unknown;weak_rule;conservative_pair_rule_v2
датчик температуры;124;41;0.0;2;unknown;weak_rule;conservative_pair_rule_v2
датчик температуры;125;41;0.0;1;unknown;weak_rule;conservative_pair_rule_v2
датчик температуры;37;39;0.0;11;unknown;weak_rule;conservative_pair_rule_v2
датчик температуры;118;39;0.0;1;unknown;weak_rule;conservative_pair_rule_v2
датчик температуры;123;38;0.0;1;unknown;weak_rule;conservative_pair_rule_v2
датчик температуры;819;36;0.0;1;unknown;weak_rule;conservative_pair_rule_v2
датчик температуры;-54;35;0.0;4;unknown;weak_rule;conservative_pair_rule_v2
датчик температуры;-16;35;0.0;2;unknown;weak_rule;conservative_pair_rule_v2
датчик температуры;109;34;0.0;1;unknown;weak_rule;conservative_pair_rule_v2
газовый датчик;1.58;34;0.0;26;unknown;weak_rule;conservative_pair_rule_v2
датчик температуры;114;33;0.0;1;unknown;weak_rule;conservative_pair_rule_v2
газовый датчик;1.60;33;0.0;29;unknown;weak_rule;conservative_pair_rule_v2
кд дверь;выключен;32;0.0;31;unknown;weak_rule;conservative_pair_rule_v2
датчик температуры;111;32;0.0;1;unknown;weak_rule;conservative_pair_rule_v2
датчик температуры;116;32;0.0;1;unknown;weak_rule;conservative_pair_rule_v2
датчик температуры;98;32;0.0;1;unknown;weak_rule;conservative_pair_rule_v2
датчик температуры;117;32;0.0;1;unknown;weak_rule;conservative_pair_rule_v2
датчик температуры;119;31;0.0;1;unknown;weak_rule;conservative_pair_rule_v2
датчик температуры;93;31;0.0;5;unknown;weak_rule;conservative_pair_rule_v2
датчик температуры;128;31;0.0;4;unknown;weak_rule;conservative_pair_rule_v2
датчик температуры;-51;30;0.0;1;unknown;weak_rule;conservative_pair_rule_v2
датчик температуры;выключен;30;0.0;20;unknown;weak_rule;conservative_pair_rule_v2
кд дверь;отключено устройство;30;6.0;26;fault;weak_rule;conservative_pair_rule_v2
датчик температуры;104;30;0.0;1;unknown;weak_rule;conservative_pair_rule_v2
датчик температуры;-49;30;0.0;1;unknown;weak_rule;conservative_pair_rule_v2
газовый датчик;1.59;29;0.0;25;unknown;weak_rule;conservative_pair_rule_v2
датчик температуры;36;29;0.0;16;unknown;weak_rule;conservative_pair_rule_v2
ибп;батарея разряжена;28;26.0;9;fault;weak_rule;conservative_pair_rule_v2
состояние уир-р;отключено устройство;28;23.0;23;fault;weak_rule;conservative_pair_rule_v2
газовый датчик;1.61;28;0.0;23;unknown;weak_rule;conservative_pair_rule_v2
тепловой датчик;выключен;27;0.0;24;unknown;weak_rule;conservative_pair_rule_v2
датчик температуры;113;27;0.0;2;unknown;weak_rule;conservative_pair_rule_v2
датчик температуры;-46;26;0.0;1;unknown;weak_rule;conservative_pair_rule_v2
датчик температуры;87;25;0.0;1;unknown;weak_rule;conservative_pair_rule_v2
газовый датчик;1.65;25;0.0;21;unknown;weak_rule;conservative_pair_rule_v2
датчик температуры;101;25;0.0;1;unknown;weak_rule;conservative_pair_rule_v2
датчик температуры;105;24;0.0;1;unknown;weak_rule;conservative_pair_rule_v2
датчик температуры;отключено устройство;24;24.0;19;fault;weak_rule;conservative_pair_rule_v2
датчик температуры;108;24;0.0;1;unknown;weak_rule;conservative_pair_rule_v2
;не замкнут;24;19.0;7;detection;weak_rule;conservative_pair_rule_v2
газовый датчик;1.62;23;0.0;18;unknown;weak_rule;conservative_pair_rule_v2
датчик температуры;90;23;0.0;1;unknown;weak_rule;conservative_pair_rule_v2
датчик температуры;-52;23;0.0;1;unknown;weak_rule;conservative_pair_rule_v2
датчик температуры;112;23;0.0;3;unknown;weak_rule;conservative_pair_rule_v2
датчик температуры;107;23;0.0;1;unknown;weak_rule;conservative_pair_rule_v2
датчик температуры;110;23;0.0;1;unknown;weak_rule;conservative_pair_rule_v2
датчик температуры;86;23;0.0;1;unknown;weak_rule;conservative_pair_rule_v2
датчик температуры;106;23;0.0;1;unknown;weak_rule;conservative_pair_rule_v2
состояние фазы;выключен;22;0.0;18;unknown;weak_rule;conservative_pair_rule_v2
датчик температуры;103;22;0.0;2;unknown;weak_rule;conservative_pair_rule_v2
датчик температуры;99;22;0.0;1;unknown;weak_rule;conservative_pair_rule_v2
датчик температуры;-35;22;0.0;1;unknown;weak_rule;conservative_pair_rule_v2
датчик температуры;100;21;0.0;2;unknown;weak_rule;conservative_pair_rule_v2
датчик температуры;94;21;0.0;1;unknown;weak_rule;conservative_pair_rule_v2
датчик температуры;95;21;0.0;1;unknown;weak_rule;conservative_pair_rule_v2
датчик температуры;-45;21;0.0;2;unknown;weak_rule;conservative_pair_rule_v2
газовый датчик;отключено устройство;21;15.0;15;fault;weak_rule;conservative_pair_rule_v2
датчик температуры;-44;20;0.0;1;unknown;weak_rule;conservative_pair_rule_v2
датчик температуры;-53;20;0.0;1;unknown;weak_rule;conservative_pair_rule_v2
газовый датчик;1.63;20;0.0;14;unknown;weak_rule;conservative_pair_rule_v2
датчик температуры;115;19;0.0;1;unknown;weak_rule;conservative_pair_rule_v2
датчик температуры;64;19;0.0;6;unknown;weak_rule;conservative_pair_rule_v2
датчик температуры;-17;19;0.0;2;unknown;weak_rule;conservative_pair_rule_v2
датчик температуры;82;19;0.0;2;unknown;weak_rule;conservative_pair_rule_v2
датчик температуры;-43;19;0.0;2;unknown;weak_rule;conservative_pair_rule_v2
датчик температуры;-47;19;0.0;1;unknown;weak_rule;conservative_pair_rule_v2
датчик температуры;-50;19;0.0;1;unknown;weak_rule;conservative_pair_rule_v2
датчик температуры;97;19;0.0;1;unknown;weak_rule;conservative_pair_rule_v2
датчик температуры;102;19;0.0;1;unknown;weak_rule;conservative_pair_rule_v2
датчик температуры;73;18;0.0;1;unknown;weak_rule;conservative_pair_rule_v2
датчик температуры;-48;18;0.0;1;unknown;weak_rule;conservative_pair_rule_v2
датчик температуры;84;18;0.0;2;unknown;weak_rule;conservative_pair_rule_v2
состояние охраны;выключен;18;0.0;9;unknown;weak_rule;conservative_pair_rule_v2
датчик температуры;96;18;0.0;2;unknown;weak_rule;conservative_pair_rule_v2
датчик температуры;91;18;0.0;1;unknown;weak_rule;conservative_pair_rule_v2
ибп;7;17;0.0;7;unknown;weak_rule;conservative_pair_rule_v2
датчик температуры;-38;17;0.0;1;unknown;weak_rule;conservative_pair_rule_v2
датчик температуры;-31;17;0.0;4;unknown;weak_rule;conservative_pair_rule_v2
датчик температуры;-39;17;0.0;1;unknown;weak_rule;conservative_pair_rule_v2
датчик температуры;89;16;0.0;1;unknown;weak_rule;conservative_pair_rule_v2
датчик температуры;39;16;0.0;8;unknown;weak_rule;conservative_pair_rule_v2
датчик температуры;80;16;0.0;2;unknown;weak_rule;conservative_pair_rule_v2
датчик температуры;-26;15;0.0;2;unknown;weak_rule;conservative_pair_rule_v2
датчик температуры;-18;15;0.0;2;unknown;weak_rule;conservative_pair_rule_v2
9-секционный люк;не замкнут;15;15.0;9;detection;weak_rule;conservative_pair_rule_v2
кд люк;неисправен;15;15.0;4;fault;weak_rule;conservative_pair_rule_v2
датчик температуры;-37;15;0.0;1;unknown;weak_rule;conservative_pair_rule_v2
датчик температуры;92;15;0.0;2;unknown;weak_rule;conservative_pair_rule_v2
датчик температуры;-41;15;0.0;2;unknown;weak_rule;conservative_pair_rule_v2
датчик температуры;88;15;0.0;1;unknown;weak_rule;conservative_pair_rule_v2
датчик температуры;-25;15;0.0;2;unknown;weak_rule;conservative_pair_rule_v2
газовый датчик;1.91;14;0.0;11;unknown;weak_rule;conservative_pair_rule_v2
датчик температуры;-36;14;0.0;1;unknown;weak_rule;conservative_pair_rule_v2
датчик температуры;72;14;0.0;1;unknown;weak_rule;conservative_pair_rule_v2
датчик температуры;-34;14;0.0;2;unknown;weak_rule;conservative_pair_rule_v2
датчик температуры;-42;14;0.0;2;unknown;weak_rule;conservative_pair_rule_v2
состояние уир-р;неисправен;14;13.0;11;fault;weak_rule;conservative_pair_rule_v2
датчик температуры;83;13;0.0;2;unknown;weak_rule;conservative_pair_rule_v2
датчик температуры;77;13;0.0;1;unknown;weak_rule;conservative_pair_rule_v2
датчик температуры;-19;13;0.0;2;unknown;weak_rule;conservative_pair_rule_v2
датчик температуры;-29;13;0.0;2;unknown;weak_rule;conservative_pair_rule_v2
датчик температуры;-28;13;0.0;1;unknown;weak_rule;conservative_pair_rule_v2
датчик температуры;-27;13;0.0;2;unknown;weak_rule;conservative_pair_rule_v2
датчик температуры;70;12;0.0;2;unknown;weak_rule;conservative_pair_rule_v2
датчик температуры;71;12;0.0;2;unknown;weak_rule;conservative_pair_rule_v2
газовый датчик;1.66;12;0.0;11;unknown;weak_rule;conservative_pair_rule_v2
газовый датчик;1.64;12;0.0;11;unknown;weak_rule;conservative_pair_rule_v2
ибп;выключен;12;0.0;8;unknown;weak_rule;conservative_pair_rule_v2
датчик температуры;62;12;0.0;1;unknown;weak_rule;conservative_pair_rule_v2
датчик температуры;-33;12;0.0;1;unknown;weak_rule;conservative_pair_rule_v2
датчик температуры;78;12;0.0;2;unknown;weak_rule;conservative_pair_rule_v2
датчик температуры;50;11;0.0;7;unknown;weak_rule;conservative_pair_rule_v2
датчик температуры;-30;11;0.0;1;unknown;weak_rule;conservative_pair_rule_v2
датчик температуры;-20;11;0.0;2;unknown;weak_rule;conservative_pair_rule_v2
датчик температуры;38;11;0.0;5;unknown;weak_rule;conservative_pair_rule_v2
датчик температуры;-32;11;0.0;1;unknown;weak_rule;conservative_pair_rule_v2
датчик температуры;-23;11;0.0;3;unknown;weak_rule;conservative_pair_rule_v2
датчик температуры;-21;11;0.0;2;unknown;weak_rule;conservative_pair_rule_v2
датчик температуры;66;10;0.0;3;unknown;weak_rule;conservative_pair_rule_v2
датчик температуры;54;10;0.0;2;unknown;weak_rule;conservative_pair_rule_v2
датчик температуры;68;10;0.0;1;unknown;weak_rule;conservative_pair_rule_v2
;неисправен;10;10.0;2;fault;weak_rule;conservative_pair_rule_v2
состояние вентилятора;отключено устройство;10;10.0;7;fault;weak_rule;conservative_pair_rule_v2
газовый датчик;1.69;10;0.0;8;unknown;weak_rule;conservative_pair_rule_v2
датчик температуры;-40;10;0.0;1;unknown;weak_rule;conservative_pair_rule_v2
датчик температуры;47;10;0.0;6;unknown;weak_rule;conservative_pair_rule_v2
датчик температуры;76;10;0.0;2;unknown;weak_rule;conservative_pair_rule_v2
состояние фазы;отключено устройство;10;10.0;8;fault;weak_rule;conservative_pair_rule_v2
датчик температуры;65;10;0.0;1;unknown;weak_rule;conservative_pair_rule_v2
датчик температуры;58;10;0.0;1;unknown;weak_rule;conservative_pair_rule_v2
датчик температуры;81;10;0.0;1;unknown;weak_rule;conservative_pair_rule_v2
газовый датчик;1.68;10;0.0;8;unknown;weak_rule;conservative_pair_rule_v2
датчик температуры;61;9;0.0;2;unknown;weak_rule;conservative_pair_rule_v2
газовый датчик;1.71;9;0.0;7;unknown;weak_rule;conservative_pair_rule_v2
датчик температуры;67;9;0.0;1;unknown;weak_rule;conservative_pair_rule_v2
датчик температуры;46;9;0.0;1;unknown;weak_rule;conservative_pair_rule_v2
датчик температуры;40;9;0.0;3;unknown;weak_rule;conservative_pair_rule_v2
датчик температуры;43;9;0.0;4;unknown;weak_rule;conservative_pair_rule_v2
датчик температуры;74;9;0.0;1;unknown;weak_rule;conservative_pair_rule_v2
датчик температуры;60;9;0.0;1;unknown;weak_rule;conservative_pair_rule_v2
датчик температуры;-24;9;0.0;3;unknown;weak_rule;conservative_pair_rule_v2
датчик температуры;75;9;0.0;2;unknown;weak_rule;conservative_pair_rule_v2
9-секционный люк;неисправен;9;9.0;9;fault;weak_rule;conservative_pair_rule_v2
газовый датчик;1.67;8;0.0;8;unknown;weak_rule;conservative_pair_rule_v2
датчик температуры;79;8;0.0;2;unknown;weak_rule;conservative_pair_rule_v2
датчик температуры;45;8;0.0;4;unknown;weak_rule;conservative_pair_rule_v2
датчик температуры;59;8;0.0;2;unknown;weak_rule;conservative_pair_rule_v2
газовый датчик;1.76;7;0.0;5;unknown;weak_rule;conservative_pair_rule_v2
газовый датчик;1.79;7;0.0;7;unknown;weak_rule;conservative_pair_rule_v2
датчик температуры;69;7;0.0;1;unknown;weak_rule;conservative_pair_rule_v2
датчик температуры;41;7;0.0;5;unknown;weak_rule;conservative_pair_rule_v2
газовый датчик;1.83;7;0.0;3;unknown;weak_rule;conservative_pair_rule_v2
датчик температуры;63;7;0.0;1;unknown;weak_rule;conservative_pair_rule_v2
ибп;9;6;0.0;2;unknown;weak_rule;conservative_pair_rule_v2
газовый датчик;1.81;6;0.0;5;unknown;weak_rule;conservative_pair_rule_v2
датчик температуры;56;6;0.0;1;unknown;weak_rule;conservative_pair_rule_v2
ибп;8;6;0.0;3;unknown;weak_rule;conservative_pair_rule_v2
газовый датчик;1.78;6;0.0;3;unknown;weak_rule;conservative_pair_rule_v2
датчик температуры;57;6;0.0;1;unknown;weak_rule;conservative_pair_rule_v2
газовый датчик;1.70;6;0.0;5;unknown;weak_rule;conservative_pair_rule_v2
датчик температуры;52;6;0.0;1;unknown;weak_rule;conservative_pair_rule_v2
газовый датчик;1.77;5;0.0;5;unknown;weak_rule;conservative_pair_rule_v2
газовый датчик;1.75;5;0.0;3;unknown;weak_rule;conservative_pair_rule_v2
тепловой датчик;неисправен;5;0.0;1;fault;weak_rule;conservative_pair_rule_v2
датчик температуры;51;5;0.0;1;unknown;weak_rule;conservative_pair_rule_v2
датчик температуры;-22;5;0.0;1;unknown;weak_rule;conservative_pair_rule_v2
датчик температуры;53;5;0.0;2;unknown;weak_rule;conservative_pair_rule_v2
датчик температуры;42;5;0.0;2;unknown;weak_rule;conservative_pair_rule_v2
газовый датчик;1.89;4;0.0;4;unknown;weak_rule;conservative_pair_rule_v2
газовый датчик;42.71;4;0.0;1;unknown;weak_rule;conservative_pair_rule_v2
газовый датчик;1.74;4;0.0;4;unknown;weak_rule;conservative_pair_rule_v2
тепловой датчик;отключено устройство;4;4.0;4;fault;weak_rule;conservative_pair_rule_v2
;батарея неисправна;4;0.0;1;fault;weak_rule;conservative_pair_rule_v2
ибп;отключено устройство;4;4.0;3;fault;weak_rule;conservative_pair_rule_v2
состояние охраны;16.04.2025 00:31:10;4;0.0;4;unknown;weak_rule;conservative_pair_rule_v2
датчик температуры;55;4;0.0;1;unknown;weak_rule;conservative_pair_rule_v2
газовый датчик;1.99;4;0.0;4;unknown;weak_rule;conservative_pair_rule_v2
датчик температуры;44;4;0.0;2;unknown;weak_rule;conservative_pair_rule_v2
газовый датчик;17.02;4;0.0;1;unknown;weak_rule;conservative_pair_rule_v2
датчик затопления;неисправен;4;4.0;1;fault;weak_rule;conservative_pair_rule_v2
газовый датчик;1.97;4;0.0;3;unknown;weak_rule;conservative_pair_rule_v2
газовый датчик;36.55;4;0.0;1;unknown;weak_rule;conservative_pair_rule_v2
газовый датчик;46.24;4;0.0;1;unknown;weak_rule;conservative_pair_rule_v2
газовый датчик;46.54;4;0.0;1;unknown;weak_rule;conservative_pair_rule_v2
кд люк;отключено устройство;4;4.0;4;fault;weak_rule;conservative_pair_rule_v2
ибп;10;4;0.0;1;unknown;weak_rule;conservative_pair_rule_v2
9-секционный люк;выключен;4;0.0;3;unknown;weak_rule;conservative_pair_rule_v2
состояние охраны;11.12.2025 10:25:15;4;0.0;4;unknown;weak_rule;conservative_pair_rule_v2
газовый датчик;37.97;3;0.0;1;unknown;weak_rule;conservative_pair_rule_v2
газовый датчик;39.09;3;0.0;1;unknown;weak_rule;conservative_pair_rule_v2
газовый датчик;2.01;3;0.0;2;unknown;weak_rule;conservative_pair_rule_v2
газовый датчик;34.66;3;0.0;1;unknown;weak_rule;conservative_pair_rule_v2
газовый датчик;43.56;3;0.0;1;unknown;weak_rule;conservative_pair_rule_v2
датчик температуры;48;3;0.0;2;unknown;weak_rule;conservative_pair_rule_v2
газовый датчик;1.84;3;0.0;3;unknown;weak_rule;conservative_pair_rule_v2
газовый датчик;1.98;3;0.0;2;unknown;weak_rule;conservative_pair_rule_v2
датчик температуры;999;3;0.0;2;unknown;weak_rule;conservative_pair_rule_v2
ибп;100;3;0.0;2;unknown;weak_rule;conservative_pair_rule_v2
газовый датчик;43.90;3;0.0;1;unknown;weak_rule;conservative_pair_rule_v2
состояние охраны;06.03.2025 05:49:47;3;0.0;1;unknown;weak_rule;conservative_pair_rule_v2
газовый датчик;1.73;3;0.0;3;unknown;weak_rule;conservative_pair_rule_v2
состояние охраны;03.10.2025 09:47:22;3;0.0;3;unknown;weak_rule;conservative_pair_rule_v2
переключатель;отключено устройство;3;3.0;3;fault;weak_rule;conservative_pair_rule_v2
ручной извещатель;отключено устройство;3;3.0;3;fault;weak_rule;conservative_pair_rule_v2
газовый датчик;1.95;3;0.0;3;unknown;weak_rule;conservative_pair_rule_v2
газовый датчик;34.62;3;0.0;1;unknown;weak_rule;conservative_pair_rule_v2
газовый датчик;41.68;3;0.0;1;unknown;weak_rule;conservative_pair_rule_v2
газовый датчик;43.21;3;0.0;1;unknown;weak_rule;conservative_pair_rule_v2
газовый датчик;45.32;3;0.0;1;unknown;weak_rule;conservative_pair_rule_v2
состояние охраны;01.06.2025 01:10:26;3;0.0;1;unknown;weak_rule;conservative_pair_rule_v2
газовый датчик;1.72;3;0.0;3;unknown;weak_rule;conservative_pair_rule_v2
газовый датчик;1.93;3;0.0;2;unknown;weak_rule;conservative_pair_rule_v2
ибп;3;3;0.0;2;unknown;weak_rule;conservative_pair_rule_v2
газовый датчик;9.46;2;0.0;1;unknown;weak_rule;conservative_pair_rule_v2
газовый датчик;10.01;2;0.0;1;unknown;weak_rule;conservative_pair_rule_v2
газовый датчик;12.92;2;0.0;1;unknown;weak_rule;conservative_pair_rule_v2
газовый датчик;21.12;2;0.0;1;unknown;weak_rule;conservative_pair_rule_v2
газовый датчик;23.20;2;0.0;1;unknown;weak_rule;conservative_pair_rule_v2
газовый датчик;27.52;2;0.0;1;unknown;weak_rule;conservative_pair_rule_v2
газовый датчик;33.05;2;0.0;1;unknown;weak_rule;conservative_pair_rule_v2
газовый датчик;32.49;2;0.0;1;unknown;weak_rule;conservative_pair_rule_v2
газовый датчик;32.28;2;0.0;1;unknown;weak_rule;conservative_pair_rule_v2
газовый датчик;38.34;2;0.0;1;unknown;weak_rule;conservative_pair_rule_v2
газовый датчик;35.51;2;0.0;1;unknown;weak_rule;conservative_pair_rule_v2
газовый датчик;34.71;2;0.0;1;unknown;weak_rule;conservative_pair_rule_v2
газовый датчик;42.22;2;0.0;1;unknown;weak_rule;conservative_pair_rule_v2
газовый датчик;36.05;2;0.0;1;unknown;weak_rule;conservative_pair_rule_v2
газовый датчик;47.68;2;0.0;1;unknown;weak_rule;conservative_pair_rule_v2
газовый датчик;46.34;2;0.0;1;unknown;weak_rule;conservative_pair_rule_v2
газовый датчик;42.96;2;0.0;1;unknown;weak_rule;conservative_pair_rule_v2
газовый датчик;49.10;2;0.0;1;unknown;weak_rule;conservative_pair_rule_v2
газовый датчик;48.79;2;0.0;1;unknown;weak_rule;conservative_pair_rule_v2
газовый датчик;45.37;2;0.0;1;unknown;weak_rule;conservative_pair_rule_v2
газовый датчик;44.81;2;0.0;1;unknown;weak_rule;conservative_pair_rule_v2
датчик температуры;49;2;0.0;1;unknown;weak_rule;conservative_pair_rule_v2
состояние охраны;07.02.2025 08:37:45;2;0.0;2;unknown;weak_rule;conservative_pair_rule_v2
состояние охраны;31.05.2025 01:15:38;2;0.0;1;unknown;weak_rule;conservative_pair_rule_v2
газовый датчик;1.90;2;0.0;2;unknown;weak_rule;conservative_pair_rule_v2
состояние охраны;17.04.2025 06:59:24;2;0.0;1;unknown;weak_rule;conservative_pair_rule_v2
состояние охраны;31.12.2024 15:07:53;2;0.0;1;unknown;weak_rule;conservative_pair_rule_v2
газовый датчик;2.05;2;0.0;2;unknown;weak_rule;conservative_pair_rule_v2
газовый датчик;5.82;2;0.0;1;unknown;weak_rule;conservative_pair_rule_v2
газовый датчик;22.82;2;0.0;1;unknown;weak_rule;conservative_pair_rule_v2
газовый датчик;19.00;2;0.0;1;unknown;weak_rule;conservative_pair_rule_v2
газовый датчик;19.06;2;0.0;1;unknown;weak_rule;conservative_pair_rule_v2
газовый датчик;19.72;2;0.0;1;unknown;weak_rule;conservative_pair_rule_v2
газовый датчик;23.70;2;0.0;1;unknown;weak_rule;conservative_pair_rule_v2
газовый датчик;24.23;2;0.0;1;unknown;weak_rule;conservative_pair_rule_v2
газовый датчик;25.00;2;0.0;1;unknown;weak_rule;conservative_pair_rule_v2
газовый датчик;36.18;2;0.0;1;unknown;weak_rule;conservative_pair_rule_v2
газовый датчик;40.71;2;0.0;1;unknown;weak_rule;conservative_pair_rule_v2
газовый датчик;31.52;2;0.0;1;unknown;weak_rule;conservative_pair_rule_v2
газовый датчик;41.15;2;0.0;1;unknown;weak_rule;conservative_pair_rule_v2
газовый датчик;36.77;2;0.0;1;unknown;weak_rule;conservative_pair_rule_v2
газовый датчик;36.82;2;0.0;1;unknown;weak_rule;conservative_pair_rule_v2
газовый датчик;42.66;2;0.0;1;unknown;weak_rule;conservative_pair_rule_v2
газовый датчик;41.83;2;0.0;1;unknown;weak_rule;conservative_pair_rule_v2
газовый датчик;48.00;2;0.0;1;unknown;weak_rule;conservative_pair_rule_v2
газовый датчик;48.63;2;0.0;1;unknown;weak_rule;conservative_pair_rule_v2
газовый датчик;43.61;2;0.0;1;unknown;weak_rule;conservative_pair_rule_v2
газовый датчик;41.10;2;0.0;1;unknown;weak_rule;conservative_pair_rule_v2
газовый датчик;37.09;2;0.0;1;unknown;weak_rule;conservative_pair_rule_v2
газовый датчик;43.85;2;0.0;1;unknown;weak_rule;conservative_pair_rule_v2
состояние охраны;01.06.2025 01:24:11;2;0.0;1;unknown;weak_rule;conservative_pair_rule_v2
состояние охраны;17.02.2025 09:28:27;2;0.0;2;unknown;weak_rule;conservative_pair_rule_v2
состояние охраны;04.03.2025 12:07:19;2;0.0;1;unknown;weak_rule;conservative_pair_rule_v2
газовый датчик;5.05;2;0.0;2;unknown;weak_rule;conservative_pair_rule_v2
состояние охраны;28.01.2025 11:06:51;2;0.0;1;unknown;weak_rule;conservative_pair_rule_v2
газовый датчик;327.68;2;0.0;2;unknown;weak_rule;conservative_pair_rule_v2
газовый датчик;1.86;2;0.0;2;unknown;weak_rule;conservative_pair_rule_v2
состояние охраны;23.09.2025 16:24:21;2;0.0;2;unknown;weak_rule;conservative_pair_rule_v2
состояние охраны;08.12.2025 07:46:41;2;0.0;1;unknown;weak_rule;conservative_pair_rule_v2
состояние охраны;07.11.2024 08:12:47;2;0.0;1;unknown;weak_rule;conservative_pair_rule_v2
состояние охраны;11.12.2025 07:52:02;2;0.0;2;unknown;weak_rule;conservative_pair_rule_v2
состояние охраны;30.12.2025 14:05:53;2;0.0;2;unknown;weak_rule;conservative_pair_rule_v2
датчик температуры;-3260;2;0.0;1;unknown;weak_rule;conservative_pair_rule_v2
газовый датчик;2.10;2;0.0;2;unknown;weak_rule;conservative_pair_rule_v2
газовый датчик;15.53;2;0.0;1;unknown;weak_rule;conservative_pair_rule_v2
газовый датчик;18.96;2;0.0;1;unknown;weak_rule;conservative_pair_rule_v2
газовый датчик;25.46;2;0.0;1;unknown;weak_rule;conservative_pair_rule_v2
газовый датчик;24.52;2;0.0;1;unknown;weak_rule;conservative_pair_rule_v2
газовый датчик;32.15;2;0.0;1;unknown;weak_rule;conservative_pair_rule_v2
газовый датчик;35.33;2;0.0;1;unknown;weak_rule;conservative_pair_rule_v2
газовый датчик;33.35;2;0.0;1;unknown;weak_rule;conservative_pair_rule_v2
газовый датчик;34.40;2;0.0;1;unknown;weak_rule;conservative_pair_rule_v2
газовый датчик;40.23;2;0.0;1;unknown;weak_rule;conservative_pair_rule_v2
газовый датчик;35.24;2;0.0;1;unknown;weak_rule;conservative_pair_rule_v2
газовый датчик;46.13;2;0.0;1;unknown;weak_rule;conservative_pair_rule_v2
газовый датчик;37.46;2;0.0;1;unknown;weak_rule;conservative_pair_rule_v2
газовый датчик;45.42;2;0.0;1;unknown;weak_rule;conservative_pair_rule_v2
газовый датчик;51.83;2;0.0;1;unknown;weak_rule;conservative_pair_rule_v2
газовый датчик;48.26;2;0.0;1;unknown;weak_rule;conservative_pair_rule_v2
газовый датчик;44.46;2;0.0;1;unknown;weak_rule;conservative_pair_rule_v2
газовый датчик;38.02;2;0.0;1;unknown;weak_rule;conservative_pair_rule_v2
состояние охраны;26.02.2025 15:56:10;2;0.0;2;unknown;weak_rule;conservative_pair_rule_v2
состояние охраны;05.09.2025 16:40:49;2;0.0;2;unknown;weak_rule;conservative_pair_rule_v2
датчик затопления;выключен;2;0.0;2;unknown;weak_rule;conservative_pair_rule_v2
;отключено устройство;2;1.0;2;fault;weak_rule;conservative_pair_rule_v2
;батарея разряжена;2;2.0;1;fault;weak_rule;conservative_pair_rule_v2
состояние охраны;06.03.2025 08:02:07;2;0.0;1;unknown;weak_rule;conservative_pair_rule_v2
состояние охраны;06.03.2025 08:02:09;2;0.0;1;unknown;weak_rule;conservative_pair_rule_v2
газовый датчик;1.96;2;0.0;2;unknown;weak_rule;conservative_pair_rule_v2
состояние охраны;17.04.2025 07:44:50;2;0.0;1;unknown;weak_rule;conservative_pair_rule_v2
ибп;0;2;0.0;2;unknown;weak_rule;conservative_pair_rule_v2
газовый датчик;11.15;2;0.0;1;unknown;weak_rule;conservative_pair_rule_v2
газовый датчик;11.74;2;0.0;1;unknown;weak_rule;conservative_pair_rule_v2
газовый датчик;14.88;2;0.0;1;unknown;weak_rule;conservative_pair_rule_v2
газовый датчик;9.58;2;0.0;2;unknown;weak_rule;conservative_pair_rule_v2
газовый датчик;13.21;2;0.0;1;unknown;weak_rule;conservative_pair_rule_v2
газовый датчик;23.94;2;0.0;1;unknown;weak_rule;conservative_pair_rule_v2
газовый датчик;27.18;2;0.0;1;unknown;weak_rule;conservative_pair_rule_v2
газовый датчик;24.05;2;0.0;1;unknown;weak_rule;conservative_pair_rule_v2
газовый датчик;24.92;2;0.0;1;unknown;weak_rule;conservative_pair_rule_v2
газовый датчик;25.77;2;0.0;1;unknown;weak_rule;conservative_pair_rule_v2
газовый датчик;32.20;2;0.0;1;unknown;weak_rule;conservative_pair_rule_v2
газовый датчик;32.62;2;0.0;1;unknown;weak_rule;conservative_pair_rule_v2
газовый датчик;35.96;2;0.0;1;unknown;weak_rule;conservative_pair_rule_v2
газовый датчик;41.73;2;0.0;1;unknown;weak_rule;conservative_pair_rule_v2
газовый датчик;47.37;2;0.0;1;unknown;weak_rule;conservative_pair_rule_v2
газовый датчик;47.53;2;0.0;1;unknown;weak_rule;conservative_pair_rule_v2
газовый датчик;44.16;2;0.0;1;unknown;weak_rule;conservative_pair_rule_v2
газовый датчик;38.39;2;0.0;1;unknown;weak_rule;conservative_pair_rule_v2
газовый датчик;50.32;2;0.0;1;unknown;weak_rule;conservative_pair_rule_v2
газовый датчик;47.89;2;0.0;1;unknown;weak_rule;conservative_pair_rule_v2
состояние охраны;13.04.2025 08:01:09;2;0.0;2;unknown;weak_rule;conservative_pair_rule_v2
газовый датчик;1.80;2;0.0;1;unknown;weak_rule;conservative_pair_rule_v2
состояние охраны;01.12.2025 07:19:09;2;0.0;1;unknown;weak_rule;conservative_pair_rule_v2
газовый датчик;1.87;2;0.0;2;unknown;weak_rule;conservative_pair_rule_v2
состояние охраны;27.10.2025 07:50:39;2;0.0;1;unknown;weak_rule;conservative_pair_rule_v2
состояние охраны;06.03.2025 08:15:04;2;0.0;1;unknown;weak_rule;conservative_pair_rule_v2
газовый датчик;2.25;2;0.0;2;unknown;weak_rule;conservative_pair_rule_v2
состояние охраны;18.02.2025 10:18:33;2;0.0;1;unknown;weak_rule;conservative_pair_rule_v2
состояние охраны;10.02.2025 13:10:36;2;0.0;1;unknown;weak_rule;conservative_pair_rule_v2
состояние охраны;17.04.2025 07:44:52;2;0.0;1;unknown;weak_rule;conservative_pair_rule_v2
состояние охраны;27.05.2025 15:01:49;2;0.0;1;unknown;weak_rule;conservative_pair_rule_v2
газовый датчик;2.18;2;0.0;2;unknown;weak_rule;conservative_pair_rule_v2
состояние охраны;27.10.2025 08:02:19;2;0.0;2;unknown;weak_rule;conservative_pair_rule_v2
состояние охраны;07.11.2024 14:14:59;2;0.0;1;unknown;weak_rule;conservative_pair_rule_v2
состояние охраны;22.10.2025 08:01:59;2;0.0;2;unknown;weak_rule;conservative_pair_rule_v2
состояние охраны;01.12.2025 08:10:43;2;0.0;1;unknown;weak_rule;conservative_pair_rule_v2
состояние охраны;02.01.2025 13:11:06;1;0.0;1;unknown;weak_rule;conservative_pair_rule_v2
состояние охраны;02.01.2025 09:22:27;1;0.0;1;unknown;weak_rule;conservative_pair_rule_v2
состояние охраны;02.01.2025 14:03:22;1;0.0;1;unknown;weak_rule;conservative_pair_rule_v2
состояние охраны;02.01.2025 20:00:23;1;0.0;1;unknown;weak_rule;conservative_pair_rule_v2
состояние охраны;02.01.2025 22:06:52;1;0.0;1;unknown;weak_rule;conservative_pair_rule_v2
состояние охраны;03.01.2025 09:06:55;1;0.0;1;unknown;weak_rule;conservative_pair_rule_v2
состояние охраны;03.01.2025 09:33:42;1;0.0;1;unknown;weak_rule;conservative_pair_rule_v2
состояние охраны;10.01.2025 07:09:52;1;0.0;1;unknown;weak_rule;conservative_pair_rule_v2
состояние охраны;10.01.2025 09:01:13;1;0.0;1;unknown;weak_rule;conservative_pair_rule_v2
состояние охраны;10.01.2025 15:09:37;1;0.0;1;unknown;weak_rule;conservative_pair_rule_v2
состояние охраны;10.01.2025 15:09:52;1;0.0;1;unknown;weak_rule;conservative_pair_rule_v2
состояние охраны;10.01.2025 15:09:58;1;0.0;1;unknown;weak_rule;conservative_pair_rule_v2
состояние охраны;10.01.2025 15:21:17;1;0.0;1;unknown;weak_rule;conservative_pair_rule_v2
состояние охраны;10.01.2025 15:46:43;1;0.0;1;unknown;weak_rule;conservative_pair_rule_v2
состояние охраны;10.01.2025 17:00:23;1;0.0;1;unknown;weak_rule;conservative_pair_rule_v2
состояние охраны;10.01.2025 18:12:09;1;0.0;1;unknown;weak_rule;conservative_pair_rule_v2
состояние охраны;10.01.2025 22:02:41;1;0.0;1;unknown;weak_rule;conservative_pair_rule_v2
состояние охраны;14.01.2025 07:10:42;1;0.0;1;unknown;weak_rule;conservative_pair_rule_v2
состояние охраны;14.01.2025 08:24:14;1;0.0;1;unknown;weak_rule;conservative_pair_rule_v2
состояние охраны;14.01.2025 09:45:07;1;0.0;1;unknown;weak_rule;conservative_pair_rule_v2
состояние охраны;17.01.2025 23:53:42;1;0.0;1;unknown;weak_rule;conservative_pair_rule_v2
состояние охраны;18.01.2025 04:24:40;1;0.0;1;unknown;weak_rule;conservative_pair_rule_v2
состояние охраны;18.01.2025 07:49:50;1;0.0;1;unknown;weak_rule;conservative_pair_rule_v2
состояние охраны;18.01.2025 09:02:11;1;0.0;1;unknown;weak_rule;conservative_pair_rule_v2
состояние охраны;18.01.2025 19:56:23;1;0.0;1;unknown;weak_rule;conservative_pair_rule_v2
состояние охраны;23.01.2025 07:54:25;1;0.0;1;unknown;weak_rule;conservative_pair_rule_v2
состояние охраны;23.01.2025 09:03:24;1;0.0;1;unknown;weak_rule;conservative_pair_rule_v2
состояние охраны;23.01.2025 09:19:21;1;0.0;1;unknown;weak_rule;conservative_pair_rule_v2
состояние охраны;23.01.2025 09:30:25;1;0.0;1;unknown;weak_rule;conservative_pair_rule_v2
состояние охраны;24.01.2025 19:59:22;1;0.0;1;unknown;weak_rule;conservative_pair_rule_v2
состояние охраны;30.01.2025 17:54:31;1;0.0;1;unknown;weak_rule;conservative_pair_rule_v2
состояние охраны;31.01.2025 07:16:13;1;0.0;1;unknown;weak_rule;conservative_pair_rule_v2
состояние охраны;31.01.2025 07:34:21;1;0.0;1;unknown;weak_rule;conservative_pair_rule_v2
состояние охраны;31.01.2025 08:30:20;1;0.0;1;unknown;weak_rule;conservative_pair_rule_v2
состояние охраны;31.01.2025 08:41:16;1;0.0;1;unknown;weak_rule;conservative_pair_rule_v2
состояние охраны;31.01.2025 09:12:20;1;0.0;1;unknown;weak_rule;conservative_pair_rule_v2
состояние охраны;05.02.2025 01:44:42;1;0.0;1;unknown;weak_rule;conservative_pair_rule_v2
состояние охраны;05.02.2025 03:39:35;1;0.0;1;unknown;weak_rule;conservative_pair_rule_v2
состояние охраны;05.02.2025 07:51:51;1;0.0;1;unknown;weak_rule;conservative_pair_rule_v2
состояние охраны;05.02.2025 17:02:43;1;0.0;1;unknown;weak_rule;conservative_pair_rule_v2
состояние охраны;05.02.2025 22:36:42;1;0.0;1;unknown;weak_rule;conservative_pair_rule_v2
состояние охраны;09.02.2025 18:41:25;1;0.0;1;unknown;weak_rule;conservative_pair_rule_v2
состояние охраны;09.02.2025 20:03:29;1;0.0;1;unknown;weak_rule;conservative_pair_rule_v2
состояние охраны;09.02.2025 20:51:06;1;0.0;1;unknown;weak_rule;conservative_pair_rule_v2
состояние охраны;10.02.2025 07:55:32;1;0.0;1;unknown;weak_rule;conservative_pair_rule_v2
состояние охраны;10.02.2025 08:41:11;1;0.0;1;unknown;weak_rule;conservative_pair_rule_v2
состояние охраны;10.02.2025 08:44:16;1;0.0;1;unknown;weak_rule;conservative_pair_rule_v2
состояние охраны;10.02.2025 08:53:42;1;0.0;1;unknown;weak_rule;conservative_pair_rule_v2
состояние охраны;11.02.2025 12:12:28;1;0.0;1;unknown;weak_rule;conservative_pair_rule_v2
состояние охраны;11.02.2025 13:56:08;1;0.0;1;unknown;weak_rule;conservative_pair_rule_v2
состояние охраны;11.02.2025 16:25:52;1;0.0;1;unknown;weak_rule;conservative_pair_rule_v2
состояние охраны;11.02.2025 16:26:06;1;0.0;1;unknown;weak_rule;conservative_pair_rule_v2
состояние охраны;11.02.2025 20:01:32;1;0.0;1;unknown;weak_rule;conservative_pair_rule_v2
состояние охраны;12.02.2025 07:49:42;1;0.0;1;unknown;weak_rule;conservative_pair_rule_v2
состояние охраны;12.02.2025 08:35:51;1;0.0;1;unknown;weak_rule;conservative_pair_rule_v2
состояние охраны;12.02.2025 08:39:02;1;0.0;1;unknown;weak_rule;conservative_pair_rule_v2
состояние охраны;14.02.2025 12:32:12;1;0.0;1;unknown;weak_rule;conservative_pair_rule_v2
состояние охраны;14.02.2025 16:59:11;1;0.0;1;unknown;weak_rule;conservative_pair_rule_v2
состояние охраны;15.02.2025 09:37:31;1;0.0;1;unknown;weak_rule;conservative_pair_rule_v2
состояние охраны;15.02.2025 16:45:09;1;0.0;1;unknown;weak_rule;conservative_pair_rule_v2
состояние охраны;21.02.2025 12:02:54;1;0.0;1;unknown;weak_rule;conservative_pair_rule_v2
состояние охраны;21.02.2025 13:24:21;1;0.0;1;unknown;weak_rule;conservative_pair_rule_v2
состояние охраны;21.02.2025 17:04:11;1;0.0;1;unknown;weak_rule;conservative_pair_rule_v2
состояние охраны;21.02.2025 20:04:14;1;0.0;1;unknown;weak_rule;conservative_pair_rule_v2
состояние охраны;26.02.2025 09:24:34;1;0.0;1;unknown;weak_rule;conservative_pair_rule_v2
газовый датчик;2.53;1;0.0;1;unknown;weak_rule;conservative_pair_rule_v2
газовый датчик;3.21;1;0.0;1;unknown;weak_rule;conservative_pair_rule_v2
газовый датчик;2.90;1;0.0;1;unknown;weak_rule;conservative_pair_rule_v2
газовый датчик;3.28;1;0.0;1;unknown;weak_rule;conservative_pair_rule_v2
газовый датчик;4.32;1;0.0;1;unknown;weak_rule;conservative_pair_rule_v2
газовый датчик;5.34;1;0.0;1;unknown;weak_rule;conservative_pair_rule_v2
газовый датчик;5.11;1;0.0;1;unknown;weak_rule;conservative_pair_rule_v2
газовый датчик;6.28;1;0.0;1;unknown;weak_rule;conservative_pair_rule_v2
газовый датчик;7.68;1;0.0;1;unknown;weak_rule;conservative_pair_rule_v2
газовый датчик;8.50;1;0.0;1;unknown;weak_rule;conservative_pair_rule_v2
газовый датчик;8.20;1;0.0;1;unknown;weak_rule;conservative_pair_rule_v2
газовый датчик;9.70;1;0.0;1;unknown;weak_rule;conservative_pair_rule_v2
газовый датчик;10.91;1;0.0;1;unknown;weak_rule;conservative_pair_rule_v2
газовый датчик;12.32;1;0.0;1;unknown;weak_rule;conservative_pair_rule_v2
газовый датчик;11.86;1;0.0;1;unknown;weak_rule;conservative_pair_rule_v2
газовый датчик;11.99;1;0.0;1;unknown;weak_rule;conservative_pair_rule_v2
газовый датчик;12.02;1;0.0;1;unknown;weak_rule;conservative_pair_rule_v2
газовый датчик;15.30;1;0.0;1;unknown;weak_rule;conservative_pair_rule_v2
газовый датчик;17.61;1;0.0;1;unknown;weak_rule;conservative_pair_rule_v2
газовый датчик;19.19;1;0.0;1;unknown;weak_rule;conservative_pair_rule_v2
газовый датчик;23.66;1;0.0;1;unknown;weak_rule;conservative_pair_rule_v2
газовый датчик;22.01;1;0.0;1;unknown;weak_rule;conservative_pair_rule_v2
газовый датчик;24.30;1;0.0;1;unknown;weak_rule;conservative_pair_rule_v2
газовый датчик;25.52;1;0.0;1;unknown;weak_rule;conservative_pair_rule_v2
газовый датчик;26.03;1;0.0;1;unknown;weak_rule;conservative_pair_rule_v2
газовый датчик;27.01;1;0.0;1;unknown;weak_rule;conservative_pair_rule_v2
газовый датчик;11.44;1;0.0;1;unknown;weak_rule;conservative_pair_rule_v2
газовый датчик;10.34;1;0.0;1;unknown;weak_rule;conservative_pair_rule_v2
газовый датчик;15.94;1;0.0;1;unknown;weak_rule;conservative_pair_rule_v2
газовый датчик;11.04;1;0.0;1;unknown;weak_rule;conservative_pair_rule_v2
газовый датчик;12.89;1;0.0;1;unknown;weak_rule;conservative_pair_rule_v2
газовый датчик;11.47;1;0.0;1;unknown;weak_rule;conservative_pair_rule_v2
газовый датчик;13.41;1;0.0;1;unknown;weak_rule;conservative_pair_rule_v2
газовый датчик;13.06;1;0.0;1;unknown;weak_rule;conservative_pair_rule_v2
газовый датчик;11.97;1;0.0;1;unknown;weak_rule;conservative_pair_rule_v2
газовый датчик;16.19;1;0.0;1;unknown;weak_rule;conservative_pair_rule_v2
газовый датчик;15.06;1;0.0;1;unknown;weak_rule;conservative_pair_rule_v2
газовый датчик;17.49;1;0.0;1;unknown;weak_rule;conservative_pair_rule_v2
газовый датчик;17.46;1;0.0;1;unknown;weak_rule;conservative_pair_rule_v2
газовый датчик;15.83;1;0.0;1;unknown;weak_rule;conservative_pair_rule_v2
газовый датчик;19.09;1;0.0;1;unknown;weak_rule;conservative_pair_rule_v2
газовый датчик;19.34;1;0.0;1;unknown;weak_rule;conservative_pair_rule_v2
газовый датчик;22.13;1;0.0;1;unknown;weak_rule;conservative_pair_rule_v2
газовый датчик;22.37;1;0.0;1;unknown;weak_rule;conservative_pair_rule_v2
газовый датчик;22.44;1;0.0;1;unknown;weak_rule;conservative_pair_rule_v2
газовый датчик;17.84;1;0.0;1;unknown;weak_rule;conservative_pair_rule_v2
газовый датчик;24.59;1;0.0;1;unknown;weak_rule;conservative_pair_rule_v2
газовый датчик;20.86;1;0.0;1;unknown;weak_rule;conservative_pair_rule_v2
газовый датчик;20.72;1;0.0;1;unknown;weak_rule;conservative_pair_rule_v2
газовый датчик;20.56;1;0.0;1;unknown;weak_rule;conservative_pair_rule_v2
газовый датчик;28.31;1;0.0;1;unknown;weak_rule;conservative_pair_rule_v2
газовый датчик;20.76;1;0.0;1;unknown;weak_rule;conservative_pair_rule_v2
газовый датчик;28.90;1;0.0;1;unknown;weak_rule;conservative_pair_rule_v2
газовый датчик;29.67;1;0.0;1;unknown;weak_rule;conservative_pair_rule_v2
газовый датчик;25.03;1;0.0;1;unknown;weak_rule;conservative_pair_rule_v2
газовый датчик;30.03;1;0.0;1;unknown;weak_rule;conservative_pair_rule_v2
газовый датчик;26.37;1;0.0;1;unknown;weak_rule;conservative_pair_rule_v2
газовый датчик;29.22;1;0.0;1;unknown;weak_rule;conservative_pair_rule_v2
газовый датчик;28.50;1;0.0;1;unknown;weak_rule;conservative_pair_rule_v2
газовый датчик;32.92;1;0.0;1;unknown;weak_rule;conservative_pair_rule_v2
газовый датчик;25.59;1;0.0;1;unknown;weak_rule;conservative_pair_rule_v2
газовый датчик;31.10;1;0.0;1;unknown;weak_rule;conservative_pair_rule_v2
газовый датчик;36.50;1;0.0;1;unknown;weak_rule;conservative_pair_rule_v2
газовый датчик;42.17;1;0.0;1;unknown;weak_rule;conservative_pair_rule_v2
газовый датчик;34.93;1;0.0;1;unknown;weak_rule;conservative_pair_rule_v2
газовый датчик;32.07;1;0.0;1;unknown;weak_rule;conservative_pair_rule_v2
газовый датчик;34.89;1;0.0;1;unknown;weak_rule;conservative_pair_rule_v2
газовый датчик;34.36;1;0.0;1;unknown;weak_rule;conservative_pair_rule_v2
газовый датчик;35.82;1;0.0;1;unknown;weak_rule;conservative_pair_rule_v2
газовый датчик;36.73;1;0.0;1;unknown;weak_rule;conservative_pair_rule_v2
газовый датчик;33.57;1;0.0;1;unknown;weak_rule;conservative_pair_rule_v2
газовый датчик;36.41;1;0.0;1;unknown;weak_rule;conservative_pair_rule_v2
газовый датчик;37.55;1;0.0;1;unknown;weak_rule;conservative_pair_rule_v2
газовый датчик;42.42;1;0.0;1;unknown;weak_rule;conservative_pair_rule_v2
газовый датчик;45.72;1;0.0;1;unknown;weak_rule;conservative_pair_rule_v2
газовый датчик;29.54;1;0.0;1;unknown;weak_rule;conservative_pair_rule_v2
газовый датчик;39.47;1;0.0;1;unknown;weak_rule;conservative_pair_rule_v2
газовый датчик;46.96;1;0.0;1;unknown;weak_rule;conservative_pair_rule_v2
газовый датчик;53.47;1;0.0;1;unknown;weak_rule;conservative_pair_rule_v2
газовый датчик;37.32;1;0.0;1;unknown;weak_rule;conservative_pair_rule_v2
газовый датчик;46.70;1;0.0;1;unknown;weak_rule;conservative_pair_rule_v2
газовый датчик;48.94;1;0.0;1;unknown;weak_rule;conservative_pair_rule_v2
газовый датчик;42.81;1;0.0;1;unknown;weak_rule;conservative_pair_rule_v2
газовый датчик;51.72;1;0.0;1;unknown;weak_rule;conservative_pair_rule_v2
газовый датчик;45.16;1;0.0;1;unknown;weak_rule;conservative_pair_rule_v2
газовый датчик;48.68;1;0.0;1;unknown;weak_rule;conservative_pair_rule_v2
газовый датчик;49.00;1;0.0;1;unknown;weak_rule;conservative_pair_rule_v2
газовый датчик;55.63;1;0.0;1;unknown;weak_rule;conservative_pair_rule_v2
газовый датчик;46.80;1;0.0;1;unknown;weak_rule;conservative_pair_rule_v2
газовый датчик;45.52;1;0.0;1;unknown;weak_rule;conservative_pair_rule_v2
газовый датчик;47.16;1;0.0;1;unknown;weak_rule;conservative_pair_rule_v2
газовый датчик;36.59;1;0.0;1;unknown;weak_rule;conservative_pair_rule_v2
газовый датчик;36.96;1;0.0;1;unknown;weak_rule;conservative_pair_rule_v2
газовый датчик;44.71;1;0.0;1;unknown;weak_rule;conservative_pair_rule_v2
газовый датчик;43.01;1;0.0;1;unknown;weak_rule;conservative_pair_rule_v2
газовый датчик;48.89;1;0.0;1;unknown;weak_rule;conservative_pair_rule_v2
газовый датчик;38.95;1;0.0;1;unknown;weak_rule;conservative_pair_rule_v2
газовый датчик;50.06;1;0.0;1;unknown;weak_rule;conservative_pair_rule_v2
газовый датчик;38.53;1;0.0;1;unknown;weak_rule;conservative_pair_rule_v2
газовый датчик;49.53;1;0.0;1;unknown;weak_rule;conservative_pair_rule_v2
газовый датчик;40.19;1;0.0;1;unknown;weak_rule;conservative_pair_rule_v2
газовый датчик;57.66;1;0.0;1;unknown;weak_rule;conservative_pair_rule_v2
газовый датчик;39.90;1;0.0;1;unknown;weak_rule;conservative_pair_rule_v2
газовый датчик;43.41;1;0.0;1;unknown;weak_rule;conservative_pair_rule_v2
газовый датчик;48.21;1;0.0;1;unknown;weak_rule;conservative_pair_rule_v2
газовый датчик;47.95;1;0.0;1;unknown;weak_rule;conservative_pair_rule_v2
газовый датчик;44.66;1;0.0;1;unknown;weak_rule;conservative_pair_rule_v2
газовый датчик;43.70;1;0.0;1;unknown;weak_rule;conservative_pair_rule_v2
состояние охраны;26.02.2025 15:14:47;1;0.0;1;unknown;weak_rule;conservative_pair_rule_v2
состояние охраны;26.02.2025 15:58:24;1;0.0;1;unknown;weak_rule;conservative_pair_rule_v2
состояние охраны;26.02.2025 16:03:34;1;0.0;1;unknown;weak_rule;conservative_pair_rule_v2
состояние охраны;26.02.2025 18:47:36;1;0.0;1;unknown;weak_rule;conservative_pair_rule_v2
состояние охраны;27.02.2025 07:54:05;1;0.0;1;unknown;weak_rule;conservative_pair_rule_v2
состояние охраны;27.02.2025 07:58:09;1;0.0;1;unknown;weak_rule;conservative_pair_rule_v2
состояние охраны;01.03.2025 12:50:25;1;0.0;1;unknown;weak_rule;conservative_pair_rule_v2
состояние охраны;01.03.2025 12:51:16;1;0.0;1;unknown;weak_rule;conservative_pair_rule_v2
состояние охраны;02.03.2025 07:04:07;1;0.0;1;unknown;weak_rule;conservative_pair_rule_v2
состояние охраны;02.03.2025 08:15:13;1;0.0;1;unknown;weak_rule;conservative_pair_rule_v2
состояние охраны;02.03.2025 09:34:50;1;0.0;1;unknown;weak_rule;conservative_pair_rule_v2
состояние охраны;02.03.2025 12:53:30;1;0.0;1;unknown;weak_rule;conservative_pair_rule_v2
состояние охраны;07.03.2025 07:59:21;1;0.0;1;unknown;weak_rule;conservative_pair_rule_v2
состояние охраны;07.03.2025 09:01:19;1;0.0;1;unknown;weak_rule;conservative_pair_rule_v2
состояние охраны;07.03.2025 14:11:24;1;0.0;1;unknown;weak_rule;conservative_pair_rule_v2
состояние охраны;07.03.2025 14:17:28;1;0.0;1;unknown;weak_rule;conservative_pair_rule_v2
состояние охраны;07.03.2025 15:12:45;1;0.0;1;unknown;weak_rule;conservative_pair_rule_v2
состояние охраны;07.03.2025 18:58:05;1;0.0;1;unknown;weak_rule;conservative_pair_rule_v2
состояние охраны;07.03.2025 20:05:16;1;0.0;1;unknown;weak_rule;conservative_pair_rule_v2
состояние охраны;07.03.2025 21:01:51;1;0.0;1;unknown;weak_rule;conservative_pair_rule_v2
состояние охраны;09.03.2025 17:38:50;1;0.0;1;unknown;weak_rule;conservative_pair_rule_v2
состояние охраны;09.03.2025 18:50:27;1;0.0;1;unknown;weak_rule;conservative_pair_rule_v2
состояние охраны;10.03.2025 07:01:11;1;0.0;1;unknown;weak_rule;conservative_pair_rule_v2
состояние охраны;10.03.2025 07:20:46;1;0.0;1;unknown;weak_rule;conservative_pair_rule_v2
состояние охраны;10.03.2025 07:33:02;1;0.0;1;unknown;weak_rule;conservative_pair_rule_v2
состояние охраны;10.03.2025 07:59:19;1;0.0;1;unknown;weak_rule;conservative_pair_rule_v2
состояние охраны;10.03.2025 16:31:04;1;0.0;1;unknown;weak_rule;conservative_pair_rule_v2
состояние охраны;16.03.2025 23:37:21;1;0.0;1;unknown;weak_rule;conservative_pair_rule_v2
состояние охраны;17.03.2025 07:14:56;1;0.0;1;unknown;weak_rule;conservative_pair_rule_v2
состояние охраны;17.03.2025 07:32:39;1;0.0;1;unknown;weak_rule;conservative_pair_rule_v2
состояние охраны;17.03.2025 07:55:15;1;0.0;1;unknown;weak_rule;conservative_pair_rule_v2
состояние охраны;17.03.2025 16:23:06;1;0.0;1;unknown;weak_rule;conservative_pair_rule_v2
состояние охраны;17.03.2025 16:26:29;1;0.0;1;unknown;weak_rule;conservative_pair_rule_v2
состояние охраны;17.03.2025 16:55:27;1;0.0;1;unknown;weak_rule;conservative_pair_rule_v2
состояние охраны;17.03.2025 17:00:51;1;0.0;1;unknown;weak_rule;conservative_pair_rule_v2
состояние охраны;17.03.2025 17:26:50;1;0.0;1;unknown;weak_rule;conservative_pair_rule_v2
состояние охраны;17.03.2025 18:10:32;1;0.0;1;unknown;weak_rule;conservative_pair_rule_v2
состояние охраны;17.03.2025 18:31:36;1;0.0;1;unknown;weak_rule;conservative_pair_rule_v2
состояние охраны;17.03.2025 20:01:40;1;0.0;1;unknown;weak_rule;conservative_pair_rule_v2
состояние охраны;19.03.2025 04:03:49;1;0.0;1;unknown;weak_rule;conservative_pair_rule_v2
состояние охраны;19.03.2025 04:03:59;1;0.0;1;unknown;weak_rule;conservative_pair_rule_v2
состояние охраны;19.03.2025 07:15:24;1;0.0;1;unknown;weak_rule;conservative_pair_rule_v2
состояние охраны;19.03.2025 07:50:31;1;0.0;1;unknown;weak_rule;conservative_pair_rule_v2
состояние охраны;19.03.2025 08:22:55;1;0.0;1;unknown;weak_rule;conservative_pair_rule_v2
состояние охраны;19.03.2025 08:31:15;1;0.0;1;unknown;weak_rule;conservative_pair_rule_v2
состояние охраны;19.03.2025 09:10:17;1;0.0;1;unknown;weak_rule;conservative_pair_rule_v2
состояние охраны;19.03.2025 16:59:40;1;0.0;1;unknown;weak_rule;conservative_pair_rule_v2
состояние охраны;19.03.2025 20:02:24;1;0.0;1;unknown;weak_rule;conservative_pair_rule_v2
состояние охраны;19.03.2025 20:31:02;1;0.0;1;unknown;weak_rule;conservative_pair_rule_v2
состояние охраны;26.03.2025 16:30:13;1;0.0;1;unknown;weak_rule;conservative_pair_rule_v2
состояние охраны;26.03.2025 16:36:01;1;0.0;1;unknown;weak_rule;conservative_pair_rule_v2
состояние охраны;26.03.2025 20:05:16;1;0.0;1;unknown;weak_rule;conservative_pair_rule_v2
состояние охраны;27.03.2025 07:01:36;1;0.0;1;unknown;weak_rule;conservative_pair_rule_v2
состояние охраны;27.03.2025 08:03:46;1;0.0;1;unknown;weak_rule;conservative_pair_rule_v2
состояние охраны;27.03.2025 08:52:40;1;0.0;1;unknown;weak_rule;conservative_pair_rule_v2
состояние охраны;27.03.2025 10:25:39;1;0.0;1;unknown;weak_rule;conservative_pair_rule_v2
состояние охраны;27.03.2025 12:49:45;1;0.0;1;unknown;weak_rule;conservative_pair_rule_v2
состояние охраны;29.03.2025 07:44:01;1;0.0;1;unknown;weak_rule;conservative_pair_rule_v2
состояние охраны;29.03.2025 10:16:14;1;0.0;1;unknown;weak_rule;conservative_pair_rule_v2
состояние охраны;29.03.2025 16:56:21;1;0.0;1;unknown;weak_rule;conservative_pair_rule_v2
состояние охраны;04.04.2025 07:45:43;1;0.0;1;unknown;weak_rule;conservative_pair_rule_v2
состояние охраны;04.04.2025 08:44:26;1;0.0;1;unknown;weak_rule;conservative_pair_rule_v2
состояние охраны;04.04.2025 13:17:34;1;0.0;1;unknown;weak_rule;conservative_pair_rule_v2
состояние охраны;04.04.2025 14:27:41;1;0.0;1;unknown;weak_rule;conservative_pair_rule_v2
состояние охраны;04.04.2025 16:33:53;1;0.0;1;unknown;weak_rule;conservative_pair_rule_v2
состояние охраны;04.04.2025 16:40:10;1;0.0;1;unknown;weak_rule;conservative_pair_rule_v2
состояние охраны;04.04.2025 17:15:42;1;0.0;1;unknown;weak_rule;conservative_pair_rule_v2
состояние охраны;04.04.2025 17:23:40;1;0.0;1;unknown;weak_rule;conservative_pair_rule_v2
состояние охраны;07.04.2025 20:14:52;1;0.0;1;unknown;weak_rule;conservative_pair_rule_v2
состояние охраны;07.04.2025 22:13:37;1;0.0;1;unknown;weak_rule;conservative_pair_rule_v2
состояние охраны;08.04.2025 07:19:55;1;0.0;1;unknown;weak_rule;conservative_pair_rule_v2
состояние охраны;08.04.2025 08:08:13;1;0.0;1;unknown;weak_rule;conservative_pair_rule_v2
состояние охраны;08.04.2025 08:19:23;1;0.0;1;unknown;weak_rule;conservative_pair_rule_v2
состояние охраны;08.04.2025 15:11:01;1;0.0;1;unknown;weak_rule;conservative_pair_rule_v2
состояние охраны;08.04.2025 16:41:36;1;0.0;1;unknown;weak_rule;conservative_pair_rule_v2
состояние охраны;08.04.2025 16:56:29;1;0.0;1;unknown;weak_rule;conservative_pair_rule_v2
состояние охраны;13.04.2025 07:49:39;1;0.0;1;unknown;weak_rule;conservative_pair_rule_v2
состояние охраны;13.04.2025 08:32:53;1;0.0;1;unknown;weak_rule;conservative_pair_rule_v2
состояние охраны;18.04.2025 09:16:10;1;0.0;1;unknown;weak_rule;conservative_pair_rule_v2
состояние охраны;18.04.2025 13:03:13;1;0.0;1;unknown;weak_rule;conservative_pair_rule_v2
состояние охраны;18.04.2025 13:03:16;1;0.0;1;unknown;weak_rule;conservative_pair_rule_v2
состояние охраны;18.04.2025 16:19:27;1;0.0;1;unknown;weak_rule;conservative_pair_rule_v2
состояние охраны;18.04.2025 17:00:36;1;0.0;1;unknown;weak_rule;conservative_pair_rule_v2
состояние охраны;18.04.2025 18:56:03;1;0.0;1;unknown;weak_rule;conservative_pair_rule_v2
состояние охраны;18.04.2025 19:16:34;1;0.0;1;unknown;weak_rule;conservative_pair_rule_v2
состояние охраны;19.04.2025 08:03:48;1;0.0;1;unknown;weak_rule;conservative_pair_rule_v2
состояние охраны;23.04.2025 07:33:37;1;0.0;1;unknown;weak_rule;conservative_pair_rule_v2
состояние охраны;23.04.2025 08:37:52;1;0.0;1;unknown;weak_rule;conservative_pair_rule_v2
состояние охраны;23.04.2025 16:09:54;1;0.0;1;unknown;weak_rule;conservative_pair_rule_v2
состояние охраны;23.04.2025 19:30:50;1;0.0;1;unknown;weak_rule;conservative_pair_rule_v2
состояние охраны;23.04.2025 22:31:36;1;0.0;1;unknown;weak_rule;conservative_pair_rule_v2
состояние охраны;30.04.2025 18:02:27;1;0.0;1;unknown;weak_rule;conservative_pair_rule_v2
состояние охраны;01.05.2025 07:25:02;1;0.0;1;unknown;weak_rule;conservative_pair_rule_v2
состояние охраны;01.05.2025 07:59:02;1;0.0;1;unknown;weak_rule;conservative_pair_rule_v2
состояние охраны;01.05.2025 08:32:36;1;0.0;1;unknown;weak_rule;conservative_pair_rule_v2
состояние охраны;01.05.2025 08:59:45;1;0.0;1;unknown;weak_rule;conservative_pair_rule_v2
состояние охраны;01.05.2025 13:19:01;1;0.0;1;unknown;weak_rule;conservative_pair_rule_v2
состояние охраны;01.05.2025 13:19:27;1;0.0;1;unknown;weak_rule;conservative_pair_rule_v2
состояние охраны;06.05.2025 03:54:33;1;0.0;1;unknown;weak_rule;conservative_pair_rule_v2
состояние охраны;06.05.2025 07:16:54;1;0.0;1;unknown;weak_rule;conservative_pair_rule_v2
состояние охраны;06.05.2025 07:38:46;1;0.0;1;unknown;weak_rule;conservative_pair_rule_v2
состояние охраны;06.05.2025 07:46:00;1;0.0;1;unknown;weak_rule;conservative_pair_rule_v2
состояние охраны;06.05.2025 12:38:30;1;0.0;1;unknown;weak_rule;conservative_pair_rule_v2
состояние охраны;06.05.2025 12:40:35;1;0.0;1;unknown;weak_rule;conservative_pair_rule_v2
состояние охраны;06.05.2025 14:00:48;1;0.0;1;unknown;weak_rule;conservative_pair_rule_v2
состояние охраны;06.05.2025 21:46:14;1;0.0;1;unknown;weak_rule;conservative_pair_rule_v2
состояние охраны;09.05.2025 07:25:32;1;0.0;1;unknown;weak_rule;conservative_pair_rule_v2
состояние охраны;09.05.2025 14:31:09;1;0.0;1;unknown;weak_rule;conservative_pair_rule_v2
состояние охраны;09.05.2025 16:59:33;1;0.0;1;unknown;weak_rule;conservative_pair_rule_v2
состояние охраны;09.05.2025 22:43:17;1;0.0;1;unknown;weak_rule;conservative_pair_rule_v2
состояние охраны;13.05.2025 16:34:38;1;0.0;1;unknown;weak_rule;conservative_pair_rule_v2
состояние охраны;13.05.2025 17:16:41;1;0.0;1;unknown;weak_rule;conservative_pair_rule_v2
состояние охраны;14.05.2025 07:50:57;1;0.0;1;unknown;weak_rule;conservative_pair_rule_v2
состояние охраны;14.05.2025 08:01:20;1;0.0;1;unknown;weak_rule;conservative_pair_rule_v2
состояние охраны;14.05.2025 08:02:34;1;0.0;1;unknown;weak_rule;conservative_pair_rule_v2
состояние охраны;14.05.2025 08:26:49;1;0.0;1;unknown;weak_rule;conservative_pair_rule_v2
состояние охраны;14.05.2025 09:25:03;1;0.0;1;unknown;weak_rule;conservative_pair_rule_v2
состояние охраны;14.05.2025 16:46:55;1;0.0;1;unknown;weak_rule;conservative_pair_rule_v2
состояние охраны;14.05.2025 16:48:12;1;0.0;1;unknown;weak_rule;conservative_pair_rule_v2
состояние охраны;18.05.2025 12:37:39;1;0.0;1;unknown;weak_rule;conservative_pair_rule_v2
состояние охраны;18.05.2025 18:39:41;1;0.0;1;unknown;weak_rule;conservative_pair_rule_v2
состояние охраны;18.05.2025 20:00:56;1;0.0;1;unknown;weak_rule;conservative_pair_rule_v2
состояние охраны;22.05.2025 18:39:33;1;0.0;1;unknown;weak_rule;conservative_pair_rule_v2
состояние охраны;23.05.2025 07:36:04;1;0.0;1;unknown;weak_rule;conservative_pair_rule_v2
состояние охраны;23.05.2025 17:00:08;1;0.0;1;unknown;weak_rule;conservative_pair_rule_v2
состояние охраны;28.05.2025 07:49:22;1;0.0;1;unknown;weak_rule;conservative_pair_rule_v2
состояние охраны;28.05.2025 08:04:23;1;0.0;1;unknown;weak_rule;conservative_pair_rule_v2
состояние охраны;28.05.2025 08:14:10;1;0.0;1;unknown;weak_rule;conservative_pair_rule_v2
состояние охраны;28.05.2025 09:40:33;1;0.0;1;unknown;weak_rule;conservative_pair_rule_v2
состояние охраны;28.05.2025 15:52:14;1;0.0;1;unknown;weak_rule;conservative_pair_rule_v2
состояние охраны;28.05.2025 17:02:12;1;0.0;1;unknown;weak_rule;conservative_pair_rule_v2
состояние охраны;28.05.2025 17:09:20;1;0.0;1;unknown;weak_rule;conservative_pair_rule_v2
состояние охраны;28.05.2025 18:41:43;1;0.0;1;unknown;weak_rule;conservative_pair_rule_v2
состояние охраны;28.05.2025 21:38:48;1;0.0;1;unknown;weak_rule;conservative_pair_rule_v2
состояние охраны;28.05.2025 23:03:07;1;0.0;1;unknown;weak_rule;conservative_pair_rule_v2
состояние охраны;28.05.2025 23:03:10;1;0.0;1;unknown;weak_rule;conservative_pair_rule_v2
состояние охраны;29.05.2025 02:03:59;1;0.0;1;unknown;weak_rule;conservative_pair_rule_v2
состояние охраны;31.05.2025 17:23:18;1;0.0;1;unknown;weak_rule;conservative_pair_rule_v2
состояние охраны;31.05.2025 17:30:52;1;0.0;1;unknown;weak_rule;conservative_pair_rule_v2
состояние охраны;31.05.2025 18:29:02;1;0.0;1;unknown;weak_rule;conservative_pair_rule_v2
состояние охраны;01.06.2025 00:07:14;1;0.0;1;unknown;weak_rule;conservative_pair_rule_v2
состояние охраны;04.06.2025 08:29:13;1;0.0;1;unknown;weak_rule;conservative_pair_rule_v2
состояние охраны;04.06.2025 09:51:29;1;0.0;1;unknown;weak_rule;conservative_pair_rule_v2
состояние охраны;04.06.2025 16:06:30;1;0.0;1;unknown;weak_rule;conservative_pair_rule_v2
состояние охраны;04.06.2025 16:26:53;1;0.0;1;unknown;weak_rule;conservative_pair_rule_v2
состояние охраны;04.06.2025 17:10:57;1;0.0;1;unknown;weak_rule;conservative_pair_rule_v2
состояние охраны;04.06.2025 22:16:31;1;0.0;1;unknown;weak_rule;conservative_pair_rule_v2
состояние охраны;05.06.2025 05:05:38;1;0.0;1;unknown;weak_rule;conservative_pair_rule_v2
состояние охраны;08.06.2025 20:53:12;1;0.0;1;unknown;weak_rule;conservative_pair_rule_v2
состояние охраны;08.06.2025 21:14:38;1;0.0;1;unknown;weak_rule;conservative_pair_rule_v2
состояние охраны;09.06.2025 01:06:51;1;0.0;1;unknown;weak_rule;conservative_pair_rule_v2
состояние охраны;09.06.2025 03:05:55;1;0.0;1;unknown;weak_rule;conservative_pair_rule_v2
состояние охраны;09.06.2025 07:58:32;1;0.0;1;unknown;weak_rule;conservative_pair_rule_v2
состояние охраны;09.06.2025 14:04:59;1;0.0;1;unknown;weak_rule;conservative_pair_rule_v2
состояние охраны;09.06.2025 14:50:38;1;0.0;1;unknown;weak_rule;conservative_pair_rule_v2
состояние охраны;09.06.2025 15:19:32;1;0.0;1;unknown;weak_rule;conservative_pair_rule_v2
состояние охраны;09.06.2025 15:20:56;1;0.0;1;unknown;weak_rule;conservative_pair_rule_v2
состояние охраны;09.06.2025 15:22:14;1;0.0;1;unknown;weak_rule;conservative_pair_rule_v2
состояние охраны;09.06.2025 16:56:12;1;0.0;1;unknown;weak_rule;conservative_pair_rule_v2
состояние охраны;09.06.2025 17:12:17;1;0.0;1;unknown;weak_rule;conservative_pair_rule_v2
состояние охраны;15.06.2025 09:46:29;1;0.0;1;unknown;weak_rule;conservative_pair_rule_v2
состояние охраны;15.06.2025 10:05:31;1;0.0;1;unknown;weak_rule;conservative_pair_rule_v2
состояние охраны;15.06.2025 11:33:37;1;0.0;1;unknown;weak_rule;conservative_pair_rule_v2
состояние охраны;18.06.2025 16:42:06;1;0.0;1;unknown;weak_rule;conservative_pair_rule_v2
состояние охраны;18.06.2025 16:51:12;1;0.0;1;unknown;weak_rule;conservative_pair_rule_v2
состояние охраны;18.06.2025 18:35:29;1;0.0;1;unknown;weak_rule;conservative_pair_rule_v2
состояние охраны;18.06.2025 22:41:43;1;0.0;1;unknown;weak_rule;conservative_pair_rule_v2
состояние охраны;19.06.2025 00:23:47;1;0.0;1;unknown;weak_rule;conservative_pair_rule_v2
состояние охраны;19.06.2025 04:17:25;1;0.0;1;unknown;weak_rule;conservative_pair_rule_v2
состояние охраны;19.06.2025 07:43:08;1;0.0;1;unknown;weak_rule;conservative_pair_rule_v2
состояние охраны;19.06.2025 07:58:33;1;0.0;1;unknown;weak_rule;conservative_pair_rule_v2
состояние охраны;23.06.2025 07:19:02;1;0.0;1;unknown;weak_rule;conservative_pair_rule_v2
состояние охраны;23.06.2025 07:52:13;1;0.0;1;unknown;weak_rule;conservative_pair_rule_v2
состояние охраны;23.06.2025 08:04:51;1;0.0;1;unknown;weak_rule;conservative_pair_rule_v2
состояние охраны;23.06.2025 08:48:22;1;0.0;1;unknown;weak_rule;conservative_pair_rule_v2
состояние охраны;23.06.2025 08:48:35;1;0.0;1;unknown;weak_rule;conservative_pair_rule_v2
состояние охраны;23.06.2025 13:26:25;1;0.0;1;unknown;weak_rule;conservative_pair_rule_v2
состояние охраны;23.06.2025 13:44:36;1;0.0;1;unknown;weak_rule;conservative_pair_rule_v2
состояние охраны;23.06.2025 15:40:14;1;0.0;1;unknown;weak_rule;conservative_pair_rule_v2
состояние охраны;23.06.2025 15:40:21;1;0.0;1;unknown;weak_rule;conservative_pair_rule_v2
состояние охраны;23.06.2025 16:20:36;1;0.0;1;unknown;weak_rule;conservative_pair_rule_v2
состояние охраны;23.06.2025 17:06:22;1;0.0;1;unknown;weak_rule;conservative_pair_rule_v2
состояние охраны;25.06.2025 07:57:25;1;0.0;1;unknown;weak_rule;conservative_pair_rule_v2
состояние охраны;25.06.2025 09:38:10;1;0.0;1;unknown;weak_rule;conservative_pair_rule_v2
состояние охраны;25.06.2025 12:09:32;1;0.0;1;unknown;weak_rule;conservative_pair_rule_v2
состояние охраны;25.06.2025 14:16:40;1;0.0;1;unknown;weak_rule;conservative_pair_rule_v2
состояние охраны;25.06.2025 18:06:56;1;0.0;1;unknown;weak_rule;conservative_pair_rule_v2
состояние охраны;25.06.2025 18:15:01;1;0.0;1;unknown;weak_rule;conservative_pair_rule_v2
состояние охраны;25.06.2025 18:42:47;1;0.0;1;unknown;weak_rule;conservative_pair_rule_v2
состояние охраны;30.06.2025 07:17:51;1;0.0;1;unknown;weak_rule;conservative_pair_rule_v2
состояние охраны;30.06.2025 07:44:57;1;0.0;1;unknown;weak_rule;conservative_pair_rule_v2
состояние охраны;30.06.2025 08:44:01;1;0.0;1;unknown;weak_rule;conservative_pair_rule_v2
состояние охраны;30.06.2025 16:25:45;1;0.0;1;unknown;weak_rule;conservative_pair_rule_v2
состояние охраны;30.06.2025 16:44:09;1;0.0;1;unknown;weak_rule;conservative_pair_rule_v2
состояние охраны;30.06.2025 17:00:20;1;0.0;1;unknown;weak_rule;conservative_pair_rule_v2
состояние охраны;30.06.2025 18:51:58;1;0.0;1;unknown;weak_rule;conservative_pair_rule_v2
состояние охраны;30.06.2025 19:04:04;1;0.0;1;unknown;weak_rule;conservative_pair_rule_v2
состояние охраны;30.06.2025 19:33:46;1;0.0;1;unknown;weak_rule;conservative_pair_rule_v2
состояние охраны;03.07.2025 16:22:20;1;0.0;1;unknown;weak_rule;conservative_pair_rule_v2
состояние охраны;03.07.2025 16:46:33;1;0.0;1;unknown;weak_rule;conservative_pair_rule_v2
состояние охраны;03.07.2025 17:15:51;1;0.0;1;unknown;weak_rule;conservative_pair_rule_v2
состояние охраны;03.07.2025 20:21:03;1;0.0;1;unknown;weak_rule;conservative_pair_rule_v2
состояние охраны;03.07.2025 20:32:24;1;0.0;1;unknown;weak_rule;conservative_pair_rule_v2
состояние охраны;03.07.2025 20:47:06;1;0.0;1;unknown;weak_rule;conservative_pair_rule_v2
состояние охраны;03.07.2025 20:55:08;1;0.0;1;unknown;weak_rule;conservative_pair_rule_v2
состояние охраны;03.07.2025 23:37:52;1;0.0;1;unknown;weak_rule;conservative_pair_rule_v2
состояние охраны;04.07.2025 02:32:46;1;0.0;1;unknown;weak_rule;conservative_pair_rule_v2
состояние охраны;04.07.2025 02:41:19;1;0.0;1;unknown;weak_rule;conservative_pair_rule_v2
состояние охраны;04.07.2025 07:15:45;1;0.0;1;unknown;weak_rule;conservative_pair_rule_v2
состояние охраны;04.07.2025 07:58:55;1;0.0;1;unknown;weak_rule;conservative_pair_rule_v2
состояние охраны;04.07.2025 08:05:00;1;0.0;1;unknown;weak_rule;conservative_pair_rule_v2
состояние охраны;04.07.2025 08:41:44;1;0.0;1;unknown;weak_rule;conservative_pair_rule_v2
газовый датчик;2.96;1;0.0;1;unknown;weak_rule;conservative_pair_rule_v2
газовый датчик;3.81;1;0.0;1;unknown;weak_rule;conservative_pair_rule_v2
состояние охраны;04.07.2025 11:05:34;1;0.0;1;unknown;weak_rule;conservative_pair_rule_v2
состояние охраны;07.07.2025 16:54:45;1;0.0;1;unknown;weak_rule;conservative_pair_rule_v2
состояние охраны;08.07.2025 07:45:23;1;0.0;1;unknown;weak_rule;conservative_pair_rule_v2
состояние охраны;08.07.2025 07:59:12;1;0.0;1;unknown;weak_rule;conservative_pair_rule_v2
состояние охраны;09.07.2025 16:04:08;1;0.0;1;unknown;weak_rule;conservative_pair_rule_v2
состояние охраны;09.07.2025 17:00:11;1;0.0;1;unknown;weak_rule;conservative_pair_rule_v2
состояние охраны;10.07.2025 07:45:44;1;0.0;1;unknown;weak_rule;conservative_pair_rule_v2
состояние охраны;10.07.2025 08:04:28;1;0.0;1;unknown;weak_rule;conservative_pair_rule_v2
состояние охраны;15.07.2025 07:12:47;1;0.0;1;unknown;weak_rule;conservative_pair_rule_v2
состояние охраны;15.07.2025 07:48:43;1;0.0;1;unknown;weak_rule;conservative_pair_rule_v2
состояние охраны;15.07.2025 07:52:42;1;0.0;1;unknown;weak_rule;conservative_pair_rule_v2
состояние охраны;15.07.2025 08:02:38;1;0.0;1;unknown;weak_rule;conservative_pair_rule_v2
состояние охраны;15.07.2025 08:04:01;1;0.0;1;unknown;weak_rule;conservative_pair_rule_v2
состояние охраны;15.07.2025 08:05:19;1;0.0;1;unknown;weak_rule;conservative_pair_rule_v2
состояние охраны;15.07.2025 08:05:26;1;0.0;1;unknown;weak_rule;conservative_pair_rule_v2
состояние охраны;15.07.2025 12:22:52;1;0.0;1;unknown;weak_rule;conservative_pair_rule_v2
состояние охраны;15.07.2025 13:37:18;1;0.0;1;unknown;weak_rule;conservative_pair_rule_v2
состояние охраны;15.07.2025 15:53:08;1;0.0;1;unknown;weak_rule;conservative_pair_rule_v2
состояние охраны;15.07.2025 17:04:56;1;0.0;1;unknown;weak_rule;conservative_pair_rule_v2
состояние охраны;15.07.2025 19:09:03;1;0.0;1;unknown;weak_rule;conservative_pair_rule_v2
состояние охраны;16.07.2025 21:38:46;1;0.0;1;unknown;weak_rule;conservative_pair_rule_v2
состояние охраны;17.07.2025 07:12:10;1;0.0;1;unknown;weak_rule;conservative_pair_rule_v2
состояние охраны;17.07.2025 07:47:55;1;0.0;1;unknown;weak_rule;conservative_pair_rule_v2
состояние охраны;17.07.2025 13:08:49;1;0.0;1;unknown;weak_rule;conservative_pair_rule_v2
состояние охраны;17.07.2025 16:44:18;1;0.0;1;unknown;weak_rule;conservative_pair_rule_v2
состояние охраны;21.07.2025 07:17:04;1;0.0;1;unknown;weak_rule;conservative_pair_rule_v2
состояние охраны;25.07.2025 00:43:36;1;0.0;1;unknown;weak_rule;conservative_pair_rule_v2
состояние охраны;25.07.2025 03:10:25;1;0.0;1;unknown;weak_rule;conservative_pair_rule_v2
состояние охраны;25.07.2025 07:05:10;1;0.0;1;unknown;weak_rule;conservative_pair_rule_v2
состояние охраны;25.07.2025 07:49:19;1;0.0;1;unknown;weak_rule;conservative_pair_rule_v2
состояние охраны;25.07.2025 10:03:50;1;0.0;1;unknown;weak_rule;conservative_pair_rule_v2
состояние охраны;25.07.2025 10:18:38;1;0.0;1;unknown;weak_rule;conservative_pair_rule_v2
состояние охраны;25.07.2025 12:07:31;1;0.0;1;unknown;weak_rule;conservative_pair_rule_v2
состояние охраны;25.07.2025 13:08:28;1;0.0;1;unknown;weak_rule;conservative_pair_rule_v2
состояние охраны;25.07.2025 14:15:03;1;0.0;1;unknown;weak_rule;conservative_pair_rule_v2
состояние охраны;31.07.2025 04:32:54;1;0.0;1;unknown;weak_rule;conservative_pair_rule_v2
состояние охраны;31.07.2025 07:43:34;1;0.0;1;unknown;weak_rule;conservative_pair_rule_v2
состояние охраны;31.07.2025 08:58:01;1;0.0;1;unknown;weak_rule;conservative_pair_rule_v2
состояние охраны;31.07.2025 12:18:17;1;0.0;1;unknown;weak_rule;conservative_pair_rule_v2
состояние охраны;02.08.2025 23:40:23;1;0.0;1;unknown;weak_rule;conservative_pair_rule_v2
состояние охраны;03.08.2025 07:51:25;1;0.0;1;unknown;weak_rule;conservative_pair_rule_v2
состояние охраны;05.08.2025 07:16:57;1;0.0;1;unknown;weak_rule;conservative_pair_rule_v2
состояние охраны;05.08.2025 07:17:37;1;0.0;1;unknown;weak_rule;conservative_pair_rule_v2
состояние охраны;05.08.2025 08:00:43;1;0.0;1;unknown;weak_rule;conservative_pair_rule_v2
состояние охраны;05.08.2025 08:27:00;1;0.0;1;unknown;weak_rule;conservative_pair_rule_v2
состояние охраны;05.08.2025 09:39:55;1;0.0;1;unknown;weak_rule;conservative_pair_rule_v2
состояние охраны;05.08.2025 16:33:09;1;0.0;1;unknown;weak_rule;conservative_pair_rule_v2
состояние охраны;05.08.2025 17:00:39;1;0.0;1;unknown;weak_rule;conservative_pair_rule_v2
состояние охраны;05.08.2025 18:43:41;1;0.0;1;unknown;weak_rule;conservative_pair_rule_v2
состояние охраны;07.08.2025 16:58:51;1;0.0;1;unknown;weak_rule;conservative_pair_rule_v2
состояние охраны;07.08.2025 20:05:06;1;0.0;1;unknown;weak_rule;conservative_pair_rule_v2
состояние охраны;08.08.2025 07:34:43;1;0.0;1;unknown;weak_rule;conservative_pair_rule_v2
состояние охраны;11.08.2025 16:07:28;1;0.0;1;unknown;weak_rule;conservative_pair_rule_v2
состояние охраны;11.08.2025 17:01:02;1;0.0;1;unknown;weak_rule;conservative_pair_rule_v2
состояние охраны;12.08.2025 04:32:01;1;0.0;1;unknown;weak_rule;conservative_pair_rule_v2
состояние охраны;16.08.2025 21:20:33;1;0.0;1;unknown;weak_rule;conservative_pair_rule_v2
состояние охраны;19.08.2025 08:00:18;1;0.0;1;unknown;weak_rule;conservative_pair_rule_v2
состояние охраны;19.08.2025 08:05:09;1;0.0;1;unknown;weak_rule;conservative_pair_rule_v2
состояние охраны;19.08.2025 13:35:52;1;0.0;1;unknown;weak_rule;conservative_pair_rule_v2
состояние охраны;19.08.2025 16:27:00;1;0.0;1;unknown;weak_rule;conservative_pair_rule_v2
состояние охраны;19.08.2025 16:38:37;1;0.0;1;unknown;weak_rule;conservative_pair_rule_v2
состояние охраны;19.08.2025 17:00:39;1;0.0;1;unknown;weak_rule;conservative_pair_rule_v2
состояние охраны;19.08.2025 23:27:18;1;0.0;1;unknown;weak_rule;conservative_pair_rule_v2
состояние охраны;23.08.2025 14:32:34;1;0.0;1;unknown;weak_rule;conservative_pair_rule_v2
состояние охраны;26.08.2025 22:49:47;1;0.0;1;unknown;weak_rule;conservative_pair_rule_v2
состояние охраны;26.08.2025 23:15:35;1;0.0;1;unknown;weak_rule;conservative_pair_rule_v2
состояние охраны;27.08.2025 02:38:30;1;0.0;1;unknown;weak_rule;conservative_pair_rule_v2
состояние охраны;27.08.2025 07:52:23;1;0.0;1;unknown;weak_rule;conservative_pair_rule_v2
состояние охраны;27.08.2025 09:03:27;1;0.0;1;unknown;weak_rule;conservative_pair_rule_v2
состояние охраны;27.08.2025 16:12:50;1;0.0;1;unknown;weak_rule;conservative_pair_rule_v2
состояние охраны;27.08.2025 16:36:04;1;0.0;1;unknown;weak_rule;conservative_pair_rule_v2
состояние охраны;27.08.2025 16:40:01;1;0.0;1;unknown;weak_rule;conservative_pair_rule_v2
состояние охраны;01.09.2025 07:18:03;1;0.0;1;unknown;weak_rule;conservative_pair_rule_v2
состояние охраны;01.09.2025 07:29:24;1;0.0;1;unknown;weak_rule;conservative_pair_rule_v2
состояние охраны;01.09.2025 07:58:34;1;0.0;1;unknown;weak_rule;conservative_pair_rule_v2
состояние охраны;01.09.2025 08:31:41;1;0.0;1;unknown;weak_rule;conservative_pair_rule_v2
состояние охраны;01.09.2025 15:05:37;1;0.0;1;unknown;weak_rule;conservative_pair_rule_v2
состояние охраны;01.09.2025 16:54:55;1;0.0;1;unknown;weak_rule;conservative_pair_rule_v2
состояние охраны;01.09.2025 18:37:15;1;0.0;1;unknown;weak_rule;conservative_pair_rule_v2
состояние охраны;05.09.2025 09:30:48;1;0.0;1;unknown;weak_rule;conservative_pair_rule_v2
состояние охраны;05.09.2025 17:02:05;1;0.0;1;unknown;weak_rule;conservative_pair_rule_v2
состояние охраны;05.09.2025 18:09:20;1;0.0;1;unknown;weak_rule;conservative_pair_rule_v2
состояние охраны;05.09.2025 20:18:06;1;0.0;1;unknown;weak_rule;conservative_pair_rule_v2
состояние охраны;09.09.2025 07:54:07;1;0.0;1;unknown;weak_rule;conservative_pair_rule_v2
состояние охраны;09.09.2025 11:52:58;1;0.0;1;unknown;weak_rule;conservative_pair_rule_v2
состояние охраны;09.09.2025 12:36:35;1;0.0;1;unknown;weak_rule;conservative_pair_rule_v2
состояние охраны;16.09.2025 07:35:11;1;0.0;1;unknown;weak_rule;conservative_pair_rule_v2
состояние охраны;16.09.2025 07:47:49;1;0.0;1;unknown;weak_rule;conservative_pair_rule_v2
состояние охраны;16.09.2025 08:42:13;1;0.0;1;unknown;weak_rule;conservative_pair_rule_v2
состояние охраны;16.09.2025 17:29:49;1;0.0;1;unknown;weak_rule;conservative_pair_rule_v2
состояние охраны;20.09.2025 07:49:53;1;0.0;1;unknown;weak_rule;conservative_pair_rule_v2
состояние охраны;20.09.2025 07:50:07;1;0.0;1;unknown;weak_rule;conservative_pair_rule_v2
состояние охраны;20.09.2025 15:52:16;1;0.0;1;unknown;weak_rule;conservative_pair_rule_v2
состояние охраны;22.09.2025 07:43:38;1;0.0;1;unknown;weak_rule;conservative_pair_rule_v2
состояние охраны;22.09.2025 08:02:37;1;0.0;1;unknown;weak_rule;conservative_pair_rule_v2
состояние охраны;22.09.2025 08:39:33;1;0.0;1;unknown;weak_rule;conservative_pair_rule_v2
состояние охраны;22.09.2025 16:33:32;1;0.0;1;unknown;weak_rule;conservative_pair_rule_v2
состояние охраны;22.09.2025 16:37:55;1;0.0;1;unknown;weak_rule;conservative_pair_rule_v2
состояние охраны;22.09.2025 17:28:27;1;0.0;1;unknown;weak_rule;conservative_pair_rule_v2
состояние охраны;26.09.2025 10:04:55;1;0.0;1;unknown;weak_rule;conservative_pair_rule_v2
состояние охраны;26.09.2025 13:43:57;1;0.0;1;unknown;weak_rule;conservative_pair_rule_v2
состояние охраны;26.09.2025 18:47:09;1;0.0;1;unknown;weak_rule;conservative_pair_rule_v2
состояние охраны;26.09.2025 18:55:32;1;0.0;1;unknown;weak_rule;conservative_pair_rule_v2
состояние охраны;26.09.2025 18:55:36;1;0.0;1;unknown;weak_rule;conservative_pair_rule_v2
состояние охраны;27.09.2025 01:08:40;1;0.0;1;unknown;weak_rule;conservative_pair_rule_v2
состояние охраны;27.09.2025 08:06:47;1;0.0;1;unknown;weak_rule;conservative_pair_rule_v2
состояние охраны;27.09.2025 08:39:06;1;0.0;1;unknown;weak_rule;conservative_pair_rule_v2
состояние охраны;01.10.2025 14:22:32;1;0.0;1;unknown;weak_rule;conservative_pair_rule_v2
состояние охраны;01.10.2025 16:44:37;1;0.0;1;unknown;weak_rule;conservative_pair_rule_v2
состояние охраны;01.10.2025 16:44:50;1;0.0;1;unknown;weak_rule;conservative_pair_rule_v2
состояние охраны;03.10.2025 07:48:07;1;0.0;1;unknown;weak_rule;conservative_pair_rule_v2
состояние охраны;03.10.2025 08:22:31;1;0.0;1;unknown;weak_rule;conservative_pair_rule_v2
состояние охраны;03.10.2025 09:53:25;1;0.0;1;unknown;weak_rule;conservative_pair_rule_v2
состояние охраны;03.10.2025 14:33:48;1;0.0;1;unknown;weak_rule;conservative_pair_rule_v2
состояние охраны;03.10.2025 14:33:52;1;0.0;1;unknown;weak_rule;conservative_pair_rule_v2
состояние охраны;03.10.2025 14:40:03;1;0.0;1;unknown;weak_rule;conservative_pair_rule_v2
состояние охраны;03.10.2025 16:11:43;1;0.0;1;unknown;weak_rule;conservative_pair_rule_v2
состояние охраны;03.10.2025 16:16:32;1;0.0;1;unknown;weak_rule;conservative_pair_rule_v2
состояние охраны;03.10.2025 16:46:19;1;0.0;1;unknown;weak_rule;conservative_pair_rule_v2
состояние охраны;03.10.2025 20:02:34;1;0.0;1;unknown;weak_rule;conservative_pair_rule_v2
состояние охраны;07.10.2025 13:32:55;1;0.0;1;unknown;weak_rule;conservative_pair_rule_v2
состояние охраны;07.10.2025 16:41:47;1;0.0;1;unknown;weak_rule;conservative_pair_rule_v2
состояние охраны;07.10.2025 17:00:30;1;0.0;1;unknown;weak_rule;conservative_pair_rule_v2
состояние охраны;07.10.2025 17:11:46;1;0.0;1;unknown;weak_rule;conservative_pair_rule_v2
состояние охраны;08.10.2025 08:00:41;1;0.0;1;unknown;weak_rule;conservative_pair_rule_v2
состояние охраны;08.10.2025 08:39:05;1;0.0;1;unknown;weak_rule;conservative_pair_rule_v2
состояние охраны;13.10.2025 16:37:13;1;0.0;1;unknown;weak_rule;conservative_pair_rule_v2
состояние охраны;13.10.2025 16:47:09;1;0.0;1;unknown;weak_rule;conservative_pair_rule_v2
состояние охраны;13.10.2025 17:01:10;1;0.0;1;unknown;weak_rule;conservative_pair_rule_v2
состояние охраны;14.10.2025 06:28:28;1;0.0;1;unknown;weak_rule;conservative_pair_rule_v2
состояние охраны;14.10.2025 07:48:34;1;0.0;1;unknown;weak_rule;conservative_pair_rule_v2
состояние охраны;14.10.2025 07:49:11;1;0.0;1;unknown;weak_rule;conservative_pair_rule_v2
состояние охраны;14.10.2025 07:58:43;1;0.0;1;unknown;weak_rule;conservative_pair_rule_v2
состояние охраны;14.10.2025 08:01:49;1;0.0;1;unknown;weak_rule;conservative_pair_rule_v2
состояние охраны;14.10.2025 14:20:41;1;0.0;1;unknown;weak_rule;conservative_pair_rule_v2
состояние охраны;16.10.2025 15:28:00;1;0.0;1;unknown;weak_rule;conservative_pair_rule_v2
состояние охраны;16.10.2025 16:21:11;1;0.0;1;unknown;weak_rule;conservative_pair_rule_v2
состояние охраны;16.10.2025 17:06:44;1;0.0;1;unknown;weak_rule;conservative_pair_rule_v2
состояние охраны;16.10.2025 18:40:25;1;0.0;1;unknown;weak_rule;conservative_pair_rule_v2
состояние охраны;17.10.2025 08:11:34;1;0.0;1;unknown;weak_rule;conservative_pair_rule_v2
состояние охраны;17.10.2025 08:11:39;1;0.0;1;unknown;weak_rule;conservative_pair_rule_v2
состояние охраны;17.10.2025 08:12:07;1;0.0;1;unknown;weak_rule;conservative_pair_rule_v2
состояние охраны;17.10.2025 08:12:10;1;0.0;1;unknown;weak_rule;conservative_pair_rule_v2
состояние охраны;17.10.2025 11:21:37;1;0.0;1;unknown;weak_rule;conservative_pair_rule_v2
состояние охраны;17.10.2025 11:21:44;1;0.0;1;unknown;weak_rule;conservative_pair_rule_v2
состояние охраны;20.10.2025 07:58:08;1;0.0;1;unknown;weak_rule;conservative_pair_rule_v2
состояние охраны;20.10.2025 09:25:33;1;0.0;1;unknown;weak_rule;conservative_pair_rule_v2
ибп;62;1;0.0;1;unknown;weak_rule;conservative_pair_rule_v2
ибп;12;1;0.0;1;unknown;weak_rule;conservative_pair_rule_v2
состояние охраны;20.10.2025 14:53:20;1;0.0;1;unknown;weak_rule;conservative_pair_rule_v2
состояние охраны;20.10.2025 16:10:45;1;0.0;1;unknown;weak_rule;conservative_pair_rule_v2
состояние охраны;20.10.2025 16:36:51;1;0.0;1;unknown;weak_rule;conservative_pair_rule_v2
состояние охраны;20.10.2025 19:58:26;1;0.0;1;unknown;weak_rule;conservative_pair_rule_v2
состояние охраны;20.10.2025 21:04:50;1;0.0;1;unknown;weak_rule;conservative_pair_rule_v2
состояние охраны;20.10.2025 22:47:12;1;0.0;1;unknown;weak_rule;conservative_pair_rule_v2
состояние охраны;20.10.2025 22:49:04;1;0.0;1;unknown;weak_rule;conservative_pair_rule_v2
состояние охраны;24.10.2025 01:48:34;1;0.0;1;unknown;weak_rule;conservative_pair_rule_v2
состояние охраны;24.10.2025 07:18:47;1;0.0;1;unknown;weak_rule;conservative_pair_rule_v2
состояние охраны;24.10.2025 07:57:56;1;0.0;1;unknown;weak_rule;conservative_pair_rule_v2
состояние охраны;24.10.2025 08:37:01;1;0.0;1;unknown;weak_rule;conservative_pair_rule_v2
состояние охраны;24.10.2025 08:37:04;1;0.0;1;unknown;weak_rule;conservative_pair_rule_v2
состояние охраны;24.10.2025 09:48:25;1;0.0;1;unknown;weak_rule;conservative_pair_rule_v2
состояние охраны;24.10.2025 16:12:20;1;0.0;1;unknown;weak_rule;conservative_pair_rule_v2
состояние охраны;24.10.2025 16:38:53;1;0.0;1;unknown;weak_rule;conservative_pair_rule_v2
состояние охраны;30.10.2025 16:39:52;1;0.0;1;unknown;weak_rule;conservative_pair_rule_v2
состояние охраны;31.10.2025 07:15:23;1;0.0;1;unknown;weak_rule;conservative_pair_rule_v2
состояние охраны;05.11.2025 08:01:10;1;0.0;1;unknown;weak_rule;conservative_pair_rule_v2
состояние охраны;07.11.2025 17:00:13;1;0.0;1;unknown;weak_rule;conservative_pair_rule_v2
состояние охраны;08.11.2025 00:38:11;1;0.0;1;unknown;weak_rule;conservative_pair_rule_v2
состояние охраны;09.11.2025 08:33:01;1;0.0;1;unknown;weak_rule;conservative_pair_rule_v2
состояние охраны;09.11.2025 11:00:00;1;0.0;1;unknown;weak_rule;conservative_pair_rule_v2
состояние охраны;10.11.2025 02:27:59;1;0.0;1;unknown;weak_rule;conservative_pair_rule_v2
состояние охраны;10.11.2025 07:54:25;1;0.0;1;unknown;weak_rule;conservative_pair_rule_v2
состояние охраны;10.11.2025 09:05:36;1;0.0;1;unknown;weak_rule;conservative_pair_rule_v2
состояние охраны;16.11.2025 08:02:39;1;0.0;1;unknown;weak_rule;conservative_pair_rule_v2
состояние охраны;16.11.2025 09:35:33;1;0.0;1;unknown;weak_rule;conservative_pair_rule_v2
состояние охраны;16.11.2025 12:47:18;1;0.0;1;unknown;weak_rule;conservative_pair_rule_v2
состояние охраны;17.11.2025 08:00:01;1;0.0;1;unknown;weak_rule;conservative_pair_rule_v2
состояние охраны;17.11.2025 08:07:50;1;0.0;1;unknown;weak_rule;conservative_pair_rule_v2
состояние охраны;17.11.2025 10:08:28;1;0.0;1;unknown;weak_rule;conservative_pair_rule_v2
состояние охраны;22.11.2025 08:12:37;1;0.0;1;unknown;weak_rule;conservative_pair_rule_v2
состояние охраны;22.11.2025 08:28:39;1;0.0;1;unknown;weak_rule;conservative_pair_rule_v2
состояние охраны;22.11.2025 15:03:07;1;0.0;1;unknown;weak_rule;conservative_pair_rule_v2
состояние охраны;22.11.2025 20:04:39;1;0.0;1;unknown;weak_rule;conservative_pair_rule_v2
состояние охраны;26.11.2025 13:35:39;1;0.0;1;unknown;weak_rule;conservative_pair_rule_v2
состояние охраны;26.11.2025 16:54:05;1;0.0;1;unknown;weak_rule;conservative_pair_rule_v2
состояние охраны;26.11.2025 16:55:57;1;0.0;1;unknown;weak_rule;conservative_pair_rule_v2
состояние охраны;26.11.2025 19:54:38;1;0.0;1;unknown;weak_rule;conservative_pair_rule_v2
состояние охраны;27.11.2025 09:18:32;1;0.0;1;unknown;weak_rule;conservative_pair_rule_v2
состояние охраны;29.11.2025 23:33:09;1;0.0;1;unknown;weak_rule;conservative_pair_rule_v2
состояние охраны;29.11.2025 23:34:25;1;0.0;1;unknown;weak_rule;conservative_pair_rule_v2
состояние охраны;30.11.2025 07:48:33;1;0.0;1;unknown;weak_rule;conservative_pair_rule_v2
состояние охраны;30.11.2025 15:02:44;1;0.0;1;unknown;weak_rule;conservative_pair_rule_v2
состояние охраны;30.11.2025 15:11:27;1;0.0;1;unknown;weak_rule;conservative_pair_rule_v2
состояние охраны;01.12.2025 07:29:46;1;0.0;1;unknown;weak_rule;conservative_pair_rule_v2
состояние охраны;01.12.2025 07:49:18;1;0.0;1;unknown;weak_rule;conservative_pair_rule_v2
состояние охраны;01.12.2025 07:51:03;1;0.0;1;unknown;weak_rule;conservative_pair_rule_v2
состояние охраны;03.12.2025 16:49:57;1;0.0;1;unknown;weak_rule;conservative_pair_rule_v2
состояние охраны;03.12.2025 19:02:27;1;0.0;1;unknown;weak_rule;conservative_pair_rule_v2
состояние охраны;04.12.2025 08:41:12;1;0.0;1;unknown;weak_rule;conservative_pair_rule_v2
состояние охраны;10.12.2025 07:15:40;1;0.0;1;unknown;weak_rule;conservative_pair_rule_v2
состояние охраны;10.12.2025 08:16:49;1;0.0;1;unknown;weak_rule;conservative_pair_rule_v2
состояние охраны;10.12.2025 12:59:23;1;0.0;1;unknown;weak_rule;conservative_pair_rule_v2
состояние охраны;10.12.2025 16:49:54;1;0.0;1;unknown;weak_rule;conservative_pair_rule_v2
состояние охраны;10.12.2025 16:49:59;1;0.0;1;unknown;weak_rule;conservative_pair_rule_v2
состояние охраны;10.12.2025 18:19:06;1;0.0;1;unknown;weak_rule;conservative_pair_rule_v2
состояние охраны;10.12.2025 23:22:47;1;0.0;1;unknown;weak_rule;conservative_pair_rule_v2
состояние охраны;13.12.2025 08:19:08;1;0.0;1;unknown;weak_rule;conservative_pair_rule_v2
состояние охраны;13.12.2025 08:21:07;1;0.0;1;unknown;weak_rule;conservative_pair_rule_v2
состояние охраны;13.12.2025 13:39:35;1;0.0;1;unknown;weak_rule;conservative_pair_rule_v2
состояние охраны;17.12.2025 16:05:42;1;0.0;1;unknown;weak_rule;conservative_pair_rule_v2
состояние охраны;17.12.2025 16:21:22;1;0.0;1;unknown;weak_rule;conservative_pair_rule_v2
состояние охраны;17.12.2025 16:46:21;1;0.0;1;unknown;weak_rule;conservative_pair_rule_v2
состояние охраны;17.12.2025 17:00:42;1;0.0;1;unknown;weak_rule;conservative_pair_rule_v2
состояние охраны;18.12.2025 07:50:35;1;0.0;1;unknown;weak_rule;conservative_pair_rule_v2
состояние охраны;19.12.2025 16:59:24;1;0.0;1;unknown;weak_rule;conservative_pair_rule_v2
состояние охраны;19.12.2025 17:04:32;1;0.0;1;unknown;weak_rule;conservative_pair_rule_v2
состояние охраны;20.12.2025 08:31:11;1;0.0;1;unknown;weak_rule;conservative_pair_rule_v2
состояние охраны;25.12.2025 16:16:21;1;0.0;1;unknown;weak_rule;conservative_pair_rule_v2
состояние охраны;25.12.2025 16:25:31;1;0.0;1;unknown;weak_rule;conservative_pair_rule_v2
состояние охраны;26.12.2025 00:17:13;1;0.0;1;unknown;weak_rule;conservative_pair_rule_v2
состояние охраны;26.12.2025 07:54:13;1;0.0;1;unknown;weak_rule;conservative_pair_rule_v2
состояние охраны;26.12.2025 08:00:50;1;0.0;1;unknown;weak_rule;conservative_pair_rule_v2
состояние охраны;01.01.2025 17:02:58;1;0.0;1;unknown;weak_rule;conservative_pair_rule_v2
состояние охраны;06.01.2025 07:12:15;1;0.0;1;unknown;weak_rule;conservative_pair_rule_v2
состояние охраны;06.01.2025 16:10:02;1;0.0;1;unknown;weak_rule;conservative_pair_rule_v2
состояние охраны;11.01.2025 15:31:15;1;0.0;1;unknown;weak_rule;conservative_pair_rule_v2
состояние охраны;16.01.2025 07:08:19;1;0.0;1;unknown;weak_rule;conservative_pair_rule_v2
состояние охраны;16.01.2025 08:35:40;1;0.0;1;unknown;weak_rule;conservative_pair_rule_v2
состояние охраны;16.01.2025 08:58:14;1;0.0;1;unknown;weak_rule;conservative_pair_rule_v2
состояние охраны;16.01.2025 09:03:07;1;0.0;1;unknown;weak_rule;conservative_pair_rule_v2
состояние охраны;16.01.2025 09:32:25;1;0.0;1;unknown;weak_rule;conservative_pair_rule_v2
состояние охраны;16.01.2025 16:07:02;1;0.0;1;unknown;weak_rule;conservative_pair_rule_v2
состояние охраны;16.01.2025 16:10:55;1;0.0;1;unknown;weak_rule;conservative_pair_rule_v2
состояние охраны;21.01.2025 19:54:09;1;0.0;1;unknown;weak_rule;conservative_pair_rule_v2
состояние охраны;22.01.2025 08:40:29;1;0.0;1;unknown;weak_rule;conservative_pair_rule_v2
состояние охраны;22.01.2025 08:52:29;1;0.0;1;unknown;weak_rule;conservative_pair_rule_v2
состояние охраны;22.01.2025 09:17:19;1;0.0;1;unknown;weak_rule;conservative_pair_rule_v2
состояние охраны;22.01.2025 10:22:19;1;0.0;1;unknown;weak_rule;conservative_pair_rule_v2
состояние охраны;22.01.2025 15:35:27;1;0.0;1;unknown;weak_rule;conservative_pair_rule_v2
состояние охраны;27.01.2025 08:32:25;1;0.0;1;unknown;weak_rule;conservative_pair_rule_v2
состояние охраны;27.01.2025 10:10:00;1;0.0;1;unknown;weak_rule;conservative_pair_rule_v2
состояние охраны;28.01.2025 07:32:40;1;0.0;1;unknown;weak_rule;conservative_pair_rule_v2
состояние охраны;29.01.2025 16:01:45;1;0.0;1;unknown;weak_rule;conservative_pair_rule_v2
состояние охраны;29.01.2025 22:36:06;1;0.0;1;unknown;weak_rule;conservative_pair_rule_v2
состояние охраны;29.01.2025 22:56:04;1;0.0;1;unknown;weak_rule;conservative_pair_rule_v2
состояние охраны;30.01.2025 08:05:52;1;0.0;1;unknown;weak_rule;conservative_pair_rule_v2
состояние охраны;30.01.2025 08:05:58;1;0.0;1;unknown;weak_rule;conservative_pair_rule_v2
состояние охраны;01.02.2025 20:02:49;1;0.0;1;unknown;weak_rule;conservative_pair_rule_v2
состояние охраны;01.02.2025 20:03:41;1;0.0;1;unknown;weak_rule;conservative_pair_rule_v2
состояние охраны;02.02.2025 07:32:52;1;0.0;1;unknown;weak_rule;conservative_pair_rule_v2
состояние охраны;07.02.2025 05:51:33;1;0.0;1;unknown;weak_rule;conservative_pair_rule_v2
состояние охраны;07.02.2025 07:56:44;1;0.0;1;unknown;weak_rule;conservative_pair_rule_v2
состояние охраны;07.02.2025 08:02:51;1;0.0;1;unknown;weak_rule;conservative_pair_rule_v2
состояние охраны;07.02.2025 08:37:32;1;0.0;1;unknown;weak_rule;conservative_pair_rule_v2
состояние охраны;07.02.2025 09:34:29;1;0.0;1;unknown;weak_rule;conservative_pair_rule_v2
состояние охраны;07.02.2025 12:30:22;1;0.0;1;unknown;weak_rule;conservative_pair_rule_v2
состояние охраны;07.02.2025 13:02:42;1;0.0;1;unknown;weak_rule;conservative_pair_rule_v2
состояние охраны;07.02.2025 16:01:53;1;0.0;1;unknown;weak_rule;conservative_pair_rule_v2
состояние охраны;07.02.2025 16:49:08;1;0.0;1;unknown;weak_rule;conservative_pair_rule_v2
состояние охраны;07.02.2025 20:28:57;1;0.0;1;unknown;weak_rule;conservative_pair_rule_v2
состояние охраны;07.02.2025 20:40:54;1;0.0;1;unknown;weak_rule;conservative_pair_rule_v2
состояние охраны;07.02.2025 21:09:27;1;0.0;1;unknown;weak_rule;conservative_pair_rule_v2
состояние охраны;13.02.2025 10:03:52;1;0.0;1;unknown;weak_rule;conservative_pair_rule_v2
состояние охраны;13.02.2025 16:30:13;1;0.0;1;unknown;weak_rule;conservative_pair_rule_v2
состояние охраны;13.02.2025 16:59:43;1;0.0;1;unknown;weak_rule;conservative_pair_rule_v2
состояние охраны;13.02.2025 18:44:15;1;0.0;1;unknown;weak_rule;conservative_pair_rule_v2
состояние охраны;14.02.2025 07:30:25;1;0.0;1;unknown;weak_rule;conservative_pair_rule_v2
состояние охраны;14.02.2025 07:45:50;1;0.0;1;unknown;weak_rule;conservative_pair_rule_v2
состояние охраны;14.02.2025 08:02:44;1;0.0;1;unknown;weak_rule;conservative_pair_rule_v2
состояние охраны;14.02.2025 08:17:09;1;0.0;1;unknown;weak_rule;conservative_pair_rule_v2
состояние охраны;17.02.2025 08:02:59;1;0.0;1;unknown;weak_rule;conservative_pair_rule_v2
состояние охраны;17.02.2025 09:02:38;1;0.0;1;unknown;weak_rule;conservative_pair_rule_v2
состояние охраны;17.02.2025 15:35:15;1;0.0;1;unknown;weak_rule;conservative_pair_rule_v2
состояние охраны;17.02.2025 16:55:20;1;0.0;1;unknown;weak_rule;conservative_pair_rule_v2
состояние охраны;17.02.2025 17:00:30;1;0.0;1;unknown;weak_rule;conservative_pair_rule_v2
состояние охраны;17.02.2025 18:08:09;1;0.0;1;unknown;weak_rule;conservative_pair_rule_v2
состояние охраны;17.02.2025 18:47:43;1;0.0;1;unknown;weak_rule;conservative_pair_rule_v2
состояние охраны;17.02.2025 19:58:31;1;0.0;1;unknown;weak_rule;conservative_pair_rule_v2
состояние охраны;17.02.2025 20:50:19;1;0.0;1;unknown;weak_rule;conservative_pair_rule_v2
состояние охраны;17.02.2025 22:11:40;1;0.0;1;unknown;weak_rule;conservative_pair_rule_v2
состояние охраны;17.02.2025 22:30:21;1;0.0;1;unknown;weak_rule;conservative_pair_rule_v2
состояние охраны;18.02.2025 01:58:26;1;0.0;1;unknown;weak_rule;conservative_pair_rule_v2
состояние охраны;18.02.2025 02:04:46;1;0.0;1;unknown;weak_rule;conservative_pair_rule_v2
состояние охраны;18.02.2025 04:08:14;1;0.0;1;unknown;weak_rule;conservative_pair_rule_v2
состояние охраны;18.02.2025 04:09:30;1;0.0;1;unknown;weak_rule;conservative_pair_rule_v2
состояние охраны;19.02.2025 07:57:11;1;0.0;1;unknown;weak_rule;conservative_pair_rule_v2
состояние охраны;19.02.2025 08:36:36;1;0.0;1;unknown;weak_rule;conservative_pair_rule_v2
состояние охраны;19.02.2025 08:56:48;1;0.0;1;unknown;weak_rule;conservative_pair_rule_v2
состояние охраны;19.02.2025 09:52:53;1;0.0;1;unknown;weak_rule;conservative_pair_rule_v2
состояние охраны;20.02.2025 07:53:57;1;0.0;1;unknown;weak_rule;conservative_pair_rule_v2
состояние охраны;20.02.2025 08:05:26;1;0.0;1;unknown;weak_rule;conservative_pair_rule_v2
состояние охраны;24.02.2025 07:16:35;1;0.0;1;unknown;weak_rule;conservative_pair_rule_v2
состояние охраны;24.02.2025 08:33:03;1;0.0;1;unknown;weak_rule;conservative_pair_rule_v2
состояние охраны;24.02.2025 09:02:03;1;0.0;1;unknown;weak_rule;conservative_pair_rule_v2
состояние охраны;24.02.2025 09:07:19;1;0.0;1;unknown;weak_rule;conservative_pair_rule_v2
состояние охраны;24.02.2025 10:20:56;1;0.0;1;unknown;weak_rule;conservative_pair_rule_v2
состояние охраны;24.02.2025 12:23:42;1;0.0;1;unknown;weak_rule;conservative_pair_rule_v2
состояние охраны;24.02.2025 18:14:22;1;0.0;1;unknown;weak_rule;conservative_pair_rule_v2
состояние охраны;04.03.2025 07:46:53;1;0.0;1;unknown;weak_rule;conservative_pair_rule_v2
состояние охраны;04.03.2025 08:23:40;1;0.0;1;unknown;weak_rule;conservative_pair_rule_v2
состояние охраны;04.03.2025 09:32:14;1;0.0;1;unknown;weak_rule;conservative_pair_rule_v2
состояние охраны;04.03.2025 11:48:11;1;0.0;1;unknown;weak_rule;conservative_pair_rule_v2
состояние охраны;04.03.2025 13:09:26;1;0.0;1;unknown;weak_rule;conservative_pair_rule_v2
состояние охраны;04.03.2025 15:23:59;1;0.0;1;unknown;weak_rule;conservative_pair_rule_v2
состояние охраны;04.03.2025 15:24:02;1;0.0;1;unknown;weak_rule;conservative_pair_rule_v2
состояние охраны;04.03.2025 17:11:36;1;0.0;1;unknown;weak_rule;conservative_pair_rule_v2
состояние охраны;04.03.2025 20:03:20;1;0.0;1;unknown;weak_rule;conservative_pair_rule_v2
состояние охраны;08.03.2025 06:59:58;1;0.0;1;unknown;weak_rule;conservative_pair_rule_v2
состояние охраны;08.03.2025 07:46:31;1;0.0;1;unknown;weak_rule;conservative_pair_rule_v2
состояние охраны;08.03.2025 08:28:28;1;0.0;1;unknown;weak_rule;conservative_pair_rule_v2
состояние охраны;08.03.2025 08:59:20;1;0.0;1;unknown;weak_rule;conservative_pair_rule_v2
состояние охраны;09.03.2025 07:59:25;1;0.0;1;unknown;weak_rule;conservative_pair_rule_v2
состояние охраны;09.03.2025 08:33:39;1;0.0;1;unknown;weak_rule;conservative_pair_rule_v2
состояние охраны;09.03.2025 08:35:29;1;0.0;1;unknown;weak_rule;conservative_pair_rule_v2
состояние охраны;13.03.2025 05:53:42;1;0.0;1;unknown;weak_rule;conservative_pair_rule_v2
состояние охраны;13.03.2025 08:01:12;1;0.0;1;unknown;weak_rule;conservative_pair_rule_v2
состояние охраны;13.03.2025 08:01:22;1;0.0;1;unknown;weak_rule;conservative_pair_rule_v2
состояние охраны;13.03.2025 08:36:10;1;0.0;1;unknown;weak_rule;conservative_pair_rule_v2
состояние охраны;13.03.2025 08:45:24;1;0.0;1;unknown;weak_rule;conservative_pair_rule_v2
состояние охраны;13.03.2025 16:01:06;1;0.0;1;unknown;weak_rule;conservative_pair_rule_v2
состояние охраны;13.03.2025 16:40:09;1;0.0;1;unknown;weak_rule;conservative_pair_rule_v2
состояние охраны;18.03.2025 16:25:07;1;0.0;1;unknown;weak_rule;conservative_pair_rule_v2
состояние охраны;23.03.2025 14:10:46;1;0.0;1;unknown;weak_rule;conservative_pair_rule_v2
состояние охраны;28.03.2025 07:06:51;1;0.0;1;unknown;weak_rule;conservative_pair_rule_v2
состояние охраны;28.03.2025 07:26:46;1;0.0;1;unknown;weak_rule;conservative_pair_rule_v2
состояние охраны;28.03.2025 07:51:49;1;0.0;1;unknown;weak_rule;conservative_pair_rule_v2
состояние охраны;28.03.2025 08:54:26;1;0.0;1;unknown;weak_rule;conservative_pair_rule_v2
состояние охраны;28.03.2025 08:54:34;1;0.0;1;unknown;weak_rule;conservative_pair_rule_v2
состояние охраны;28.03.2025 12:56:54;1;0.0;1;unknown;weak_rule;conservative_pair_rule_v2
состояние охраны;28.03.2025 16:24:38;1;0.0;1;unknown;weak_rule;conservative_pair_rule_v2
состояние охраны;28.03.2025 16:58:45;1;0.0;1;unknown;weak_rule;conservative_pair_rule_v2
состояние охраны;28.03.2025 17:14:39;1;0.0;1;unknown;weak_rule;conservative_pair_rule_v2
состояние охраны;28.03.2025 17:18:34;1;0.0;1;unknown;weak_rule;conservative_pair_rule_v2
состояние охраны;01.04.2025 17:15:12;1;0.0;1;unknown;weak_rule;conservative_pair_rule_v2
состояние охраны;02.04.2025 09:54:15;1;0.0;1;unknown;weak_rule;conservative_pair_rule_v2
состояние охраны;02.04.2025 15:00:25;1;0.0;1;unknown;weak_rule;conservative_pair_rule_v2
состояние охраны;02.04.2025 18:25:22;1;0.0;1;unknown;weak_rule;conservative_pair_rule_v2
состояние охраны;02.04.2025 18:53:44;1;0.0;1;unknown;weak_rule;conservative_pair_rule_v2
состояние охраны;06.04.2025 20:05:16;1;0.0;1;unknown;weak_rule;conservative_pair_rule_v2
состояние охраны;07.04.2025 07:56:52;1;0.0;1;unknown;weak_rule;conservative_pair_rule_v2
состояние охраны;07.04.2025 07:59:54;1;0.0;1;unknown;weak_rule;conservative_pair_rule_v2
состояние охраны;07.04.2025 08:33:04;1;0.0;1;unknown;weak_rule;conservative_pair_rule_v2
состояние охраны;07.04.2025 08:53:57;1;0.0;1;unknown;weak_rule;conservative_pair_rule_v2
состояние охраны;07.04.2025 09:00:42;1;0.0;1;unknown;weak_rule;conservative_pair_rule_v2
газовый датчик;6.42;1;0.0;1;unknown;weak_rule;conservative_pair_rule_v2
состояние охраны;07.04.2025 10:12:15;1;0.0;1;unknown;weak_rule;conservative_pair_rule_v2
состояние охраны;07.04.2025 13:07:05;1;0.0;1;unknown;weak_rule;conservative_pair_rule_v2
состояние охраны;07.04.2025 13:07:12;1;0.0;1;unknown;weak_rule;conservative_pair_rule_v2
состояние охраны;07.04.2025 13:38:42;1;0.0;1;unknown;weak_rule;conservative_pair_rule_v2
состояние охраны;07.04.2025 17:02:04;1;0.0;1;unknown;weak_rule;conservative_pair_rule_v2
состояние охраны;07.04.2025 19:01:28;1;0.0;1;unknown;weak_rule;conservative_pair_rule_v2
состояние охраны;11.04.2025 07:34:49;1;0.0;1;unknown;weak_rule;conservative_pair_rule_v2
состояние охраны;11.04.2025 08:42:30;1;0.0;1;unknown;weak_rule;conservative_pair_rule_v2
состояние охраны;11.04.2025 09:46:17;1;0.0;1;unknown;weak_rule;conservative_pair_rule_v2
состояние охраны;11.04.2025 16:56:33;1;0.0;1;unknown;weak_rule;conservative_pair_rule_v2
состояние охраны;11.04.2025 18:45:13;1;0.0;1;unknown;weak_rule;conservative_pair_rule_v2
состояние охраны;14.04.2025 08:00:36;1;0.0;1;unknown;weak_rule;conservative_pair_rule_v2
состояние охраны;14.04.2025 16:09:35;1;0.0;1;unknown;weak_rule;conservative_pair_rule_v2
состояние охраны;14.04.2025 16:13:27;1;0.0;1;unknown;weak_rule;conservative_pair_rule_v2
состояние охраны;14.04.2025 17:00:32;1;0.0;1;unknown;weak_rule;conservative_pair_rule_v2
состояние охраны;20.04.2025 08:00:56;1;0.0;1;unknown;weak_rule;conservative_pair_rule_v2
состояние охраны;20.04.2025 09:09:36;1;0.0;1;unknown;weak_rule;conservative_pair_rule_v2
состояние охраны;24.04.2025 07:09:02;1;0.0;1;unknown;weak_rule;conservative_pair_rule_v2
состояние охраны;24.04.2025 07:35:04;1;0.0;1;unknown;weak_rule;conservative_pair_rule_v2
состояние охраны;24.04.2025 08:04:30;1;0.0;1;unknown;weak_rule;conservative_pair_rule_v2
состояние охраны;24.04.2025 15:43:02;1;0.0;1;unknown;weak_rule;conservative_pair_rule_v2
состояние охраны;24.04.2025 20:03:19;1;0.0;1;unknown;weak_rule;conservative_pair_rule_v2
состояние охраны;24.04.2025 20:05:55;1;0.0;1;unknown;weak_rule;conservative_pair_rule_v2
состояние охраны;28.04.2025 07:41:31;1;0.0;1;unknown;weak_rule;conservative_pair_rule_v2
состояние охраны;28.04.2025 08:05:04;1;0.0;1;unknown;weak_rule;conservative_pair_rule_v2
состояние охраны;28.04.2025 08:08:44;1;0.0;1;unknown;weak_rule;conservative_pair_rule_v2
состояние охраны;28.04.2025 15:42:35;1;0.0;1;unknown;weak_rule;conservative_pair_rule_v2
состояние охраны;02.05.2025 08:10:32;1;0.0;1;unknown;weak_rule;conservative_pair_rule_v2
состояние охраны;11.05.2025 20:02:17;1;0.0;1;unknown;weak_rule;conservative_pair_rule_v2
состояние охраны;12.05.2025 07:58:31;1;0.0;1;unknown;weak_rule;conservative_pair_rule_v2
состояние охраны;16.05.2025 07:53:29;1;0.0;1;unknown;weak_rule;conservative_pair_rule_v2
состояние охраны;20.05.2025 15:59:29;1;0.0;1;unknown;weak_rule;conservative_pair_rule_v2
состояние охраны;20.05.2025 17:00:14;1;0.0;1;unknown;weak_rule;conservative_pair_rule_v2
состояние охраны;21.05.2025 01:16:49;1;0.0;1;unknown;weak_rule;conservative_pair_rule_v2
состояние охраны;21.05.2025 01:16:54;1;0.0;1;unknown;weak_rule;conservative_pair_rule_v2
состояние охраны;21.05.2025 04:37:58;1;0.0;1;unknown;weak_rule;conservative_pair_rule_v2
состояние охраны;21.05.2025 04:38:03;1;0.0;1;unknown;weak_rule;conservative_pair_rule_v2
состояние охраны;21.05.2025 07:26:49;1;0.0;1;unknown;weak_rule;conservative_pair_rule_v2
состояние охраны;21.05.2025 07:54:54;1;0.0;1;unknown;weak_rule;conservative_pair_rule_v2
состояние охраны;21.05.2025 08:33:26;1;0.0;1;unknown;weak_rule;conservative_pair_rule_v2
состояние охраны;23.05.2025 19:32:53;1;0.0;1;unknown;weak_rule;conservative_pair_rule_v2
состояние охраны;24.05.2025 01:16:25;1;0.0;1;unknown;weak_rule;conservative_pair_rule_v2
состояние охраны;24.05.2025 11:58:38;1;0.0;1;unknown;weak_rule;conservative_pair_rule_v2
состояние охраны;24.05.2025 11:58:40;1;0.0;1;unknown;weak_rule;conservative_pair_rule_v2
состояние охраны;24.05.2025 12:58:32;1;0.0;1;unknown;weak_rule;conservative_pair_rule_v2
состояние охраны;24.05.2025 22:20:06;1;0.0;1;unknown;weak_rule;conservative_pair_rule_v2
состояние охраны;24.05.2025 22:21:17;1;0.0;1;unknown;weak_rule;conservative_pair_rule_v2
состояние охраны;26.05.2025 08:41:49;1;0.0;1;unknown;weak_rule;conservative_pair_rule_v2
состояние охраны;26.05.2025 08:58:19;1;0.0;1;unknown;weak_rule;conservative_pair_rule_v2
состояние охраны;26.05.2025 16:36:00;1;0.0;1;unknown;weak_rule;conservative_pair_rule_v2
состояние охраны;27.05.2025 01:50:38;1;0.0;1;unknown;weak_rule;conservative_pair_rule_v2
состояние охраны;27.05.2025 01:51:36;1;0.0;1;unknown;weak_rule;conservative_pair_rule_v2
состояние охраны;27.05.2025 01:54:58;1;0.0;1;unknown;weak_rule;conservative_pair_rule_v2
состояние охраны;27.05.2025 03:50:03;1;0.0;1;unknown;weak_rule;conservative_pair_rule_v2
состояние охраны;27.05.2025 07:33:33;1;0.0;1;unknown;weak_rule;conservative_pair_rule_v2
состояние охраны;27.05.2025 07:46:23;1;0.0;1;unknown;weak_rule;conservative_pair_rule_v2
состояние охраны;30.05.2025 05:07:24;1;0.0;1;unknown;weak_rule;conservative_pair_rule_v2
состояние охраны;30.05.2025 05:08:04;1;0.0;1;unknown;weak_rule;conservative_pair_rule_v2
состояние охраны;30.05.2025 06:27:43;1;0.0;1;unknown;weak_rule;conservative_pair_rule_v2
состояние охраны;30.05.2025 06:27:55;1;0.0;1;unknown;weak_rule;conservative_pair_rule_v2
состояние охраны;30.05.2025 08:03:23;1;0.0;1;unknown;weak_rule;conservative_pair_rule_v2
состояние охраны;30.05.2025 08:13:19;1;0.0;1;unknown;weak_rule;conservative_pair_rule_v2
состояние охраны;30.05.2025 08:29:59;1;0.0;1;unknown;weak_rule;conservative_pair_rule_v2
состояние охраны;30.05.2025 16:07:55;1;0.0;1;unknown;weak_rule;conservative_pair_rule_v2
состояние охраны;30.05.2025 16:25:41;1;0.0;1;unknown;weak_rule;conservative_pair_rule_v2
состояние охраны;30.05.2025 22:02:57;1;0.0;1;unknown;weak_rule;conservative_pair_rule_v2
состояние охраны;30.05.2025 22:05:51;1;0.0;1;unknown;weak_rule;conservative_pair_rule_v2
состояние охраны;31.05.2025 00:04:48;1;0.0;1;unknown;weak_rule;conservative_pair_rule_v2
состояние охраны;31.05.2025 01:15:18;1;0.0;1;unknown;weak_rule;conservative_pair_rule_v2
состояние охраны;31.05.2025 01:53:47;1;0.0;1;unknown;weak_rule;conservative_pair_rule_v2
состояние охраны;03.06.2025 06:17:08;1;0.0;1;unknown;weak_rule;conservative_pair_rule_v2
состояние охраны;03.06.2025 07:44:46;1;0.0;1;unknown;weak_rule;conservative_pair_rule_v2
состояние охраны;03.06.2025 16:05:00;1;0.0;1;unknown;weak_rule;conservative_pair_rule_v2
состояние охраны;03.06.2025 16:53:35;1;0.0;1;unknown;weak_rule;conservative_pair_rule_v2
состояние охраны;03.06.2025 17:27:17;1;0.0;1;unknown;weak_rule;conservative_pair_rule_v2
состояние охраны;03.06.2025 18:30:10;1;0.0;1;unknown;weak_rule;conservative_pair_rule_v2
состояние охраны;03.06.2025 22:31:28;1;0.0;1;unknown;weak_rule;conservative_pair_rule_v2
состояние охраны;11.06.2025 11:44:38;1;0.0;1;unknown;weak_rule;conservative_pair_rule_v2
состояние охраны;11.06.2025 23:06:14;1;0.0;1;unknown;weak_rule;conservative_pair_rule_v2
состояние охраны;11.06.2025 23:07:44;1;0.0;1;unknown;weak_rule;conservative_pair_rule_v2
состояние охраны;15.06.2025 12:29:27;1;0.0;1;unknown;weak_rule;conservative_pair_rule_v2
состояние охраны;15.06.2025 12:31:59;1;0.0;1;unknown;weak_rule;conservative_pair_rule_v2
состояние охраны;16.06.2025 01:46:29;1;0.0;1;unknown;weak_rule;conservative_pair_rule_v2
состояние охраны;16.06.2025 07:15:44;1;0.0;1;unknown;weak_rule;conservative_pair_rule_v2
состояние охраны;16.06.2025 07:57:09;1;0.0;1;unknown;weak_rule;conservative_pair_rule_v2
состояние охраны;16.06.2025 08:03:36;1;0.0;1;unknown;weak_rule;conservative_pair_rule_v2
состояние охраны;16.06.2025 10:36:14;1;0.0;1;unknown;weak_rule;conservative_pair_rule_v2
состояние охраны;19.06.2025 08:00:34;1;0.0;1;unknown;weak_rule;conservative_pair_rule_v2
состояние охраны;19.06.2025 12:48:01;1;0.0;1;unknown;weak_rule;conservative_pair_rule_v2
состояние охраны;19.06.2025 16:31:24;1;0.0;1;unknown;weak_rule;conservative_pair_rule_v2
состояние охраны;19.06.2025 16:32:42;1;0.0;1;unknown;weak_rule;conservative_pair_rule_v2
состояние охраны;19.06.2025 16:41:23;1;0.0;1;unknown;weak_rule;conservative_pair_rule_v2
состояние охраны;19.06.2025 16:44:28;1;0.0;1;unknown;weak_rule;conservative_pair_rule_v2
состояние охраны;19.06.2025 17:02:36;1;0.0;1;unknown;weak_rule;conservative_pair_rule_v2
состояние охраны;19.06.2025 17:41:57;1;0.0;1;unknown;weak_rule;conservative_pair_rule_v2
состояние охраны;19.06.2025 21:16:13;1;0.0;1;unknown;weak_rule;conservative_pair_rule_v2
состояние охраны;21.06.2025 00:12:44;1;0.0;1;unknown;weak_rule;conservative_pair_rule_v2
состояние охраны;21.06.2025 05:53:21;1;0.0;1;unknown;weak_rule;conservative_pair_rule_v2
состояние охраны;21.06.2025 05:53:25;1;0.0;1;unknown;weak_rule;conservative_pair_rule_v2
состояние охраны;21.06.2025 16:11:48;1;0.0;1;unknown;weak_rule;conservative_pair_rule_v2
состояние охраны;27.06.2025 05:27:42;1;0.0;1;unknown;weak_rule;conservative_pair_rule_v2
состояние охраны;27.06.2025 05:27:44;1;0.0;1;unknown;weak_rule;conservative_pair_rule_v2
состояние охраны;27.06.2025 08:15:17;1;0.0;1;unknown;weak_rule;conservative_pair_rule_v2
состояние охраны;27.06.2025 08:37:53;1;0.0;1;unknown;weak_rule;conservative_pair_rule_v2
состояние охраны;27.06.2025 08:55:46;1;0.0;1;unknown;weak_rule;conservative_pair_rule_v2
состояние охраны;27.06.2025 17:01:23;1;0.0;1;unknown;weak_rule;conservative_pair_rule_v2
состояние охраны;29.06.2025 00:55:52;1;0.0;1;unknown;weak_rule;conservative_pair_rule_v2
состояние охраны;29.06.2025 01:28:38;1;0.0;1;unknown;weak_rule;conservative_pair_rule_v2
состояние охраны;29.06.2025 09:53:31;1;0.0;1;unknown;weak_rule;conservative_pair_rule_v2
состояние охраны;29.06.2025 11:26:29;1;0.0;1;unknown;weak_rule;conservative_pair_rule_v2
состояние охраны;29.06.2025 11:39:33;1;0.0;1;unknown;weak_rule;conservative_pair_rule_v2
состояние охраны;02.07.2025 08:51:40;1;0.0;1;unknown;weak_rule;conservative_pair_rule_v2
состояние охраны;02.07.2025 10:08:46;1;0.0;1;unknown;weak_rule;conservative_pair_rule_v2
состояние охраны;02.07.2025 16:38:20;1;0.0;1;unknown;weak_rule;conservative_pair_rule_v2
состояние охраны;09.07.2025 07:07:03;1;0.0;1;unknown;weak_rule;conservative_pair_rule_v2
состояние охраны;09.07.2025 07:42:06;1;0.0;1;unknown;weak_rule;conservative_pair_rule_v2
состояние охраны;09.07.2025 08:00:45;1;0.0;1;unknown;weak_rule;conservative_pair_rule_v2
состояние охраны;09.07.2025 08:08:38;1;0.0;1;unknown;weak_rule;conservative_pair_rule_v2
состояние охраны;09.07.2025 10:13:06;1;0.0;1;unknown;weak_rule;conservative_pair_rule_v2
состояние охраны;09.07.2025 11:00:05;1;0.0;1;unknown;weak_rule;conservative_pair_rule_v2
состояние охраны;12.07.2025 12:38:49;1;0.0;1;unknown;weak_rule;conservative_pair_rule_v2
состояние охраны;12.07.2025 14:52:48;1;0.0;1;unknown;weak_rule;conservative_pair_rule_v2
состояние охраны;12.07.2025 16:57:34;1;0.0;1;unknown;weak_rule;conservative_pair_rule_v2
состояние охраны;16.07.2025 07:16:41;1;0.0;1;unknown;weak_rule;conservative_pair_rule_v2
состояние охраны;16.07.2025 07:57:29;1;0.0;1;unknown;weak_rule;conservative_pair_rule_v2
состояние охраны;16.07.2025 08:00:22;1;0.0;1;unknown;weak_rule;conservative_pair_rule_v2
состояние охраны;16.07.2025 09:28:16;1;0.0;1;unknown;weak_rule;conservative_pair_rule_v2
состояние охраны;16.07.2025 10:10:51;1;0.0;1;unknown;weak_rule;conservative_pair_rule_v2
состояние охраны;16.07.2025 16:40:20;1;0.0;1;unknown;weak_rule;conservative_pair_rule_v2
состояние охраны;19.07.2025 15:34:06;1;0.0;1;unknown;weak_rule;conservative_pair_rule_v2
состояние охраны;21.07.2025 13:27:09;1;0.0;1;unknown;weak_rule;conservative_pair_rule_v2
состояние охраны;21.07.2025 15:26:16;1;0.0;1;unknown;weak_rule;conservative_pair_rule_v2
состояние охраны;21.07.2025 15:52:48;1;0.0;1;unknown;weak_rule;conservative_pair_rule_v2
состояние охраны;21.07.2025 16:04:38;1;0.0;1;unknown;weak_rule;conservative_pair_rule_v2
состояние охраны;21.07.2025 17:01:25;1;0.0;1;unknown;weak_rule;conservative_pair_rule_v2
состояние охраны;21.07.2025 17:19:52;1;0.0;1;unknown;weak_rule;conservative_pair_rule_v2
состояние охраны;21.07.2025 17:20:02;1;0.0;1;unknown;weak_rule;conservative_pair_rule_v2
состояние охраны;21.07.2025 17:22:46;1;0.0;1;unknown;weak_rule;conservative_pair_rule_v2
состояние охраны;21.07.2025 20:43:30;1;0.0;1;unknown;weak_rule;conservative_pair_rule_v2
состояние охраны;22.07.2025 02:10:16;1;0.0;1;unknown;weak_rule;conservative_pair_rule_v2
состояние охраны;22.07.2025 08:06:18;1;0.0;1;unknown;weak_rule;conservative_pair_rule_v2
состояние охраны;29.07.2025 07:13:06;1;0.0;1;unknown;weak_rule;conservative_pair_rule_v2
состояние охраны;29.07.2025 07:31:46;1;0.0;1;unknown;weak_rule;conservative_pair_rule_v2
состояние охраны;29.07.2025 07:31:49;1;0.0;1;unknown;weak_rule;conservative_pair_rule_v2
состояние охраны;29.07.2025 07:43:28;1;0.0;1;unknown;weak_rule;conservative_pair_rule_v2
состояние охраны;29.07.2025 07:57:02;1;0.0;1;unknown;weak_rule;conservative_pair_rule_v2
состояние охраны;29.07.2025 08:02:42;1;0.0;1;unknown;weak_rule;conservative_pair_rule_v2
состояние охраны;29.07.2025 09:23:52;1;0.0;1;unknown;weak_rule;conservative_pair_rule_v2
состояние охраны;29.07.2025 13:09:03;1;0.0;1;unknown;weak_rule;conservative_pair_rule_v2
состояние охраны;29.07.2025 16:24:16;1;0.0;1;unknown;weak_rule;conservative_pair_rule_v2
состояние охраны;29.07.2025 17:00:21;1;0.0;1;unknown;weak_rule;conservative_pair_rule_v2
состояние охраны;03.08.2025 08:55:12;1;0.0;1;unknown;weak_rule;conservative_pair_rule_v2
состояние охраны;03.08.2025 09:47:20;1;0.0;1;unknown;weak_rule;conservative_pair_rule_v2
состояние охраны;04.08.2025 05:29:18;1;0.0;1;unknown;weak_rule;conservative_pair_rule_v2
состояние охраны;04.08.2025 07:19:59;1;0.0;1;unknown;weak_rule;conservative_pair_rule_v2
состояние охраны;04.08.2025 07:53:06;1;0.0;1;unknown;weak_rule;conservative_pair_rule_v2
состояние охраны;06.08.2025 16:24:58;1;0.0;1;unknown;weak_rule;conservative_pair_rule_v2
состояние охраны;06.08.2025 17:01:49;1;0.0;1;unknown;weak_rule;conservative_pair_rule_v2
состояние охраны;06.08.2025 17:42:46;1;0.0;1;unknown;weak_rule;conservative_pair_rule_v2
состояние охраны;07.08.2025 08:14:19;1;0.0;1;unknown;weak_rule;conservative_pair_rule_v2
состояние охраны;07.08.2025 08:24:04;1;0.0;1;unknown;weak_rule;conservative_pair_rule_v2
состояние охраны;10.08.2025 20:02:25;1;0.0;1;unknown;weak_rule;conservative_pair_rule_v2
состояние охраны;11.08.2025 07:18:36;1;0.0;1;unknown;weak_rule;conservative_pair_rule_v2
состояние охраны;11.08.2025 08:03:50;1;0.0;1;unknown;weak_rule;conservative_pair_rule_v2
состояние охраны;15.08.2025 13:52:28;1;0.0;1;unknown;weak_rule;conservative_pair_rule_v2
состояние охраны;15.08.2025 16:28:38;1;0.0;1;unknown;weak_rule;conservative_pair_rule_v2
состояние охраны;20.08.2025 15:51:36;1;0.0;1;unknown;weak_rule;conservative_pair_rule_v2
состояние охраны;20.08.2025 16:42:59;1;0.0;1;unknown;weak_rule;conservative_pair_rule_v2
состояние охраны;20.08.2025 17:30:05;1;0.0;1;unknown;weak_rule;conservative_pair_rule_v2
состояние охраны;20.08.2025 20:02:05;1;0.0;1;unknown;weak_rule;conservative_pair_rule_v2
состояние охраны;26.08.2025 12:38:34;1;0.0;1;unknown;weak_rule;conservative_pair_rule_v2
состояние охраны;26.08.2025 16:34:26;1;0.0;1;unknown;weak_rule;conservative_pair_rule_v2
состояние охраны;26.08.2025 16:55:27;1;0.0;1;unknown;weak_rule;conservative_pair_rule_v2
состояние охраны;26.08.2025 17:00:27;1;0.0;1;unknown;weak_rule;conservative_pair_rule_v2
состояние охраны;26.08.2025 18:40:07;1;0.0;1;unknown;weak_rule;conservative_pair_rule_v2
состояние охраны;29.08.2025 20:03:10;1;0.0;1;unknown;weak_rule;conservative_pair_rule_v2
состояние охраны;30.08.2025 03:01:11;1;0.0;1;unknown;weak_rule;conservative_pair_rule_v2
состояние охраны;30.08.2025 12:00:09;1;0.0;1;unknown;weak_rule;conservative_pair_rule_v2
состояние охраны;30.08.2025 12:53:55;1;0.0;1;unknown;weak_rule;conservative_pair_rule_v2
состояние охраны;02.09.2025 17:00:30;1;0.0;1;unknown;weak_rule;conservative_pair_rule_v2
состояние охраны;02.09.2025 20:01:52;1;0.0;1;unknown;weak_rule;conservative_pair_rule_v2
состояние охраны;02.09.2025 22:05:47;1;0.0;1;unknown;weak_rule;conservative_pair_rule_v2
состояние охраны;03.09.2025 07:23:21;1;0.0;1;unknown;weak_rule;conservative_pair_rule_v2
состояние охраны;06.09.2025 14:03:51;1;0.0;1;unknown;weak_rule;conservative_pair_rule_v2
состояние охраны;06.09.2025 14:51:13;1;0.0;1;unknown;weak_rule;conservative_pair_rule_v2
состояние охраны;06.09.2025 16:09:30;1;0.0;1;unknown;weak_rule;conservative_pair_rule_v2
состояние охраны;06.09.2025 19:56:52;1;0.0;1;unknown;weak_rule;conservative_pair_rule_v2
состояние охраны;06.09.2025 20:54:23;1;0.0;1;unknown;weak_rule;conservative_pair_rule_v2
состояние охраны;09.09.2025 14:11:57;1;0.0;1;unknown;weak_rule;conservative_pair_rule_v2
состояние охраны;09.09.2025 23:03:12;1;0.0;1;unknown;weak_rule;conservative_pair_rule_v2
состояние охраны;10.09.2025 01:56:31;1;0.0;1;unknown;weak_rule;conservative_pair_rule_v2
состояние охраны;10.09.2025 07:17:14;1;0.0;1;unknown;weak_rule;conservative_pair_rule_v2
состояние охраны;10.09.2025 07:56:13;1;0.0;1;unknown;weak_rule;conservative_pair_rule_v2
состояние охраны;17.09.2025 07:28:16;1;0.0;1;unknown;weak_rule;conservative_pair_rule_v2
состояние охраны;17.09.2025 08:58:13;1;0.0;1;unknown;weak_rule;conservative_pair_rule_v2
состояние охраны;17.09.2025 08:58:17;1;0.0;1;unknown;weak_rule;conservative_pair_rule_v2
состояние охраны;17.09.2025 15:47:37;1;0.0;1;unknown;weak_rule;conservative_pair_rule_v2
состояние охраны;17.09.2025 16:30:19;1;0.0;1;unknown;weak_rule;conservative_pair_rule_v2
состояние охраны;17.09.2025 17:03:32;1;0.0;1;unknown;weak_rule;conservative_pair_rule_v2
состояние охраны;17.09.2025 18:08:01;1;0.0;1;unknown;weak_rule;conservative_pair_rule_v2
состояние охраны;17.09.2025 19:31:15;1;0.0;1;unknown;weak_rule;conservative_pair_rule_v2
состояние охраны;21.09.2025 16:53:36;1;0.0;1;unknown;weak_rule;conservative_pair_rule_v2
состояние охраны;21.09.2025 16:55:19;1;0.0;1;unknown;weak_rule;conservative_pair_rule_v2
состояние охраны;21.09.2025 18:13:06;1;0.0;1;unknown;weak_rule;conservative_pair_rule_v2
состояние охраны;21.09.2025 18:16:25;1;0.0;1;unknown;weak_rule;conservative_pair_rule_v2
состояние охраны;21.09.2025 18:20:43;1;0.0;1;unknown;weak_rule;conservative_pair_rule_v2
состояние охраны;21.09.2025 18:26:21;1;0.0;1;unknown;weak_rule;conservative_pair_rule_v2
состояние охраны;24.09.2025 16:31:35;1;0.0;1;unknown;weak_rule;conservative_pair_rule_v2
состояние охраны;24.09.2025 17:55:22;1;0.0;1;unknown;weak_rule;conservative_pair_rule_v2
состояние охраны;25.09.2025 07:13:37;1;0.0;1;unknown;weak_rule;conservative_pair_rule_v2
состояние охраны;25.09.2025 07:22:04;1;0.0;1;unknown;weak_rule;conservative_pair_rule_v2
состояние охраны;25.09.2025 07:26:38;1;0.0;1;unknown;weak_rule;conservative_pair_rule_v2
состояние охраны;25.09.2025 08:00:55;1;0.0;1;unknown;weak_rule;conservative_pair_rule_v2
состояние охраны;25.09.2025 08:12:22;1;0.0;1;unknown;weak_rule;conservative_pair_rule_v2
состояние охраны;25.09.2025 08:12:28;1;0.0;1;unknown;weak_rule;conservative_pair_rule_v2
состояние охраны;28.09.2025 23:10:26;1;0.0;1;unknown;weak_rule;conservative_pair_rule_v2
состояние охраны;29.09.2025 07:58:32;1;0.0;1;unknown;weak_rule;conservative_pair_rule_v2
состояние охраны;29.09.2025 08:01:05;1;0.0;1;unknown;weak_rule;conservative_pair_rule_v2
состояние охраны;29.09.2025 08:14:58;1;0.0;1;unknown;weak_rule;conservative_pair_rule_v2
состояние охраны;29.09.2025 09:26:45;1;0.0;1;unknown;weak_rule;conservative_pair_rule_v2
состояние охраны;29.09.2025 11:01:23;1;0.0;1;unknown;weak_rule;conservative_pair_rule_v2
состояние охраны;02.10.2025 07:48:24;1;0.0;1;unknown;weak_rule;conservative_pair_rule_v2
состояние охраны;02.10.2025 08:03:56;1;0.0;1;unknown;weak_rule;conservative_pair_rule_v2
состояние охраны;02.10.2025 08:08:48;1;0.0;1;unknown;weak_rule;conservative_pair_rule_v2
кд люк;выключен;1;0.0;1;unknown;weak_rule;conservative_pair_rule_v2
состояние охраны;02.10.2025 10:37:19;1;0.0;1;unknown;weak_rule;conservative_pair_rule_v2
состояние охраны;02.10.2025 10:52:55;1;0.0;1;unknown;weak_rule;conservative_pair_rule_v2
состояние охраны;02.10.2025 10:53:48;1;0.0;1;unknown;weak_rule;conservative_pair_rule_v2
состояние охраны;02.10.2025 11:09:42;1;0.0;1;unknown;weak_rule;conservative_pair_rule_v2
состояние охраны;02.10.2025 16:32:53;1;0.0;1;unknown;weak_rule;conservative_pair_rule_v2
состояние охраны;02.10.2025 16:55:56;1;0.0;1;unknown;weak_rule;conservative_pair_rule_v2
состояние охраны;02.10.2025 17:31:03;1;0.0;1;unknown;weak_rule;conservative_pair_rule_v2
состояние охраны;02.10.2025 23:18:13;1;0.0;1;unknown;weak_rule;conservative_pair_rule_v2
состояние охраны;04.10.2025 08:00:12;1;0.0;1;unknown;weak_rule;conservative_pair_rule_v2
состояние охраны;04.10.2025 12:06:59;1;0.0;1;unknown;weak_rule;conservative_pair_rule_v2
состояние охраны;04.10.2025 20:02:35;1;0.0;1;unknown;weak_rule;conservative_pair_rule_v2
состояние охраны;10.10.2025 08:21:37;1;0.0;1;unknown;weak_rule;conservative_pair_rule_v2
состояние охраны;10.10.2025 10:10:02;1;0.0;1;unknown;weak_rule;conservative_pair_rule_v2
состояние охраны;10.10.2025 11:31:03;1;0.0;1;unknown;weak_rule;conservative_pair_rule_v2
состояние охраны;10.10.2025 15:27:54;1;0.0;1;unknown;weak_rule;conservative_pair_rule_v2
состояние охраны;10.10.2025 16:48:32;1;0.0;1;unknown;weak_rule;conservative_pair_rule_v2
состояние охраны;11.10.2025 07:32:30;1;0.0;1;unknown;weak_rule;conservative_pair_rule_v2
состояние охраны;11.10.2025 08:00:18;1;0.0;1;unknown;weak_rule;conservative_pair_rule_v2
состояние охраны;14.10.2025 16:00:03;1;0.0;1;unknown;weak_rule;conservative_pair_rule_v2
состояние охраны;14.10.2025 16:50:00;1;0.0;1;unknown;weak_rule;conservative_pair_rule_v2
состояние охраны;14.10.2025 18:57:16;1;0.0;1;unknown;weak_rule;conservative_pair_rule_v2
состояние охраны;14.10.2025 23:46:23;1;0.0;1;unknown;weak_rule;conservative_pair_rule_v2
состояние охраны;15.10.2025 07:57:31;1;0.0;1;unknown;weak_rule;conservative_pair_rule_v2
состояние охраны;15.10.2025 08:02:19;1;0.0;1;unknown;weak_rule;conservative_pair_rule_v2
состояние охраны;18.10.2025 18:44:36;1;0.0;1;unknown;weak_rule;conservative_pair_rule_v2
состояние охраны;19.10.2025 23:49:04;1;0.0;1;unknown;weak_rule;conservative_pair_rule_v2
состояние охраны;23.10.2025 07:48:51;1;0.0;1;unknown;weak_rule;conservative_pair_rule_v2
состояние охраны;23.10.2025 08:01:11;1;0.0;1;unknown;weak_rule;conservative_pair_rule_v2
состояние охраны;23.10.2025 08:08:52;1;0.0;1;unknown;weak_rule;conservative_pair_rule_v2
состояние охраны;23.10.2025 08:18:30;1;0.0;1;unknown;weak_rule;conservative_pair_rule_v2
состояние охраны;23.10.2025 09:40:11;1;0.0;1;unknown;weak_rule;conservative_pair_rule_v2
состояние охраны;23.10.2025 15:41:55;1;0.0;1;unknown;weak_rule;conservative_pair_rule_v2
состояние охраны;23.10.2025 17:16:19;1;0.0;1;unknown;weak_rule;conservative_pair_rule_v2
состояние охраны;28.10.2025 07:54:06;1;0.0;1;unknown;weak_rule;conservative_pair_rule_v2
состояние охраны;28.10.2025 08:03:47;1;0.0;1;unknown;weak_rule;conservative_pair_rule_v2
состояние охраны;28.10.2025 08:55:06;1;0.0;1;unknown;weak_rule;conservative_pair_rule_v2
состояние охраны;28.10.2025 09:39:10;1;0.0;1;unknown;weak_rule;conservative_pair_rule_v2
состояние охраны;31.10.2025 16:29:31;1;0.0;1;unknown;weak_rule;conservative_pair_rule_v2
состояние охраны;31.10.2025 16:29:35;1;0.0;1;unknown;weak_rule;conservative_pair_rule_v2
состояние охраны;31.10.2025 18:17:24;1;0.0;1;unknown;weak_rule;conservative_pair_rule_v2
состояние охраны;31.10.2025 19:08:23;1;0.0;1;unknown;weak_rule;conservative_pair_rule_v2
состояние охраны;31.10.2025 20:06:26;1;0.0;1;unknown;weak_rule;conservative_pair_rule_v2
состояние охраны;31.10.2025 21:23:32;1;0.0;1;unknown;weak_rule;conservative_pair_rule_v2
состояние охраны;31.10.2025 21:42:41;1;0.0;1;unknown;weak_rule;conservative_pair_rule_v2
состояние охраны;01.11.2025 08:03:11;1;0.0;1;unknown;weak_rule;conservative_pair_rule_v2
состояние охраны;01.11.2025 14:25:50;1;0.0;1;unknown;weak_rule;conservative_pair_rule_v2
состояние охраны;01.11.2025 14:49:35;1;0.0;1;unknown;weak_rule;conservative_pair_rule_v2
состояние охраны;01.11.2025 15:35:21;1;0.0;1;unknown;weak_rule;conservative_pair_rule_v2
состояние охраны;01.11.2025 15:35:24;1;0.0;1;unknown;weak_rule;conservative_pair_rule_v2
состояние охраны;05.11.2025 16:05:27;1;0.0;1;unknown;weak_rule;conservative_pair_rule_v2
состояние охраны;06.11.2025 07:21:09;1;0.0;1;unknown;weak_rule;conservative_pair_rule_v2
состояние охраны;06.11.2025 08:00:10;1;0.0;1;unknown;weak_rule;conservative_pair_rule_v2
состояние охраны;06.11.2025 08:01:05;1;0.0;1;unknown;weak_rule;conservative_pair_rule_v2
состояние охраны;06.11.2025 10:15:12;1;0.0;1;unknown;weak_rule;conservative_pair_rule_v2
состояние охраны;13.11.2025 07:37:58;1;0.0;1;unknown;weak_rule;conservative_pair_rule_v2
состояние охраны;13.11.2025 07:42:11;1;0.0;1;unknown;weak_rule;conservative_pair_rule_v2
состояние охраны;13.11.2025 08:14:31;1;0.0;1;unknown;weak_rule;conservative_pair_rule_v2
состояние охраны;13.11.2025 09:54:52;1;0.0;1;unknown;weak_rule;conservative_pair_rule_v2
состояние охраны;13.11.2025 09:55:22;1;0.0;1;unknown;weak_rule;conservative_pair_rule_v2
состояние охраны;13.11.2025 12:33:13;1;0.0;1;unknown;weak_rule;conservative_pair_rule_v2
состояние охраны;13.11.2025 15:07:49;1;0.0;1;unknown;weak_rule;conservative_pair_rule_v2
состояние охраны;13.11.2025 15:51:36;1;0.0;1;unknown;weak_rule;conservative_pair_rule_v2
состояние охраны;13.11.2025 16:46:08;1;0.0;1;unknown;weak_rule;conservative_pair_rule_v2
состояние охраны;13.11.2025 17:27:21;1;0.0;1;unknown;weak_rule;conservative_pair_rule_v2
состояние охраны;14.11.2025 07:11:43;1;0.0;1;unknown;weak_rule;conservative_pair_rule_v2
состояние охраны;14.11.2025 08:04:55;1;0.0;1;unknown;weak_rule;conservative_pair_rule_v2
состояние охраны;14.11.2025 09:06:55;1;0.0;1;unknown;weak_rule;conservative_pair_rule_v2
состояние охраны;14.11.2025 14:59:59;1;0.0;1;unknown;weak_rule;conservative_pair_rule_v2
состояние охраны;14.11.2025 16:53:22;1;0.0;1;unknown;weak_rule;conservative_pair_rule_v2
состояние охраны;18.11.2025 14:42:56;1;0.0;1;unknown;weak_rule;conservative_pair_rule_v2
состояние охраны;18.11.2025 15:34:23;1;0.0;1;unknown;weak_rule;conservative_pair_rule_v2
состояние охраны;18.11.2025 16:13:36;1;0.0;1;unknown;weak_rule;conservative_pair_rule_v2
состояние охраны;18.11.2025 16:45:20;1;0.0;1;unknown;weak_rule;conservative_pair_rule_v2
состояние охраны;19.11.2025 08:02:02;1;0.0;1;unknown;weak_rule;conservative_pair_rule_v2
состояние охраны;19.11.2025 08:17:28;1;0.0;1;unknown;weak_rule;conservative_pair_rule_v2
состояние охраны;19.11.2025 08:30:29;1;0.0;1;unknown;weak_rule;conservative_pair_rule_v2
состояние охраны;19.11.2025 13:07:01;1;0.0;1;unknown;weak_rule;conservative_pair_rule_v2
состояние охраны;23.11.2025 20:07:57;1;0.0;1;unknown;weak_rule;conservative_pair_rule_v2
состояние охраны;24.11.2025 07:43:17;1;0.0;1;unknown;weak_rule;conservative_pair_rule_v2
состояние охраны;24.11.2025 08:01:10;1;0.0;1;unknown;weak_rule;conservative_pair_rule_v2
состояние охраны;28.11.2025 01:51:51;1;0.0;1;unknown;weak_rule;conservative_pair_rule_v2
состояние охраны;28.11.2025 02:10:43;1;0.0;1;unknown;weak_rule;conservative_pair_rule_v2
состояние охраны;28.11.2025 07:37:46;1;0.0;1;unknown;weak_rule;conservative_pair_rule_v2
состояние охраны;28.11.2025 07:54:26;1;0.0;1;unknown;weak_rule;conservative_pair_rule_v2
состояние охраны;28.11.2025 08:01:41;1;0.0;1;unknown;weak_rule;conservative_pair_rule_v2
состояние охраны;28.11.2025 08:16:00;1;0.0;1;unknown;weak_rule;conservative_pair_rule_v2
состояние охраны;28.11.2025 10:20:07;1;0.0;1;unknown;weak_rule;conservative_pair_rule_v2
состояние охраны;28.11.2025 10:20:13;1;0.0;1;unknown;weak_rule;conservative_pair_rule_v2
состояние охраны;28.11.2025 13:50:51;1;0.0;1;unknown;weak_rule;conservative_pair_rule_v2
состояние охраны;28.11.2025 13:50:55;1;0.0;1;unknown;weak_rule;conservative_pair_rule_v2
состояние охраны;02.12.2025 09:11:34;1;0.0;1;unknown;weak_rule;conservative_pair_rule_v2
состояние охраны;02.12.2025 17:33:55;1;0.0;1;unknown;weak_rule;conservative_pair_rule_v2
состояние охраны;02.12.2025 18:18:29;1;0.0;1;unknown;weak_rule;conservative_pair_rule_v2
состояние охраны;02.12.2025 20:03:36;1;0.0;1;unknown;weak_rule;conservative_pair_rule_v2
состояние охраны;02.12.2025 23:09:57;1;0.0;1;unknown;weak_rule;conservative_pair_rule_v2
состояние охраны;03.12.2025 07:16:12;1;0.0;1;unknown;weak_rule;conservative_pair_rule_v2
состояние охраны;03.12.2025 07:55:15;1;0.0;1;unknown;weak_rule;conservative_pair_rule_v2
состояние охраны;03.12.2025 08:17:14;1;0.0;1;unknown;weak_rule;conservative_pair_rule_v2
состояние охраны;05.12.2025 13:16:01;1;0.0;1;unknown;weak_rule;conservative_pair_rule_v2
состояние охраны;05.12.2025 14:37:13;1;0.0;1;unknown;weak_rule;conservative_pair_rule_v2
состояние охраны;05.12.2025 16:23:46;1;0.0;1;unknown;weak_rule;conservative_pair_rule_v2
состояние охраны;05.12.2025 23:27:35;1;0.0;1;unknown;weak_rule;conservative_pair_rule_v2
состояние охраны;06.12.2025 07:48:41;1;0.0;1;unknown;weak_rule;conservative_pair_rule_v2
состояние охраны;06.12.2025 08:45:38;1;0.0;1;unknown;weak_rule;conservative_pair_rule_v2
состояние охраны;09.12.2025 07:11:24;1;0.0;1;unknown;weak_rule;conservative_pair_rule_v2
состояние охраны;09.12.2025 07:49:03;1;0.0;1;unknown;weak_rule;conservative_pair_rule_v2
состояние охраны;09.12.2025 07:53:14;1;0.0;1;unknown;weak_rule;conservative_pair_rule_v2
состояние охраны;09.12.2025 14:39:12;1;0.0;1;unknown;weak_rule;conservative_pair_rule_v2
состояние охраны;09.12.2025 14:48:14;1;0.0;1;unknown;weak_rule;conservative_pair_rule_v2
состояние охраны;09.12.2025 16:36:19;1;0.0;1;unknown;weak_rule;conservative_pair_rule_v2
состояние охраны;09.12.2025 16:36:43;1;0.0;1;unknown;weak_rule;conservative_pair_rule_v2
состояние охраны;09.12.2025 21:27:13;1;0.0;1;unknown;weak_rule;conservative_pair_rule_v2
состояние охраны;09.12.2025 23:18:58;1;0.0;1;unknown;weak_rule;conservative_pair_rule_v2
состояние охраны;09.12.2025 23:19:52;1;0.0;1;unknown;weak_rule;conservative_pair_rule_v2
состояние охраны;15.12.2025 07:54:47;1;0.0;1;unknown;weak_rule;conservative_pair_rule_v2
состояние охраны;15.12.2025 07:55:07;1;0.0;1;unknown;weak_rule;conservative_pair_rule_v2
состояние охраны;15.12.2025 07:59:10;1;0.0;1;unknown;weak_rule;conservative_pair_rule_v2
состояние охраны;15.12.2025 08:03:19;1;0.0;1;unknown;weak_rule;conservative_pair_rule_v2
состояние охраны;18.12.2025 14:17:17;1;0.0;1;unknown;weak_rule;conservative_pair_rule_v2
состояние охраны;18.12.2025 17:02:17;1;0.0;1;unknown;weak_rule;conservative_pair_rule_v2
состояние охраны;18.12.2025 17:06:44;1;0.0;1;unknown;weak_rule;conservative_pair_rule_v2
состояние охраны;19.12.2025 08:19:48;1;0.0;1;unknown;weak_rule;conservative_pair_rule_v2
состояние охраны;19.12.2025 09:08:53;1;0.0;1;unknown;weak_rule;conservative_pair_rule_v2
состояние охраны;19.12.2025 11:52:11;1;0.0;1;unknown;weak_rule;conservative_pair_rule_v2
состояние охраны;19.12.2025 13:00:34;1;0.0;1;unknown;weak_rule;conservative_pair_rule_v2
состояние охраны;23.12.2025 14:54:52;1;0.0;1;unknown;weak_rule;conservative_pair_rule_v2
состояние охраны;23.12.2025 17:00:33;1;0.0;1;unknown;weak_rule;conservative_pair_rule_v2
состояние охраны;24.12.2025 06:59:10;1;0.0;1;unknown;weak_rule;conservative_pair_rule_v2
состояние охраны;24.12.2025 06:59:14;1;0.0;1;unknown;weak_rule;conservative_pair_rule_v2
состояние охраны;24.12.2025 07:16:35;1;0.0;1;unknown;weak_rule;conservative_pair_rule_v2
состояние охраны;24.12.2025 09:10:41;1;0.0;1;unknown;weak_rule;conservative_pair_rule_v2
состояние охраны;24.12.2025 11:54:14;1;0.0;1;unknown;weak_rule;conservative_pair_rule_v2
состояние охраны;31.12.2025 07:27:17;1;0.0;1;unknown;weak_rule;conservative_pair_rule_v2
состояние охраны;05.01.2025 00:34:14;1;0.0;1;unknown;weak_rule;conservative_pair_rule_v2
состояние охраны;08.01.2025 22:11:34;1;0.0;1;unknown;weak_rule;conservative_pair_rule_v2
состояние охраны;09.01.2025 15:43:56;1;0.0;1;unknown;weak_rule;conservative_pair_rule_v2
состояние охраны;09.01.2025 19:55:19;1;0.0;1;unknown;weak_rule;conservative_pair_rule_v2
состояние охраны;13.01.2025 07:32:42;1;0.0;1;unknown;weak_rule;conservative_pair_rule_v2
состояние охраны;13.01.2025 08:27:32;1;0.0;1;unknown;weak_rule;conservative_pair_rule_v2
состояние охраны;13.01.2025 12:10:12;1;0.0;1;unknown;weak_rule;conservative_pair_rule_v2
состояние охраны;13.01.2025 15:15:43;1;0.0;1;unknown;weak_rule;conservative_pair_rule_v2
состояние охраны;13.01.2025 15:53:28;1;0.0;1;unknown;weak_rule;conservative_pair_rule_v2
состояние охраны;13.01.2025 17:09:17;1;0.0;1;unknown;weak_rule;conservative_pair_rule_v2
состояние охраны;13.01.2025 23:51:41;1;0.0;1;unknown;weak_rule;conservative_pair_rule_v2
состояние охраны;14.01.2025 00:22:45;1;0.0;1;unknown;weak_rule;conservative_pair_rule_v2
состояние охраны;14.01.2025 00:24:45;1;0.0;1;unknown;weak_rule;conservative_pair_rule_v2
состояние охраны;17.01.2025 08:38:50;1;0.0;1;unknown;weak_rule;conservative_pair_rule_v2
состояние охраны;20.01.2025 16:02:42;1;0.0;1;unknown;weak_rule;conservative_pair_rule_v2
состояние охраны;21.01.2025 07:08:37;1;0.0;1;unknown;weak_rule;conservative_pair_rule_v2
состояние охраны;21.01.2025 08:10:05;1;0.0;1;unknown;weak_rule;conservative_pair_rule_v2
состояние охраны;21.01.2025 17:00:42;1;0.0;1;unknown;weak_rule;conservative_pair_rule_v2
состояние охраны;24.01.2025 09:01:05;1;0.0;1;unknown;weak_rule;conservative_pair_rule_v2
состояние охраны;24.01.2025 09:19:24;1;0.0;1;unknown;weak_rule;conservative_pair_rule_v2
состояние охраны;24.01.2025 16:15:21;1;0.0;1;unknown;weak_rule;conservative_pair_rule_v2
состояние охраны;24.01.2025 16:58:18;1;0.0;1;unknown;weak_rule;conservative_pair_rule_v2
состояние охраны;28.01.2025 08:30:24;1;0.0;1;unknown;weak_rule;conservative_pair_rule_v2
состояние охраны;28.01.2025 09:41:49;1;0.0;1;unknown;weak_rule;conservative_pair_rule_v2
состояние охраны;28.01.2025 11:50:48;1;0.0;1;unknown;weak_rule;conservative_pair_rule_v2
состояние охраны;28.01.2025 20:02:48;1;0.0;1;unknown;weak_rule;conservative_pair_rule_v2
состояние охраны;03.02.2025 20:01:59;1;0.0;1;unknown;weak_rule;conservative_pair_rule_v2
состояние охраны;04.02.2025 07:48:35;1;0.0;1;unknown;weak_rule;conservative_pair_rule_v2
состояние охраны;04.02.2025 09:42:46;1;0.0;1;unknown;weak_rule;conservative_pair_rule_v2
состояние охраны;04.02.2025 15:14:16;1;0.0;1;unknown;weak_rule;conservative_pair_rule_v2
состояние охраны;04.02.2025 17:00:13;1;0.0;1;unknown;weak_rule;conservative_pair_rule_v2
состояние охраны;04.02.2025 20:48:38;1;0.0;1;unknown;weak_rule;conservative_pair_rule_v2
состояние охраны;06.02.2025 07:09:59;1;0.0;1;unknown;weak_rule;conservative_pair_rule_v2
состояние охраны;06.02.2025 08:30:48;1;0.0;1;unknown;weak_rule;conservative_pair_rule_v2
состояние охраны;06.02.2025 09:28:24;1;0.0;1;unknown;weak_rule;conservative_pair_rule_v2
состояние охраны;06.02.2025 14:42:25;1;0.0;1;unknown;weak_rule;conservative_pair_rule_v2
состояние охраны;06.02.2025 21:23:44;1;0.0;1;unknown;weak_rule;conservative_pair_rule_v2
состояние охраны;12.02.2025 15:17:39;1;0.0;1;unknown;weak_rule;conservative_pair_rule_v2
состояние охраны;12.02.2025 15:36:15;1;0.0;1;unknown;weak_rule;conservative_pair_rule_v2
состояние охраны;12.02.2025 21:08:59;1;0.0;1;unknown;weak_rule;conservative_pair_rule_v2
состояние охраны;13.02.2025 07:42:13;1;0.0;1;unknown;weak_rule;conservative_pair_rule_v2
состояние охраны;13.02.2025 08:12:38;1;0.0;1;unknown;weak_rule;conservative_pair_rule_v2
состояние охраны;13.02.2025 08:25:13;1;0.0;1;unknown;weak_rule;conservative_pair_rule_v2
состояние охраны;15.02.2025 17:01:05;1;0.0;1;unknown;weak_rule;conservative_pair_rule_v2
состояние охраны;16.02.2025 15:05:26;1;0.0;1;unknown;weak_rule;conservative_pair_rule_v2
состояние охраны;16.02.2025 20:07:21;1;0.0;1;unknown;weak_rule;conservative_pair_rule_v2
состояние охраны;16.02.2025 21:23:47;1;0.0;1;unknown;weak_rule;conservative_pair_rule_v2
состояние охраны;20.02.2025 17:24:37;1;0.0;1;unknown;weak_rule;conservative_pair_rule_v2
состояние охраны;20.02.2025 21:47:13;1;0.0;1;unknown;weak_rule;conservative_pair_rule_v2
состояние охраны;21.02.2025 01:49:20;1;0.0;1;unknown;weak_rule;conservative_pair_rule_v2
состояние охраны;21.02.2025 08:06:45;1;0.0;1;unknown;weak_rule;conservative_pair_rule_v2
состояние охраны;21.02.2025 08:12:16;1;0.0;1;unknown;weak_rule;conservative_pair_rule_v2
состояние охраны;21.02.2025 08:40:04;1;0.0;1;unknown;weak_rule;conservative_pair_rule_v2
состояние охраны;21.02.2025 10:11:25;1;0.0;1;unknown;weak_rule;conservative_pair_rule_v2
состояние охраны;27.02.2025 08:20:02;1;0.0;1;unknown;weak_rule;conservative_pair_rule_v2
состояние охраны;27.02.2025 08:37:11;1;0.0;1;unknown;weak_rule;conservative_pair_rule_v2
состояние охраны;27.02.2025 09:01:26;1;0.0;1;unknown;weak_rule;conservative_pair_rule_v2
состояние охраны;27.02.2025 09:55:37;1;0.0;1;unknown;weak_rule;conservative_pair_rule_v2
состояние охраны;27.02.2025 15:53:06;1;0.0;1;unknown;weak_rule;conservative_pair_rule_v2
состояние охраны;27.02.2025 18:17:48;1;0.0;1;unknown;weak_rule;conservative_pair_rule_v2
состояние охраны;28.02.2025 07:27:41;1;0.0;1;unknown;weak_rule;conservative_pair_rule_v2
состояние охраны;28.02.2025 07:49:59;1;0.0;1;unknown;weak_rule;conservative_pair_rule_v2
состояние охраны;28.02.2025 07:59:37;1;0.0;1;unknown;weak_rule;conservative_pair_rule_v2
состояние охраны;28.02.2025 08:05:32;1;0.0;1;unknown;weak_rule;conservative_pair_rule_v2
состояние охраны;03.03.2025 07:16:17;1;0.0;1;unknown;weak_rule;conservative_pair_rule_v2
состояние охраны;03.03.2025 14:54:49;1;0.0;1;unknown;weak_rule;conservative_pair_rule_v2
состояние охраны;03.03.2025 19:57:36;1;0.0;1;unknown;weak_rule;conservative_pair_rule_v2
состояние охраны;03.03.2025 20:05:03;1;0.0;1;unknown;weak_rule;conservative_pair_rule_v2
состояние охраны;06.03.2025 07:46:42;1;0.0;1;unknown;weak_rule;conservative_pair_rule_v2
состояние охраны;06.03.2025 09:00:43;1;0.0;1;unknown;weak_rule;conservative_pair_rule_v2
состояние охраны;06.03.2025 09:00:47;1;0.0;1;unknown;weak_rule;conservative_pair_rule_v2
состояние охраны;06.03.2025 10:07:16;1;0.0;1;unknown;weak_rule;conservative_pair_rule_v2
состояние охраны;06.03.2025 11:54:17;1;0.0;1;unknown;weak_rule;conservative_pair_rule_v2
состояние охраны;06.03.2025 15:01:42;1;0.0;1;unknown;weak_rule;conservative_pair_rule_v2
состояние охраны;06.03.2025 23:43:36;1;0.0;1;unknown;weak_rule;conservative_pair_rule_v2
состояние охраны;12.03.2025 01:44:06;1;0.0;1;unknown;weak_rule;conservative_pair_rule_v2
состояние охраны;12.03.2025 07:18:37;1;0.0;1;unknown;weak_rule;conservative_pair_rule_v2
состояние охраны;12.03.2025 07:38:19;1;0.0;1;unknown;weak_rule;conservative_pair_rule_v2
состояние охраны;12.03.2025 07:57:42;1;0.0;1;unknown;weak_rule;conservative_pair_rule_v2
состояние охраны;12.03.2025 11:05:12;1;0.0;1;unknown;weak_rule;conservative_pair_rule_v2
состояние охраны;12.03.2025 16:49:00;1;0.0;1;unknown;weak_rule;conservative_pair_rule_v2
состояние охраны;12.03.2025 17:38:12;1;0.0;1;unknown;weak_rule;conservative_pair_rule_v2
состояние охраны;12.03.2025 22:13:59;1;0.0;1;unknown;weak_rule;conservative_pair_rule_v2
состояние охраны;15.03.2025 11:54:45;1;0.0;1;unknown;weak_rule;conservative_pair_rule_v2
состояние охраны;15.03.2025 12:39:14;1;0.0;1;unknown;weak_rule;conservative_pair_rule_v2
состояние охраны;20.03.2025 08:01:46;1;0.0;1;unknown;weak_rule;conservative_pair_rule_v2
состояние охраны;20.03.2025 08:27:01;1;0.0;1;unknown;weak_rule;conservative_pair_rule_v2
состояние охраны;20.03.2025 08:32:49;1;0.0;1;unknown;weak_rule;conservative_pair_rule_v2
состояние охраны;20.03.2025 09:36:39;1;0.0;1;unknown;weak_rule;conservative_pair_rule_v2
состояние охраны;20.03.2025 09:46:38;1;0.0;1;unknown;weak_rule;conservative_pair_rule_v2
состояние охраны;20.03.2025 17:00:45;1;0.0;1;unknown;weak_rule;conservative_pair_rule_v2
состояние охраны;24.03.2025 07:52:53;1;0.0;1;unknown;weak_rule;conservative_pair_rule_v2
состояние охраны;24.03.2025 07:58:19;1;0.0;1;unknown;weak_rule;conservative_pair_rule_v2
состояние охраны;24.03.2025 08:05:04;1;0.0;1;unknown;weak_rule;conservative_pair_rule_v2
состояние охраны;24.03.2025 08:50:34;1;0.0;1;unknown;weak_rule;conservative_pair_rule_v2
состояние охраны;24.03.2025 09:24:03;1;0.0;1;unknown;weak_rule;conservative_pair_rule_v2
состояние охраны;24.03.2025 16:00:02;1;0.0;1;unknown;weak_rule;conservative_pair_rule_v2
состояние охраны;24.03.2025 16:13:11;1;0.0;1;unknown;weak_rule;conservative_pair_rule_v2
состояние охраны;24.03.2025 16:13:13;1;0.0;1;unknown;weak_rule;conservative_pair_rule_v2
состояние охраны;24.03.2025 16:25:15;1;0.0;1;unknown;weak_rule;conservative_pair_rule_v2
состояние охраны;24.03.2025 18:24:49;1;0.0;1;unknown;weak_rule;conservative_pair_rule_v2
состояние охраны;24.03.2025 19:42:57;1;0.0;1;unknown;weak_rule;conservative_pair_rule_v2
состояние охраны;30.03.2025 20:05:36;1;0.0;1;unknown;weak_rule;conservative_pair_rule_v2
состояние охраны;30.03.2025 22:40:41;1;0.0;1;unknown;weak_rule;conservative_pair_rule_v2
состояние охраны;31.03.2025 07:15:38;1;0.0;1;unknown;weak_rule;conservative_pair_rule_v2
состояние охраны;31.03.2025 08:47:12;1;0.0;1;unknown;weak_rule;conservative_pair_rule_v2
состояние охраны;05.04.2025 10:08:54;1;0.0;1;unknown;weak_rule;conservative_pair_rule_v2
состояние охраны;05.04.2025 12:03:47;1;0.0;1;unknown;weak_rule;conservative_pair_rule_v2
состояние охраны;05.04.2025 14:21:14;1;0.0;1;unknown;weak_rule;conservative_pair_rule_v2
состояние охраны;05.04.2025 14:56:00;1;0.0;1;unknown;weak_rule;conservative_pair_rule_v2
состояние охраны;05.04.2025 15:29:24;1;0.0;1;unknown;weak_rule;conservative_pair_rule_v2
состояние охраны;09.04.2025 14:05:03;1;0.0;1;unknown;weak_rule;conservative_pair_rule_v2
состояние охраны;09.04.2025 16:19:04;1;0.0;1;unknown;weak_rule;conservative_pair_rule_v2
состояние охраны;15.04.2025 07:31:07;1;0.0;1;unknown;weak_rule;conservative_pair_rule_v2
состояние охраны;15.04.2025 07:31:11;1;0.0;1;unknown;weak_rule;conservative_pair_rule_v2
состояние охраны;15.04.2025 07:58:45;1;0.0;1;unknown;weak_rule;conservative_pair_rule_v2
состояние охраны;15.04.2025 09:17:09;1;0.0;1;unknown;weak_rule;conservative_pair_rule_v2
состояние охраны;15.04.2025 11:41:30;1;0.0;1;unknown;weak_rule;conservative_pair_rule_v2
состояние охраны;15.04.2025 12:41:20;1;0.0;1;unknown;weak_rule;conservative_pair_rule_v2
состояние охраны;15.04.2025 13:27:26;1;0.0;1;unknown;weak_rule;conservative_pair_rule_v2
состояние охраны;15.04.2025 16:22:21;1;0.0;1;unknown;weak_rule;conservative_pair_rule_v2
состояние охраны;15.04.2025 20:04:30;1;0.0;1;unknown;weak_rule;conservative_pair_rule_v2
состояние охраны;16.04.2025 00:50:00;1;0.0;1;unknown;weak_rule;conservative_pair_rule_v2
состояние охраны;17.04.2025 07:48:48;1;0.0;1;unknown;weak_rule;conservative_pair_rule_v2
состояние охраны;17.04.2025 07:55:41;1;0.0;1;unknown;weak_rule;conservative_pair_rule_v2
состояние охраны;17.04.2025 07:59:56;1;0.0;1;unknown;weak_rule;conservative_pair_rule_v2
состояние охраны;17.04.2025 14:17:46;1;0.0;1;unknown;weak_rule;conservative_pair_rule_v2
состояние охраны;17.04.2025 14:17:53;1;0.0;1;unknown;weak_rule;conservative_pair_rule_v2
состояние охраны;17.04.2025 16:28:45;1;0.0;1;unknown;weak_rule;conservative_pair_rule_v2
состояние охраны;17.04.2025 16:53:32;1;0.0;1;unknown;weak_rule;conservative_pair_rule_v2
состояние охраны;17.04.2025 22:18:02;1;0.0;1;unknown;weak_rule;conservative_pair_rule_v2
состояние охраны;18.04.2025 07:50:55;1;0.0;1;unknown;weak_rule;conservative_pair_rule_v2
состояние охраны;22.04.2025 07:58:36;1;0.0;1;unknown;weak_rule;conservative_pair_rule_v2
состояние охраны;22.04.2025 07:58:44;1;0.0;1;unknown;weak_rule;conservative_pair_rule_v2
состояние охраны;22.04.2025 08:00:26;1;0.0;1;unknown;weak_rule;conservative_pair_rule_v2
состояние охраны;22.04.2025 09:02:15;1;0.0;1;unknown;weak_rule;conservative_pair_rule_v2
состояние охраны;22.04.2025 13:20:53;1;0.0;1;unknown;weak_rule;conservative_pair_rule_v2
состояние охраны;22.04.2025 13:53:15;1;0.0;1;unknown;weak_rule;conservative_pair_rule_v2
состояние охраны;22.04.2025 13:53:34;1;0.0;1;unknown;weak_rule;conservative_pair_rule_v2
состояние охраны;22.04.2025 13:53:51;1;0.0;1;unknown;weak_rule;conservative_pair_rule_v2
состояние охраны;22.04.2025 16:22:14;1;0.0;1;unknown;weak_rule;conservative_pair_rule_v2
состояние охраны;22.04.2025 16:59:59;1;0.0;1;unknown;weak_rule;conservative_pair_rule_v2
состояние охраны;22.04.2025 19:40:44;1;0.0;1;unknown;weak_rule;conservative_pair_rule_v2
состояние охраны;26.04.2025 16:37:27;1;0.0;1;unknown;weak_rule;conservative_pair_rule_v2
состояние охраны;27.04.2025 07:47:04;1;0.0;1;unknown;weak_rule;conservative_pair_rule_v2
состояние охраны;27.04.2025 09:29:57;1;0.0;1;unknown;weak_rule;conservative_pair_rule_v2
состояние охраны;03.05.2025 08:57:59;1;0.0;1;unknown;weak_rule;conservative_pair_rule_v2
состояние охраны;03.05.2025 10:42:29;1;0.0;1;unknown;weak_rule;conservative_pair_rule_v2
состояние охраны;03.05.2025 11:39:23;1;0.0;1;unknown;weak_rule;conservative_pair_rule_v2
состояние охраны;04.05.2025 07:54:16;1;0.0;1;unknown;weak_rule;conservative_pair_rule_v2
состояние охраны;04.05.2025 07:58:41;1;0.0;1;unknown;weak_rule;conservative_pair_rule_v2
состояние охраны;04.05.2025 10:15:37;1;0.0;1;unknown;weak_rule;conservative_pair_rule_v2
состояние охраны;07.05.2025 08:33:02;1;0.0;1;unknown;weak_rule;conservative_pair_rule_v2
состояние охраны;07.05.2025 09:03:29;1;0.0;1;unknown;weak_rule;conservative_pair_rule_v2
состояние охраны;07.05.2025 13:26:24;1;0.0;1;unknown;weak_rule;conservative_pair_rule_v2
состояние охраны;07.05.2025 13:44:25;1;0.0;1;unknown;weak_rule;conservative_pair_rule_v2
состояние охраны;12.05.2025 15:09:17;1;0.0;1;unknown;weak_rule;conservative_pair_rule_v2
состояние охраны;12.05.2025 15:59:59;1;0.0;1;unknown;weak_rule;conservative_pair_rule_v2
состояние охраны;12.05.2025 18:20:06;1;0.0;1;unknown;weak_rule;conservative_pair_rule_v2
состояние охраны;12.05.2025 20:03:14;1;0.0;1;unknown;weak_rule;conservative_pair_rule_v2
состояние охраны;12.05.2025 23:21:43;1;0.0;1;unknown;weak_rule;conservative_pair_rule_v2
состояние охраны;13.05.2025 07:50:03;1;0.0;1;unknown;weak_rule;conservative_pair_rule_v2
состояние охраны;13.05.2025 07:57:37;1;0.0;1;unknown;weak_rule;conservative_pair_rule_v2
состояние охраны;13.05.2025 08:00:08;1;0.0;1;unknown;weak_rule;conservative_pair_rule_v2
состояние охраны;13.05.2025 12:58:22;1;0.0;1;unknown;weak_rule;conservative_pair_rule_v2
состояние охраны;13.05.2025 14:14:00;1;0.0;1;unknown;weak_rule;conservative_pair_rule_v2
состояние охраны;13.05.2025 14:42:51;1;0.0;1;unknown;weak_rule;conservative_pair_rule_v2
состояние охраны;13.05.2025 16:09:09;1;0.0;1;unknown;weak_rule;conservative_pair_rule_v2
состояние охраны;19.05.2025 17:06:35;1;0.0;1;unknown;weak_rule;conservative_pair_rule_v2
состояние охраны;19.05.2025 20:01:37;1;0.0;1;unknown;weak_rule;conservative_pair_rule_v2
состояние охраны;20.05.2025 07:31:01;1;0.0;1;unknown;weak_rule;conservative_pair_rule_v2
состояние охраны;20.05.2025 07:52:24;1;0.0;1;unknown;weak_rule;conservative_pair_rule_v2
состояние охраны;20.05.2025 08:05:55;1;0.0;1;unknown;weak_rule;conservative_pair_rule_v2
состояние охраны;20.05.2025 11:02:18;1;0.0;1;unknown;weak_rule;conservative_pair_rule_v2
состояние охраны;20.05.2025 11:04:39;1;0.0;1;unknown;weak_rule;conservative_pair_rule_v2
состояние охраны;20.05.2025 12:35:15;1;0.0;1;unknown;weak_rule;conservative_pair_rule_v2
состояние охраны;21.05.2025 16:19:10;1;0.0;1;unknown;weak_rule;conservative_pair_rule_v2
состояние охраны;21.05.2025 17:19:31;1;0.0;1;unknown;weak_rule;conservative_pair_rule_v2
состояние охраны;21.05.2025 17:33:35;1;0.0;1;unknown;weak_rule;conservative_pair_rule_v2
состояние охраны;21.05.2025 22:54:27;1;0.0;1;unknown;weak_rule;conservative_pair_rule_v2
состояние охраны;21.05.2025 23:26:16;1;0.0;1;unknown;weak_rule;conservative_pair_rule_v2
состояние охраны;21.05.2025 23:47:30;1;0.0;1;unknown;weak_rule;conservative_pair_rule_v2
состояние охраны;22.05.2025 07:34:58;1;0.0;1;unknown;weak_rule;conservative_pair_rule_v2
состояние охраны;22.05.2025 07:59:37;1;0.0;1;unknown;weak_rule;conservative_pair_rule_v2
состояние охраны;22.05.2025 09:06:50;1;0.0;1;unknown;weak_rule;conservative_pair_rule_v2
состояние охраны;22.05.2025 10:41:35;1;0.0;1;unknown;weak_rule;conservative_pair_rule_v2
состояние охраны;22.05.2025 14:55:30;1;0.0;1;unknown;weak_rule;conservative_pair_rule_v2
состояние охраны;22.05.2025 15:56:52;1;0.0;1;unknown;weak_rule;conservative_pair_rule_v2
состояние охраны;27.05.2025 11:54:41;1;0.0;1;unknown;weak_rule;conservative_pair_rule_v2
состояние охраны;27.05.2025 13:20:11;1;0.0;1;unknown;weak_rule;conservative_pair_rule_v2
состояние охраны;27.05.2025 13:45:55;1;0.0;1;unknown;weak_rule;conservative_pair_rule_v2
состояние охраны;27.05.2025 15:51:52;1;0.0;1;unknown;weak_rule;conservative_pair_rule_v2
состояние охраны;28.05.2025 04:08:58;1;0.0;1;unknown;weak_rule;conservative_pair_rule_v2
состояние охраны;01.06.2025 15:52:12;1;0.0;1;unknown;weak_rule;conservative_pair_rule_v2
состояние охраны;01.06.2025 23:54:01;1;0.0;1;unknown;weak_rule;conservative_pair_rule_v2
состояние охраны;02.06.2025 01:59:07;1;0.0;1;unknown;weak_rule;conservative_pair_rule_v2
состояние охраны;02.06.2025 02:37:38;1;0.0;1;unknown;weak_rule;conservative_pair_rule_v2
состояние охраны;05.06.2025 09:31:29;1;0.0;1;unknown;weak_rule;conservative_pair_rule_v2
состояние охраны;05.06.2025 13:22:05;1;0.0;1;unknown;weak_rule;conservative_pair_rule_v2
состояние охраны;05.06.2025 13:50:00;1;0.0;1;unknown;weak_rule;conservative_pair_rule_v2
состояние охраны;05.06.2025 17:16:18;1;0.0;1;unknown;weak_rule;conservative_pair_rule_v2
состояние охраны;05.06.2025 19:02:07;1;0.0;1;unknown;weak_rule;conservative_pair_rule_v2
состояние охраны;05.06.2025 20:50:40;1;0.0;1;unknown;weak_rule;conservative_pair_rule_v2
состояние охраны;06.06.2025 07:59:19;1;0.0;1;unknown;weak_rule;conservative_pair_rule_v2
состояние охраны;08.06.2025 05:07:57;1;0.0;1;unknown;weak_rule;conservative_pair_rule_v2
состояние охраны;08.06.2025 18:42:10;1;0.0;1;unknown;weak_rule;conservative_pair_rule_v2
состояние охраны;08.06.2025 19:17:41;1;0.0;1;unknown;weak_rule;conservative_pair_rule_v2
состояние охраны;08.06.2025 20:15:06;1;0.0;1;unknown;weak_rule;conservative_pair_rule_v2
состояние охраны;12.06.2025 01:46:30;1;0.0;1;unknown;weak_rule;conservative_pair_rule_v2
состояние охраны;12.06.2025 23:39:19;1;0.0;1;unknown;weak_rule;conservative_pair_rule_v2
состояние охраны;13.06.2025 01:30:09;1;0.0;1;unknown;weak_rule;conservative_pair_rule_v2
состояние охраны;17.06.2025 04:04:52;1;0.0;1;unknown;weak_rule;conservative_pair_rule_v2
состояние охраны;17.06.2025 07:59:38;1;0.0;1;unknown;weak_rule;conservative_pair_rule_v2
состояние охраны;17.06.2025 11:22:02;1;0.0;1;unknown;weak_rule;conservative_pair_rule_v2
состояние охраны;20.06.2025 08:00:04;1;0.0;1;unknown;weak_rule;conservative_pair_rule_v2
состояние охраны;20.06.2025 16:23:15;1;0.0;1;unknown;weak_rule;conservative_pair_rule_v2
состояние охраны;24.06.2025 07:58:20;1;0.0;1;unknown;weak_rule;conservative_pair_rule_v2
состояние охраны;24.06.2025 08:01:40;1;0.0;1;unknown;weak_rule;conservative_pair_rule_v2
состояние охраны;24.06.2025 08:05:13;1;0.0;1;unknown;weak_rule;conservative_pair_rule_v2
состояние охраны;24.06.2025 11:37:54;1;0.0;1;unknown;weak_rule;conservative_pair_rule_v2
состояние охраны;24.06.2025 17:00:28;1;0.0;1;unknown;weak_rule;conservative_pair_rule_v2
состояние охраны;24.06.2025 18:36:34;1;0.0;1;unknown;weak_rule;conservative_pair_rule_v2
состояние охраны;24.06.2025 19:51:02;1;0.0;1;unknown;weak_rule;conservative_pair_rule_v2
состояние охраны;24.06.2025 19:51:04;1;0.0;1;unknown;weak_rule;conservative_pair_rule_v2
состояние охраны;28.06.2025 01:27:40;1;0.0;1;unknown;weak_rule;conservative_pair_rule_v2
состояние охраны;28.06.2025 08:12:12;1;0.0;1;unknown;weak_rule;conservative_pair_rule_v2
состояние охраны;28.06.2025 15:57:31;1;0.0;1;unknown;weak_rule;conservative_pair_rule_v2
состояние охраны;28.06.2025 21:57:57;1;0.0;1;unknown;weak_rule;conservative_pair_rule_v2
состояние охраны;28.06.2025 21:58:57;1;0.0;1;unknown;weak_rule;conservative_pair_rule_v2
состояние охраны;28.06.2025 23:05:39;1;0.0;1;unknown;weak_rule;conservative_pair_rule_v2
состояние охраны;28.06.2025 23:15:04;1;0.0;1;unknown;weak_rule;conservative_pair_rule_v2
состояние охраны;29.06.2025 00:16:22;1;0.0;1;unknown;weak_rule;conservative_pair_rule_v2
состояние охраны;04.07.2025 16:23:43;1;0.0;1;unknown;weak_rule;conservative_pair_rule_v2
состояние охраны;04.07.2025 18:57:15;1;0.0;1;unknown;weak_rule;conservative_pair_rule_v2
состояние охраны;07.07.2025 07:56:30;1;0.0;1;unknown;weak_rule;conservative_pair_rule_v2
состояние охраны;07.07.2025 07:59:31;1;0.0;1;unknown;weak_rule;conservative_pair_rule_v2
состояние охраны;07.07.2025 08:06:49;1;0.0;1;unknown;weak_rule;conservative_pair_rule_v2
состояние охраны;07.07.2025 09:57:40;1;0.0;1;unknown;weak_rule;conservative_pair_rule_v2
состояние охраны;11.07.2025 07:58:20;1;0.0;1;unknown;weak_rule;conservative_pair_rule_v2
состояние охраны;11.07.2025 08:03:48;1;0.0;1;unknown;weak_rule;conservative_pair_rule_v2
состояние охраны;11.07.2025 09:54:14;1;0.0;1;unknown;weak_rule;conservative_pair_rule_v2
состояние охраны;11.07.2025 15:50:40;1;0.0;1;unknown;weak_rule;conservative_pair_rule_v2
состояние охраны;11.07.2025 17:00:24;1;0.0;1;unknown;weak_rule;conservative_pair_rule_v2
состояние охраны;14.07.2025 07:41:34;1;0.0;1;unknown;weak_rule;conservative_pair_rule_v2
состояние охраны;14.07.2025 07:58:54;1;0.0;1;unknown;weak_rule;conservative_pair_rule_v2
состояние охраны;14.07.2025 08:01:48;1;0.0;1;unknown;weak_rule;conservative_pair_rule_v2
состояние охраны;14.07.2025 08:03:54;1;0.0;1;unknown;weak_rule;conservative_pair_rule_v2
состояние охраны;14.07.2025 16:13:50;1;0.0;1;unknown;weak_rule;conservative_pair_rule_v2
состояние охраны;14.07.2025 21:23:56;1;0.0;1;unknown;weak_rule;conservative_pair_rule_v2
состояние охраны;14.07.2025 21:54:00;1;0.0;1;unknown;weak_rule;conservative_pair_rule_v2
состояние охраны;14.07.2025 22:50:40;1;0.0;1;unknown;weak_rule;conservative_pair_rule_v2
состояние охраны;14.07.2025 23:05:24;1;0.0;1;unknown;weak_rule;conservative_pair_rule_v2
состояние охраны;18.07.2025 15:09:59;1;0.0;1;unknown;weak_rule;conservative_pair_rule_v2
состояние охраны;18.07.2025 16:59:15;1;0.0;1;unknown;weak_rule;conservative_pair_rule_v2
состояние охраны;18.07.2025 17:02:33;1;0.0;1;unknown;weak_rule;conservative_pair_rule_v2
состояние охраны;18.07.2025 21:03:53;1;0.0;1;unknown;weak_rule;conservative_pair_rule_v2
состояние охраны;19.07.2025 08:02:47;1;0.0;1;unknown;weak_rule;conservative_pair_rule_v2
состояние охраны;19.07.2025 09:59:57;1;0.0;1;unknown;weak_rule;conservative_pair_rule_v2
состояние охраны;19.07.2025 11:29:05;1;0.0;1;unknown;weak_rule;conservative_pair_rule_v2
состояние охраны;19.07.2025 12:05:15;1;0.0;1;unknown;weak_rule;conservative_pair_rule_v2
состояние охраны;19.07.2025 12:09:21;1;0.0;1;unknown;weak_rule;conservative_pair_rule_v2
состояние охраны;19.07.2025 12:10:28;1;0.0;1;unknown;weak_rule;conservative_pair_rule_v2
состояние охраны;23.07.2025 07:36:24;1;0.0;1;unknown;weak_rule;conservative_pair_rule_v2
состояние охраны;23.07.2025 07:51:07;1;0.0;1;unknown;weak_rule;conservative_pair_rule_v2
состояние охраны;23.07.2025 12:05:55;1;0.0;1;unknown;weak_rule;conservative_pair_rule_v2
состояние охраны;23.07.2025 17:00:52;1;0.0;1;unknown;weak_rule;conservative_pair_rule_v2
состояние охраны;23.07.2025 21:39:02;1;0.0;1;unknown;weak_rule;conservative_pair_rule_v2
состояние охраны;25.07.2025 20:41:37;1;0.0;1;unknown;weak_rule;conservative_pair_rule_v2
состояние охраны;26.07.2025 02:30:35;1;0.0;1;unknown;weak_rule;conservative_pair_rule_v2
состояние охраны;29.07.2025 21:27:18;1;0.0;1;unknown;weak_rule;conservative_pair_rule_v2
состояние охраны;29.07.2025 21:39:27;1;0.0;1;unknown;weak_rule;conservative_pair_rule_v2
состояние охраны;30.07.2025 07:16:52;1;0.0;1;unknown;weak_rule;conservative_pair_rule_v2
состояние охраны;30.07.2025 07:28:51;1;0.0;1;unknown;weak_rule;conservative_pair_rule_v2
состояние охраны;30.07.2025 08:54:39;1;0.0;1;unknown;weak_rule;conservative_pair_rule_v2
состояние охраны;30.07.2025 09:18:53;1;0.0;1;unknown;weak_rule;conservative_pair_rule_v2
состояние охраны;30.07.2025 12:24:34;1;0.0;1;unknown;weak_rule;conservative_pair_rule_v2
состояние охраны;30.07.2025 12:24:38;1;0.0;1;unknown;weak_rule;conservative_pair_rule_v2
состояние охраны;30.07.2025 12:39:53;1;0.0;1;unknown;weak_rule;conservative_pair_rule_v2
состояние охраны;30.07.2025 16:37:37;1;0.0;1;unknown;weak_rule;conservative_pair_rule_v2
состояние охраны;01.08.2025 13:03:47;1;0.0;1;unknown;weak_rule;conservative_pair_rule_v2
состояние охраны;01.08.2025 16:53:47;1;0.0;1;unknown;weak_rule;conservative_pair_rule_v2
состояние охраны;01.08.2025 21:09:23;1;0.0;1;unknown;weak_rule;conservative_pair_rule_v2
состояние охраны;01.08.2025 21:49:26;1;0.0;1;unknown;weak_rule;conservative_pair_rule_v2
состояние охраны;01.08.2025 21:49:33;1;0.0;1;unknown;weak_rule;conservative_pair_rule_v2
состояние охраны;01.08.2025 22:24:49;1;0.0;1;unknown;weak_rule;conservative_pair_rule_v2
состояние охраны;02.08.2025 01:15:33;1;0.0;1;unknown;weak_rule;conservative_pair_rule_v2
состояние охраны;06.08.2025 07:46:16;1;0.0;1;unknown;weak_rule;conservative_pair_rule_v2
состояние охраны;06.08.2025 08:04:31;1;0.0;1;unknown;weak_rule;conservative_pair_rule_v2
состояние охраны;06.08.2025 08:23:20;1;0.0;1;unknown;weak_rule;conservative_pair_rule_v2
состояние охраны;10.08.2025 08:46:29;1;0.0;1;unknown;weak_rule;conservative_pair_rule_v2
состояние охраны;12.08.2025 07:16:28;1;0.0;1;unknown;weak_rule;conservative_pair_rule_v2
состояние охраны;12.08.2025 07:43:27;1;0.0;1;unknown;weak_rule;conservative_pair_rule_v2
состояние охраны;12.08.2025 07:53:45;1;0.0;1;unknown;weak_rule;conservative_pair_rule_v2
состояние охраны;12.08.2025 14:01:17;1;0.0;1;unknown;weak_rule;conservative_pair_rule_v2
состояние охраны;12.08.2025 16:39:00;1;0.0;1;unknown;weak_rule;conservative_pair_rule_v2
состояние охраны;12.08.2025 17:05:40;1;0.0;1;unknown;weak_rule;conservative_pair_rule_v2
состояние охраны;12.08.2025 18:58:12;1;0.0;1;unknown;weak_rule;conservative_pair_rule_v2
состояние охраны;12.08.2025 22:55:04;1;0.0;1;unknown;weak_rule;conservative_pair_rule_v2
состояние охраны;12.08.2025 23:51:24;1;0.0;1;unknown;weak_rule;conservative_pair_rule_v2
состояние охраны;17.08.2025 08:35:12;1;0.0;1;unknown;weak_rule;conservative_pair_rule_v2
состояние охраны;17.08.2025 15:05:27;1;0.0;1;unknown;weak_rule;conservative_pair_rule_v2
состояние охраны;18.08.2025 07:58:26;1;0.0;1;unknown;weak_rule;conservative_pair_rule_v2
состояние охраны;18.08.2025 08:06:18;1;0.0;1;unknown;weak_rule;conservative_pair_rule_v2
состояние охраны;18.08.2025 08:14:29;1;0.0;1;unknown;weak_rule;conservative_pair_rule_v2
состояние охраны;18.08.2025 08:28:47;1;0.0;1;unknown;weak_rule;conservative_pair_rule_v2
состояние охраны;18.08.2025 09:00:15;1;0.0;1;unknown;weak_rule;conservative_pair_rule_v2
состояние охраны;21.08.2025 07:19:53;1;0.0;1;unknown;weak_rule;conservative_pair_rule_v2
состояние охраны;21.08.2025 07:59:38;1;0.0;1;unknown;weak_rule;conservative_pair_rule_v2
состояние охраны;21.08.2025 09:31:38;1;0.0;1;unknown;weak_rule;conservative_pair_rule_v2
состояние охраны;21.08.2025 09:31:42;1;0.0;1;unknown;weak_rule;conservative_pair_rule_v2
состояние охраны;21.08.2025 18:49:43;1;0.0;1;unknown;weak_rule;conservative_pair_rule_v2
состояние охраны;24.08.2025 08:30:39;1;0.0;1;unknown;weak_rule;conservative_pair_rule_v2
состояние охраны;24.08.2025 20:02:26;1;0.0;1;unknown;weak_rule;conservative_pair_rule_v2
состояние охраны;29.08.2025 07:10:41;1;0.0;1;unknown;weak_rule;conservative_pair_rule_v2
состояние охраны;29.08.2025 07:54:31;1;0.0;1;unknown;weak_rule;conservative_pair_rule_v2
состояние охраны;29.08.2025 08:38:24;1;0.0;1;unknown;weak_rule;conservative_pair_rule_v2
состояние охраны;29.08.2025 09:35:25;1;0.0;1;unknown;weak_rule;conservative_pair_rule_v2
состояние охраны;29.08.2025 15:44:57;1;0.0;1;unknown;weak_rule;conservative_pair_rule_v2
состояние охраны;29.08.2025 15:50:57;1;0.0;1;unknown;weak_rule;conservative_pair_rule_v2
состояние охраны;02.09.2025 07:22:05;1;0.0;1;unknown;weak_rule;conservative_pair_rule_v2
состояние охраны;04.09.2025 16:08:37;1;0.0;1;unknown;weak_rule;conservative_pair_rule_v2
состояние охраны;04.09.2025 16:22:07;1;0.0;1;unknown;weak_rule;conservative_pair_rule_v2
состояние охраны;04.09.2025 20:01:46;1;0.0;1;unknown;weak_rule;conservative_pair_rule_v2
состояние охраны;05.09.2025 07:09:39;1;0.0;1;unknown;weak_rule;conservative_pair_rule_v2
состояние охраны;05.09.2025 07:52:01;1;0.0;1;unknown;weak_rule;conservative_pair_rule_v2
состояние охраны;05.09.2025 08:50:00;1;0.0;1;unknown;weak_rule;conservative_pair_rule_v2
состояние охраны;08.09.2025 09:03:05;1;0.0;1;unknown;weak_rule;conservative_pair_rule_v2
состояние охраны;08.09.2025 09:15:29;1;0.0;1;unknown;weak_rule;conservative_pair_rule_v2
состояние охраны;08.09.2025 10:11:08;1;0.0;1;unknown;weak_rule;conservative_pair_rule_v2
состояние охраны;08.09.2025 16:52:54;1;0.0;1;unknown;weak_rule;conservative_pair_rule_v2
состояние охраны;08.09.2025 18:00:43;1;0.0;1;unknown;weak_rule;conservative_pair_rule_v2
состояние охраны;08.09.2025 20:21:12;1;0.0;1;unknown;weak_rule;conservative_pair_rule_v2
состояние охраны;08.09.2025 21:50:30;1;0.0;1;unknown;weak_rule;conservative_pair_rule_v2
состояние охраны;12.09.2025 07:21:10;1;0.0;1;unknown;weak_rule;conservative_pair_rule_v2
состояние охраны;12.09.2025 07:35:32;1;0.0;1;unknown;weak_rule;conservative_pair_rule_v2
состояние охраны;12.09.2025 08:00:25;1;0.0;1;unknown;weak_rule;conservative_pair_rule_v2
состояние охраны;12.09.2025 08:51:30;1;0.0;1;unknown;weak_rule;conservative_pair_rule_v2
состояние охраны;12.09.2025 15:37:24;1;0.0;1;unknown;weak_rule;conservative_pair_rule_v2
состояние охраны;12.09.2025 17:02:15;1;0.0;1;unknown;weak_rule;conservative_pair_rule_v2
состояние охраны;15.09.2025 07:13:59;1;0.0;1;unknown;weak_rule;conservative_pair_rule_v2
состояние охраны;15.09.2025 07:49:16;1;0.0;1;unknown;weak_rule;conservative_pair_rule_v2
состояние охраны;15.09.2025 08:03:15;1;0.0;1;unknown;weak_rule;conservative_pair_rule_v2
состояние охраны;18.09.2025 08:26:19;1;0.0;1;unknown;weak_rule;conservative_pair_rule_v2
состояние охраны;18.09.2025 11:43:32;1;0.0;1;unknown;weak_rule;conservative_pair_rule_v2
состояние охраны;18.09.2025 13:55:01;1;0.0;1;unknown;weak_rule;conservative_pair_rule_v2
состояние охраны;18.09.2025 15:45:06;1;0.0;1;unknown;weak_rule;conservative_pair_rule_v2
состояние охраны;18.09.2025 15:54:33;1;0.0;1;unknown;weak_rule;conservative_pair_rule_v2
состояние охраны;18.09.2025 16:35:54;1;0.0;1;unknown;weak_rule;conservative_pair_rule_v2
состояние охраны;18.09.2025 16:47:40;1;0.0;1;unknown;weak_rule;conservative_pair_rule_v2
состояние охраны;22.09.2025 22:04:43;1;0.0;1;unknown;weak_rule;conservative_pair_rule_v2
состояние охраны;27.09.2025 09:41:30;1;0.0;1;unknown;weak_rule;conservative_pair_rule_v2
состояние охраны;27.09.2025 11:01:18;1;0.0;1;unknown;weak_rule;conservative_pair_rule_v2
состояние охраны;27.09.2025 12:40:12;1;0.0;1;unknown;weak_rule;conservative_pair_rule_v2
состояние охраны;27.09.2025 15:37:19;1;0.0;1;unknown;weak_rule;conservative_pair_rule_v2
состояние охраны;28.09.2025 04:50:38;1;0.0;1;unknown;weak_rule;conservative_pair_rule_v2
состояние охраны;28.09.2025 07:47:53;1;0.0;1;unknown;weak_rule;conservative_pair_rule_v2
состояние охраны;29.09.2025 15:01:32;1;0.0;1;unknown;weak_rule;conservative_pair_rule_v2
состояние охраны;29.09.2025 17:42:49;1;0.0;1;unknown;weak_rule;conservative_pair_rule_v2
состояние охраны;30.09.2025 07:14:51;1;0.0;1;unknown;weak_rule;conservative_pair_rule_v2
состояние охраны;30.09.2025 08:00:18;1;0.0;1;unknown;weak_rule;conservative_pair_rule_v2
состояние охраны;30.09.2025 08:29:48;1;0.0;1;unknown;weak_rule;conservative_pair_rule_v2
состояние охраны;30.09.2025 08:49:21;1;0.0;1;unknown;weak_rule;conservative_pair_rule_v2
состояние охраны;30.09.2025 09:49:08;1;0.0;1;unknown;weak_rule;conservative_pair_rule_v2
состояние охраны;30.09.2025 09:51:38;1;0.0;1;unknown;weak_rule;conservative_pair_rule_v2
состояние охраны;05.10.2025 07:47:21;1;0.0;1;unknown;weak_rule;conservative_pair_rule_v2
состояние охраны;05.10.2025 17:47:12;1;0.0;1;unknown;weak_rule;conservative_pair_rule_v2
состояние охраны;06.10.2025 07:13:31;1;0.0;1;unknown;weak_rule;conservative_pair_rule_v2
состояние охраны;09.10.2025 08:49:03;1;0.0;1;unknown;weak_rule;conservative_pair_rule_v2
состояние охраны;09.10.2025 08:52:12;1;0.0;1;unknown;weak_rule;conservative_pair_rule_v2
состояние охраны;09.10.2025 09:21:53;1;0.0;1;unknown;weak_rule;conservative_pair_rule_v2
состояние охраны;09.10.2025 13:49:20;1;0.0;1;unknown;weak_rule;conservative_pair_rule_v2
состояние охраны;09.10.2025 16:28:29;1;0.0;1;unknown;weak_rule;conservative_pair_rule_v2
состояние охраны;09.10.2025 16:29:25;1;0.0;1;unknown;weak_rule;conservative_pair_rule_v2
состояние охраны;09.10.2025 16:48:31;1;0.0;1;unknown;weak_rule;conservative_pair_rule_v2
состояние охраны;09.10.2025 19:41:00;1;0.0;1;unknown;weak_rule;conservative_pair_rule_v2
состояние охраны;09.10.2025 20:02:39;1;0.0;1;unknown;weak_rule;conservative_pair_rule_v2
состояние охраны;10.10.2025 07:17:05;1;0.0;1;unknown;weak_rule;conservative_pair_rule_v2
состояние охраны;10.10.2025 08:00:41;1;0.0;1;unknown;weak_rule;conservative_pair_rule_v2
состояние охраны;12.10.2025 07:48:56;1;0.0;1;unknown;weak_rule;conservative_pair_rule_v2
состояние охраны;17.10.2025 14:11:44;1;0.0;1;unknown;weak_rule;conservative_pair_rule_v2
состояние охраны;17.10.2025 14:34:52;1;0.0;1;unknown;weak_rule;conservative_pair_rule_v2
состояние охраны;17.10.2025 16:06:47;1;0.0;1;unknown;weak_rule;conservative_pair_rule_v2
состояние охраны;17.10.2025 16:53:57;1;0.0;1;unknown;weak_rule;conservative_pair_rule_v2
состояние охраны;17.10.2025 21:52:34;1;0.0;1;unknown;weak_rule;conservative_pair_rule_v2
состояние охраны;17.10.2025 23:29:58;1;0.0;1;unknown;weak_rule;conservative_pair_rule_v2
состояние охраны;18.10.2025 09:29:46;1;0.0;1;unknown;weak_rule;conservative_pair_rule_v2
состояние охраны;21.10.2025 07:16:53;1;0.0;1;unknown;weak_rule;conservative_pair_rule_v2
состояние охраны;21.10.2025 08:01:08;1;0.0;1;unknown;weak_rule;conservative_pair_rule_v2
состояние охраны;21.10.2025 08:22:43;1;0.0;1;unknown;weak_rule;conservative_pair_rule_v2
состояние охраны;21.10.2025 09:08:28;1;0.0;1;unknown;weak_rule;conservative_pair_rule_v2
состояние охраны;21.10.2025 15:55:15;1;0.0;1;unknown;weak_rule;conservative_pair_rule_v2
состояние охраны;26.10.2025 18:41:55;1;0.0;1;unknown;weak_rule;conservative_pair_rule_v2
состояние охраны;27.10.2025 08:00:13;1;0.0;1;unknown;weak_rule;conservative_pair_rule_v2
состояние охраны;28.10.2025 16:02:37;1;0.0;1;unknown;weak_rule;conservative_pair_rule_v2
состояние охраны;28.10.2025 16:22:14;1;0.0;1;unknown;weak_rule;conservative_pair_rule_v2
состояние охраны;28.10.2025 16:33:43;1;0.0;1;unknown;weak_rule;conservative_pair_rule_v2
состояние охраны;28.10.2025 16:50:27;1;0.0;1;unknown;weak_rule;conservative_pair_rule_v2
состояние охраны;29.10.2025 07:35:22;1;0.0;1;unknown;weak_rule;conservative_pair_rule_v2
состояние охраны;29.10.2025 08:03:21;1;0.0;1;unknown;weak_rule;conservative_pair_rule_v2
состояние охраны;29.10.2025 12:25:58;1;0.0;1;unknown;weak_rule;conservative_pair_rule_v2
состояние охраны;29.10.2025 12:26:01;1;0.0;1;unknown;weak_rule;conservative_pair_rule_v2
состояние охраны;29.10.2025 16:29:03;1;0.0;1;unknown;weak_rule;conservative_pair_rule_v2
состояние охраны;03.11.2025 14:19:52;1;0.0;1;unknown;weak_rule;conservative_pair_rule_v2
состояние охраны;06.11.2025 14:58:48;1;0.0;1;unknown;weak_rule;conservative_pair_rule_v2
состояние охраны;06.11.2025 16:10:55;1;0.0;1;unknown;weak_rule;conservative_pair_rule_v2
состояние охраны;06.11.2025 16:40:21;1;0.0;1;unknown;weak_rule;conservative_pair_rule_v2
состояние охраны;06.11.2025 16:53:16;1;0.0;1;unknown;weak_rule;conservative_pair_rule_v2
состояние охраны;07.11.2025 04:44:54;1;0.0;1;unknown;weak_rule;conservative_pair_rule_v2
состояние охраны;07.11.2025 07:16:55;1;0.0;1;unknown;weak_rule;conservative_pair_rule_v2
состояние охраны;07.11.2025 09:15:57;1;0.0;1;unknown;weak_rule;conservative_pair_rule_v2
состояние охраны;07.11.2025 10:59:57;1;0.0;1;unknown;weak_rule;conservative_pair_rule_v2
состояние охраны;07.11.2025 15:50:12;1;0.0;1;unknown;weak_rule;conservative_pair_rule_v2
состояние охраны;17.11.2025 16:15:08;1;0.0;1;unknown;weak_rule;conservative_pair_rule_v2
состояние охраны;17.11.2025 16:15:10;1;0.0;1;unknown;weak_rule;conservative_pair_rule_v2
состояние охраны;17.11.2025 16:33:21;1;0.0;1;unknown;weak_rule;conservative_pair_rule_v2
состояние охраны;17.11.2025 16:44:41;1;0.0;1;unknown;weak_rule;conservative_pair_rule_v2
состояние охраны;18.11.2025 05:05:17;1;0.0;1;unknown;weak_rule;conservative_pair_rule_v2
состояние охраны;18.11.2025 07:55:13;1;0.0;1;unknown;weak_rule;conservative_pair_rule_v2
состояние охраны;18.11.2025 08:09:45;1;0.0;1;unknown;weak_rule;conservative_pair_rule_v2
состояние охраны;20.11.2025 19:04:59;1;0.0;1;unknown;weak_rule;conservative_pair_rule_v2
состояние охраны;21.11.2025 07:54:39;1;0.0;1;unknown;weak_rule;conservative_pair_rule_v2
состояние охраны;21.11.2025 08:08:29;1;0.0;1;unknown;weak_rule;conservative_pair_rule_v2
состояние охраны;24.11.2025 12:09:50;1;0.0;1;unknown;weak_rule;conservative_pair_rule_v2
состояние охраны;24.11.2025 15:27:23;1;0.0;1;unknown;weak_rule;conservative_pair_rule_v2
состояние охраны;24.11.2025 16:17:20;1;0.0;1;unknown;weak_rule;conservative_pair_rule_v2
состояние охраны;24.11.2025 17:02:54;1;0.0;1;unknown;weak_rule;conservative_pair_rule_v2
состояние охраны;24.11.2025 17:11:43;1;0.0;1;unknown;weak_rule;conservative_pair_rule_v2
состояние охраны;25.11.2025 07:50:55;1;0.0;1;unknown;weak_rule;conservative_pair_rule_v2
состояние охраны;25.11.2025 07:58:55;1;0.0;1;unknown;weak_rule;conservative_pair_rule_v2
состояние охраны;28.11.2025 16:57:32;1;0.0;1;unknown;weak_rule;conservative_pair_rule_v2
состояние охраны;28.11.2025 17:00:15;1;0.0;1;unknown;weak_rule;conservative_pair_rule_v2
состояние охраны;28.11.2025 20:06:21;1;0.0;1;unknown;weak_rule;conservative_pair_rule_v2
ибп;11;1;0.0;1;unknown;weak_rule;conservative_pair_rule_v2
состояние охраны;29.11.2025 09:08:39;1;0.0;1;unknown;weak_rule;conservative_pair_rule_v2
состояние охраны;29.11.2025 17:36:52;1;0.0;1;unknown;weak_rule;conservative_pair_rule_v2
состояние охраны;29.11.2025 20:04:19;1;0.0;1;unknown;weak_rule;conservative_pair_rule_v2
состояние охраны;29.11.2025 20:52:13;1;0.0;1;unknown;weak_rule;conservative_pair_rule_v2
состояние охраны;04.12.2025 09:00:04;1;0.0;1;unknown;weak_rule;conservative_pair_rule_v2
состояние охраны;04.12.2025 15:51:22;1;0.0;1;unknown;weak_rule;conservative_pair_rule_v2
состояние охраны;04.12.2025 16:27:05;1;0.0;1;unknown;weak_rule;conservative_pair_rule_v2
состояние охраны;04.12.2025 17:31:18;1;0.0;1;unknown;weak_rule;conservative_pair_rule_v2
состояние охраны;08.12.2025 07:21:50;1;0.0;1;unknown;weak_rule;conservative_pair_rule_v2
состояние охраны;08.12.2025 08:03:38;1;0.0;1;unknown;weak_rule;conservative_pair_rule_v2
состояние охраны;08.12.2025 12:46:20;1;0.0;1;unknown;weak_rule;conservative_pair_rule_v2
состояние охраны;08.12.2025 15:24:39;1;0.0;1;unknown;weak_rule;conservative_pair_rule_v2
состояние охраны;08.12.2025 16:15:49;1;0.0;1;unknown;weak_rule;conservative_pair_rule_v2
состояние охраны;08.12.2025 17:00:11;1;0.0;1;unknown;weak_rule;conservative_pair_rule_v2
состояние охраны;08.12.2025 22:56:47;1;0.0;1;unknown;weak_rule;conservative_pair_rule_v2
состояние охраны;12.12.2025 07:11:25;1;0.0;1;unknown;weak_rule;conservative_pair_rule_v2
состояние охраны;12.12.2025 07:37:28;1;0.0;1;unknown;weak_rule;conservative_pair_rule_v2
состояние охраны;12.12.2025 07:53:36;1;0.0;1;unknown;weak_rule;conservative_pair_rule_v2
состояние охраны;12.12.2025 08:05:21;1;0.0;1;unknown;weak_rule;conservative_pair_rule_v2
состояние охраны;12.12.2025 08:30:43;1;0.0;1;unknown;weak_rule;conservative_pair_rule_v2
состояние охраны;12.12.2025 08:53:44;1;0.0;1;unknown;weak_rule;conservative_pair_rule_v2
состояние охраны;12.12.2025 08:53:49;1;0.0;1;unknown;weak_rule;conservative_pair_rule_v2
состояние охраны;12.12.2025 15:43:02;1;0.0;1;unknown;weak_rule;conservative_pair_rule_v2
состояние охраны;12.12.2025 16:49:44;1;0.0;1;unknown;weak_rule;conservative_pair_rule_v2
состояние охраны;12.12.2025 16:59:53;1;0.0;1;unknown;weak_rule;conservative_pair_rule_v2
состояние охраны;15.12.2025 15:17:42;1;0.0;1;unknown;weak_rule;conservative_pair_rule_v2
состояние охраны;15.12.2025 15:17:46;1;0.0;1;unknown;weak_rule;conservative_pair_rule_v2
состояние охраны;15.12.2025 16:15:47;1;0.0;1;unknown;weak_rule;conservative_pair_rule_v2
состояние охраны;15.12.2025 16:37:03;1;0.0;1;unknown;weak_rule;conservative_pair_rule_v2
состояние охраны;15.12.2025 16:43:56;1;0.0;1;unknown;weak_rule;conservative_pair_rule_v2
состояние охраны;15.12.2025 17:00:22;1;0.0;1;unknown;weak_rule;conservative_pair_rule_v2
состояние охраны;15.12.2025 17:21:23;1;0.0;1;unknown;weak_rule;conservative_pair_rule_v2
состояние охраны;16.12.2025 07:57:18;1;0.0;1;unknown;weak_rule;conservative_pair_rule_v2
состояние охраны;16.12.2025 08:04:47;1;0.0;1;unknown;weak_rule;conservative_pair_rule_v2
состояние охраны;16.12.2025 08:06:28;1;0.0;1;unknown;weak_rule;conservative_pair_rule_v2
состояние охраны;16.12.2025 08:16:13;1;0.0;1;unknown;weak_rule;conservative_pair_rule_v2
состояние охраны;16.12.2025 09:07:07;1;0.0;1;unknown;weak_rule;conservative_pair_rule_v2
состояние охраны;16.12.2025 09:07:12;1;0.0;1;unknown;weak_rule;conservative_pair_rule_v2
состояние охраны;16.12.2025 09:22:47;1;0.0;1;unknown;weak_rule;conservative_pair_rule_v2
состояние охраны;16.12.2025 12:37:10;1;0.0;1;unknown;weak_rule;conservative_pair_rule_v2
состояние охраны;21.12.2025 07:49:27;1;0.0;1;unknown;weak_rule;conservative_pair_rule_v2
состояние охраны;21.12.2025 07:51:36;1;0.0;1;unknown;weak_rule;conservative_pair_rule_v2
состояние охраны;21.12.2025 07:59:59;1;0.0;1;unknown;weak_rule;conservative_pair_rule_v2
состояние охраны;21.12.2025 08:11:54;1;0.0;1;unknown;weak_rule;conservative_pair_rule_v2
состояние охраны;21.12.2025 22:40:17;1;0.0;1;unknown;weak_rule;conservative_pair_rule_v2
состояние охраны;26.12.2025 17:14:21;1;0.0;1;unknown;weak_rule;conservative_pair_rule_v2
состояние охраны;26.12.2025 17:56:16;1;0.0;1;unknown;weak_rule;conservative_pair_rule_v2
состояние охраны;26.12.2025 18:02:17;1;0.0;1;unknown;weak_rule;conservative_pair_rule_v2
состояние охраны;26.12.2025 23:38:48;1;0.0;1;unknown;weak_rule;conservative_pair_rule_v2
состояние охраны;27.12.2025 00:03:38;1;0.0;1;unknown;weak_rule;conservative_pair_rule_v2
состояние охраны;27.12.2025 11:51:21;1;0.0;1;unknown;weak_rule;conservative_pair_rule_v2
состояние охраны;29.12.2025 08:05:00;1;0.0;1;unknown;weak_rule;conservative_pair_rule_v2
состояние охраны;29.12.2025 08:32:49;1;0.0;1;unknown;weak_rule;conservative_pair_rule_v2
состояние охраны;29.12.2025 09:00:30;1;0.0;1;unknown;weak_rule;conservative_pair_rule_v2
состояние охраны;29.12.2025 16:42:34;1;0.0;1;unknown;weak_rule;conservative_pair_rule_v2
состояние охраны;29.12.2025 16:42:39;1;0.0;1;unknown;weak_rule;conservative_pair_rule_v2
состояние охраны;29.12.2025 16:57:35;1;0.0;1;unknown;weak_rule;conservative_pair_rule_v2
состояние охраны;29.12.2025 17:07:02;1;0.0;1;unknown;weak_rule;conservative_pair_rule_v2
состояние охраны;03.01.2025 17:33:53;1;0.0;1;unknown;weak_rule;conservative_pair_rule_v2
состояние охраны;03.01.2025 17:33:59;1;0.0;1;unknown;weak_rule;conservative_pair_rule_v2
состояние охраны;03.01.2025 20:00:43;1;0.0;1;unknown;weak_rule;conservative_pair_rule_v2
состояние охраны;04.01.2025 07:42:30;1;0.0;1;unknown;weak_rule;conservative_pair_rule_v2
состояние охраны;04.01.2025 08:27:14;1;0.0;1;unknown;weak_rule;conservative_pair_rule_v2
состояние охраны;07.01.2025 17:47:49;1;0.0;1;unknown;weak_rule;conservative_pair_rule_v2
состояние охраны;08.01.2025 01:09:33;1;0.0;1;unknown;weak_rule;conservative_pair_rule_v2
состояние охраны;08.01.2025 10:48:00;1;0.0;1;unknown;weak_rule;conservative_pair_rule_v2
состояние охраны;08.01.2025 12:03:35;1;0.0;1;unknown;weak_rule;conservative_pair_rule_v2
состояние охраны;08.01.2025 17:25:20;1;0.0;1;unknown;weak_rule;conservative_pair_rule_v2
состояние охраны;12.01.2025 13:00:14;1;0.0;1;unknown;weak_rule;conservative_pair_rule_v2
состояние охраны;12.01.2025 15:07:36;1;0.0;1;unknown;weak_rule;conservative_pair_rule_v2
состояние охраны;15.01.2025 08:40:39;1;0.0;1;unknown;weak_rule;conservative_pair_rule_v2
состояние охраны;15.01.2025 09:22:47;1;0.0;1;unknown;weak_rule;conservative_pair_rule_v2
состояние охраны;15.01.2025 16:00:55;1;0.0;1;unknown;weak_rule;conservative_pair_rule_v2
состояние охраны;15.01.2025 16:14:15;1;0.0;1;unknown;weak_rule;conservative_pair_rule_v2
состояние охраны;15.01.2025 16:25:32;1;0.0;1;unknown;weak_rule;conservative_pair_rule_v2
состояние охраны;15.01.2025 19:57:14;1;0.0;1;unknown;weak_rule;conservative_pair_rule_v2
состояние охраны;15.01.2025 21:31:59;1;0.0;1;unknown;weak_rule;conservative_pair_rule_v2
состояние охраны;20.01.2025 07:18:29;1;0.0;1;unknown;weak_rule;conservative_pair_rule_v2
состояние охраны;20.01.2025 07:54:49;1;0.0;1;unknown;weak_rule;conservative_pair_rule_v2
состояние охраны;20.01.2025 09:25:44;1;0.0;1;unknown;weak_rule;conservative_pair_rule_v2
состояние охраны;20.01.2025 09:56:49;1;0.0;1;unknown;weak_rule;conservative_pair_rule_v2
состояние охраны;26.01.2025 08:21:23;1;0.0;1;unknown;weak_rule;conservative_pair_rule_v2
состояние охраны;31.01.2025 15:50:30;1;0.0;1;unknown;weak_rule;conservative_pair_rule_v2
состояние охраны;31.01.2025 15:52:34;1;0.0;1;unknown;weak_rule;conservative_pair_rule_v2
состояние охраны;31.01.2025 19:20:06;1;0.0;1;unknown;weak_rule;conservative_pair_rule_v2
состояние охраны;01.02.2025 00:28:25;1;0.0;1;unknown;weak_rule;conservative_pair_rule_v2
состояние охраны;01.02.2025 08:55:09;1;0.0;1;unknown;weak_rule;conservative_pair_rule_v2
состояние охраны;03.02.2025 07:43:59;1;0.0;1;unknown;weak_rule;conservative_pair_rule_v2
состояние охраны;03.02.2025 08:01:54;1;0.0;1;unknown;weak_rule;conservative_pair_rule_v2
состояние охраны;03.02.2025 09:06:31;1;0.0;1;unknown;weak_rule;conservative_pair_rule_v2
состояние охраны;03.02.2025 10:25:26;1;0.0;1;unknown;weak_rule;conservative_pair_rule_v2
состояние охраны;03.02.2025 12:55:13;1;0.0;1;unknown;weak_rule;conservative_pair_rule_v2
состояние охраны;03.02.2025 16:17:13;1;0.0;1;unknown;weak_rule;conservative_pair_rule_v2
состояние охраны;03.02.2025 17:00:08;1;0.0;1;unknown;weak_rule;conservative_pair_rule_v2
состояние охраны;03.02.2025 18:15:27;1;0.0;1;unknown;weak_rule;conservative_pair_rule_v2
состояние охраны;08.02.2025 07:49:04;1;0.0;1;unknown;weak_rule;conservative_pair_rule_v2
состояние охраны;08.02.2025 20:06:50;1;0.0;1;unknown;weak_rule;conservative_pair_rule_v2
состояние охраны;09.02.2025 06:29:42;1;0.0;1;unknown;weak_rule;conservative_pair_rule_v2
состояние охраны;10.02.2025 13:01:50;1;0.0;1;unknown;weak_rule;conservative_pair_rule_v2
состояние охраны;10.02.2025 16:30:55;1;0.0;1;unknown;weak_rule;conservative_pair_rule_v2
состояние охраны;10.02.2025 20:02:59;1;0.0;1;unknown;weak_rule;conservative_pair_rule_v2
состояние охраны;10.02.2025 23:15:55;1;0.0;1;unknown;weak_rule;conservative_pair_rule_v2
состояние охраны;11.02.2025 06:06:12;1;0.0;1;unknown;weak_rule;conservative_pair_rule_v2
состояние охраны;11.02.2025 07:40:05;1;0.0;1;unknown;weak_rule;conservative_pair_rule_v2
состояние охраны;11.02.2025 07:45:01;1;0.0;1;unknown;weak_rule;conservative_pair_rule_v2
состояние охраны;11.02.2025 08:43:15;1;0.0;1;unknown;weak_rule;conservative_pair_rule_v2
состояние охраны;11.02.2025 08:48:25;1;0.0;1;unknown;weak_rule;conservative_pair_rule_v2
состояние охраны;11.02.2025 10:03:25;1;0.0;1;unknown;weak_rule;conservative_pair_rule_v2
состояние охраны;18.02.2025 08:40:40;1;0.0;1;unknown;weak_rule;conservative_pair_rule_v2
состояние охраны;18.02.2025 08:40:43;1;0.0;1;unknown;weak_rule;conservative_pair_rule_v2
состояние охраны;18.02.2025 08:49:12;1;0.0;1;unknown;weak_rule;conservative_pair_rule_v2
состояние охраны;18.02.2025 15:58:14;1;0.0;1;unknown;weak_rule;conservative_pair_rule_v2
состояние охраны;22.02.2025 17:26:31;1;0.0;1;unknown;weak_rule;conservative_pair_rule_v2
состояние охраны;23.02.2025 07:51:57;1;0.0;1;unknown;weak_rule;conservative_pair_rule_v2
состояние охраны;25.02.2025 07:34:18;1;0.0;1;unknown;weak_rule;conservative_pair_rule_v2
состояние охраны;25.02.2025 08:19:23;1;0.0;1;unknown;weak_rule;conservative_pair_rule_v2
состояние охраны;25.02.2025 08:42:42;1;0.0;1;unknown;weak_rule;conservative_pair_rule_v2
состояние охраны;25.02.2025 08:42:54;1;0.0;1;unknown;weak_rule;conservative_pair_rule_v2
состояние охраны;26.02.2025 07:55:41;1;0.0;1;unknown;weak_rule;conservative_pair_rule_v2
состояние охраны;28.02.2025 08:55:51;1;0.0;1;unknown;weak_rule;conservative_pair_rule_v2
состояние охраны;28.02.2025 08:59:18;1;0.0;1;unknown;weak_rule;conservative_pair_rule_v2
состояние охраны;28.02.2025 15:07:38;1;0.0;1;unknown;weak_rule;conservative_pair_rule_v2
состояние охраны;28.02.2025 16:39:56;1;0.0;1;unknown;weak_rule;conservative_pair_rule_v2
состояние охраны;28.02.2025 20:06:10;1;0.0;1;unknown;weak_rule;conservative_pair_rule_v2
состояние охраны;28.02.2025 23:56:31;1;0.0;1;unknown;weak_rule;conservative_pair_rule_v2
состояние охраны;01.03.2025 08:02:00;1;0.0;1;unknown;weak_rule;conservative_pair_rule_v2
состояние охраны;05.03.2025 07:49:48;1;0.0;1;unknown;weak_rule;conservative_pair_rule_v2
состояние охраны;05.03.2025 07:50:33;1;0.0;1;unknown;weak_rule;conservative_pair_rule_v2
состояние охраны;05.03.2025 08:15:12;1;0.0;1;unknown;weak_rule;conservative_pair_rule_v2
состояние охраны;05.03.2025 08:32:12;1;0.0;1;unknown;weak_rule;conservative_pair_rule_v2
состояние охраны;05.03.2025 15:32:16;1;0.0;1;unknown;weak_rule;conservative_pair_rule_v2
состояние охраны;05.03.2025 16:24:26;1;0.0;1;unknown;weak_rule;conservative_pair_rule_v2
состояние охраны;05.03.2025 19:09:08;1;0.0;1;unknown;weak_rule;conservative_pair_rule_v2
состояние охраны;11.03.2025 06:12:19;1;0.0;1;unknown;weak_rule;conservative_pair_rule_v2
состояние охраны;11.03.2025 08:26:10;1;0.0;1;unknown;weak_rule;conservative_pair_rule_v2
состояние охраны;11.03.2025 12:57:07;1;0.0;1;unknown;weak_rule;conservative_pair_rule_v2
состояние охраны;11.03.2025 15:32:02;1;0.0;1;unknown;weak_rule;conservative_pair_rule_v2
состояние охраны;11.03.2025 15:43:02;1;0.0;1;unknown;weak_rule;conservative_pair_rule_v2
состояние охраны;14.03.2025 07:16:55;1;0.0;1;unknown;weak_rule;conservative_pair_rule_v2
состояние охраны;14.03.2025 07:28:56;1;0.0;1;unknown;weak_rule;conservative_pair_rule_v2
состояние охраны;14.03.2025 07:44:31;1;0.0;1;unknown;weak_rule;conservative_pair_rule_v2
состояние охраны;14.03.2025 07:52:28;1;0.0;1;unknown;weak_rule;conservative_pair_rule_v2
состояние охраны;14.03.2025 10:14:26;1;0.0;1;unknown;weak_rule;conservative_pair_rule_v2
состояние охраны;14.03.2025 15:58:41;1;0.0;1;unknown;weak_rule;conservative_pair_rule_v2
состояние охраны;14.03.2025 16:10:44;1;0.0;1;unknown;weak_rule;conservative_pair_rule_v2
состояние охраны;14.03.2025 16:21:48;1;0.0;1;unknown;weak_rule;conservative_pair_rule_v2
состояние охраны;14.03.2025 19:57:43;1;0.0;1;unknown;weak_rule;conservative_pair_rule_v2
состояние охраны;14.03.2025 22:04:19;1;0.0;1;unknown;weak_rule;conservative_pair_rule_v2
состояние охраны;14.03.2025 22:49:21;1;0.0;1;unknown;weak_rule;conservative_pair_rule_v2
состояние охраны;15.03.2025 07:57:58;1;0.0;1;unknown;weak_rule;conservative_pair_rule_v2
состояние охраны;21.03.2025 08:01:10;1;0.0;1;unknown;weak_rule;conservative_pair_rule_v2
состояние охраны;21.03.2025 08:02:30;1;0.0;1;unknown;weak_rule;conservative_pair_rule_v2
состояние охраны;21.03.2025 08:04:02;1;0.0;1;unknown;weak_rule;conservative_pair_rule_v2
состояние охраны;21.03.2025 10:17:05;1;0.0;1;unknown;weak_rule;conservative_pair_rule_v2
состояние охраны;21.03.2025 10:17:12;1;0.0;1;unknown;weak_rule;conservative_pair_rule_v2
состояние охраны;21.03.2025 14:49:23;1;0.0;1;unknown;weak_rule;conservative_pair_rule_v2
состояние охраны;22.03.2025 08:00:59;1;0.0;1;unknown;weak_rule;conservative_pair_rule_v2
состояние охраны;25.03.2025 07:58:37;1;0.0;1;unknown;weak_rule;conservative_pair_rule_v2
состояние охраны;25.03.2025 13:12:42;1;0.0;1;unknown;weak_rule;conservative_pair_rule_v2
состояние охраны;25.03.2025 15:57:12;1;0.0;1;unknown;weak_rule;conservative_pair_rule_v2
состояние охраны;25.03.2025 16:06:54;1;0.0;1;unknown;weak_rule;conservative_pair_rule_v2
состояние охраны;25.03.2025 20:04:18;1;0.0;1;unknown;weak_rule;conservative_pair_rule_v2
состояние охраны;26.03.2025 07:41:24;1;0.0;1;unknown;weak_rule;conservative_pair_rule_v2
состояние охраны;26.03.2025 08:04:48;1;0.0;1;unknown;weak_rule;conservative_pair_rule_v2
состояние охраны;26.03.2025 08:04:50;1;0.0;1;unknown;weak_rule;conservative_pair_rule_v2
состояние охраны;26.03.2025 08:33:06;1;0.0;1;unknown;weak_rule;conservative_pair_rule_v2
состояние охраны;31.03.2025 13:46:51;1;0.0;1;unknown;weak_rule;conservative_pair_rule_v2
состояние охраны;31.03.2025 14:38:37;1;0.0;1;unknown;weak_rule;conservative_pair_rule_v2
состояние охраны;31.03.2025 19:11:33;1;0.0;1;unknown;weak_rule;conservative_pair_rule_v2
состояние охраны;31.03.2025 20:03:58;1;0.0;1;unknown;weak_rule;conservative_pair_rule_v2
состояние охраны;01.04.2025 07:43:44;1;0.0;1;unknown;weak_rule;conservative_pair_rule_v2
состояние охраны;01.04.2025 07:57:50;1;0.0;1;unknown;weak_rule;conservative_pair_rule_v2
состояние охраны;01.04.2025 08:38:38;1;0.0;1;unknown;weak_rule;conservative_pair_rule_v2
состояние охраны;01.04.2025 13:52:51;1;0.0;1;unknown;weak_rule;conservative_pair_rule_v2
состояние охраны;01.04.2025 15:28:58;1;0.0;1;unknown;weak_rule;conservative_pair_rule_v2
состояние охраны;03.04.2025 07:00:57;1;0.0;1;unknown;weak_rule;conservative_pair_rule_v2
состояние охраны;03.04.2025 09:08:21;1;0.0;1;unknown;weak_rule;conservative_pair_rule_v2
состояние охраны;03.04.2025 09:37:51;1;0.0;1;unknown;weak_rule;conservative_pair_rule_v2
состояние охраны;03.04.2025 13:53:26;1;0.0;1;unknown;weak_rule;conservative_pair_rule_v2
состояние охраны;03.04.2025 16:14:07;1;0.0;1;unknown;weak_rule;conservative_pair_rule_v2
состояние охраны;03.04.2025 16:16:11;1;0.0;1;unknown;weak_rule;conservative_pair_rule_v2
состояние охраны;10.04.2025 07:14:05;1;0.0;1;unknown;weak_rule;conservative_pair_rule_v2
состояние охраны;10.04.2025 18:50:48;1;0.0;1;unknown;weak_rule;conservative_pair_rule_v2
состояние охраны;10.04.2025 20:05:22;1;0.0;1;unknown;weak_rule;conservative_pair_rule_v2
состояние охраны;16.04.2025 07:03:48;1;0.0;1;unknown;weak_rule;conservative_pair_rule_v2
состояние охраны;16.04.2025 15:34:43;1;0.0;1;unknown;weak_rule;conservative_pair_rule_v2
состояние охраны;20.04.2025 20:02:24;1;0.0;1;unknown;weak_rule;conservative_pair_rule_v2
состояние охраны;20.04.2025 20:03:38;1;0.0;1;unknown;weak_rule;conservative_pair_rule_v2
состояние охраны;21.04.2025 08:03:37;1;0.0;1;unknown;weak_rule;conservative_pair_rule_v2
состояние охраны;21.04.2025 08:05:06;1;0.0;1;unknown;weak_rule;conservative_pair_rule_v2
состояние охраны;21.04.2025 08:08:17;1;0.0;1;unknown;weak_rule;conservative_pair_rule_v2
состояние охраны;21.04.2025 15:45:36;1;0.0;1;unknown;weak_rule;conservative_pair_rule_v2
состояние охраны;21.04.2025 15:48:54;1;0.0;1;unknown;weak_rule;conservative_pair_rule_v2
состояние охраны;21.04.2025 16:24:58;1;0.0;1;unknown;weak_rule;conservative_pair_rule_v2
состояние охраны;21.04.2025 21:26:43;1;0.0;1;unknown;weak_rule;conservative_pair_rule_v2
состояние охраны;21.04.2025 21:46:01;1;0.0;1;unknown;weak_rule;conservative_pair_rule_v2
состояние охраны;25.04.2025 08:25:17;1;0.0;1;unknown;weak_rule;conservative_pair_rule_v2
состояние охраны;25.04.2025 08:25:22;1;0.0;1;unknown;weak_rule;conservative_pair_rule_v2
состояние охраны;25.04.2025 13:39:15;1;0.0;1;unknown;weak_rule;conservative_pair_rule_v2
состояние охраны;26.04.2025 11:10:14;1;0.0;1;unknown;weak_rule;conservative_pair_rule_v2
состояние охраны;29.04.2025 08:00:37;1;0.0;1;unknown;weak_rule;conservative_pair_rule_v2
состояние охраны;29.04.2025 08:23:03;1;0.0;1;unknown;weak_rule;conservative_pair_rule_v2
состояние охраны;29.04.2025 09:04:13;1;0.0;1;unknown;weak_rule;conservative_pair_rule_v2
состояние охраны;29.04.2025 16:24:26;1;0.0;1;unknown;weak_rule;conservative_pair_rule_v2
состояние охраны;29.04.2025 16:59:13;1;0.0;1;unknown;weak_rule;conservative_pair_rule_v2
состояние охраны;30.04.2025 04:03:28;1;0.0;1;unknown;weak_rule;conservative_pair_rule_v2
состояние охраны;30.04.2025 07:42:21;1;0.0;1;unknown;weak_rule;conservative_pair_rule_v2
состояние охраны;30.04.2025 07:49:08;1;0.0;1;unknown;weak_rule;conservative_pair_rule_v2
состояние охраны;05.05.2025 07:17:37;1;0.0;1;unknown;weak_rule;conservative_pair_rule_v2
состояние охраны;05.05.2025 07:32:53;1;0.0;1;unknown;weak_rule;conservative_pair_rule_v2
состояние охраны;05.05.2025 07:58:40;1;0.0;1;unknown;weak_rule;conservative_pair_rule_v2
состояние охраны;05.05.2025 08:00:17;1;0.0;1;unknown;weak_rule;conservative_pair_rule_v2
состояние охраны;05.05.2025 08:03:46;1;0.0;1;unknown;weak_rule;conservative_pair_rule_v2
состояние охраны;05.05.2025 14:01:21;1;0.0;1;unknown;weak_rule;conservative_pair_rule_v2
состояние охраны;05.05.2025 14:01:32;1;0.0;1;unknown;weak_rule;conservative_pair_rule_v2
состояние охраны;10.05.2025 08:40:11;1;0.0;1;unknown;weak_rule;conservative_pair_rule_v2
состояние охраны;10.05.2025 09:50:46;1;0.0;1;unknown;weak_rule;conservative_pair_rule_v2
состояние охраны;10.05.2025 10:04:25;1;0.0;1;unknown;weak_rule;conservative_pair_rule_v2
состояние охраны;10.05.2025 10:07:03;1;0.0;1;unknown;weak_rule;conservative_pair_rule_v2
состояние охраны;10.05.2025 13:48:18;1;0.0;1;unknown;weak_rule;conservative_pair_rule_v2
состояние охраны;10.05.2025 13:56:50;1;0.0;1;unknown;weak_rule;conservative_pair_rule_v2
состояние охраны;11.05.2025 08:46:48;1;0.0;1;unknown;weak_rule;conservative_pair_rule_v2
состояние охраны;15.05.2025 07:14:03;1;0.0;1;unknown;weak_rule;conservative_pair_rule_v2
состояние охраны;15.05.2025 08:03:27;1;0.0;1;unknown;weak_rule;conservative_pair_rule_v2
состояние охраны;15.05.2025 08:26:40;1;0.0;1;unknown;weak_rule;conservative_pair_rule_v2
состояние охраны;02.01.2025 08:19:26;1;0.0;1;unknown;weak_rule;conservative_pair_rule_v2
состояние охраны;02.01.2025 09:16:56;1;0.0;1;unknown;weak_rule;conservative_pair_rule_v2
состояние охраны;02.01.2025 13:11:14;1;0.0;1;unknown;weak_rule;conservative_pair_rule_v2
состояние охраны;02.01.2025 21:02:58;1;0.0;1;unknown;weak_rule;conservative_pair_rule_v2
состояние охраны;03.01.2025 08:44:55;1;0.0;1;unknown;weak_rule;conservative_pair_rule_v2
состояние охраны;03.01.2025 12:07:31;1;0.0;1;unknown;weak_rule;conservative_pair_rule_v2
состояние охраны;10.01.2025 08:25:56;1;0.0;1;unknown;weak_rule;conservative_pair_rule_v2
состояние охраны;10.01.2025 09:01:06;1;0.0;1;unknown;weak_rule;conservative_pair_rule_v2
состояние охраны;10.01.2025 09:01:27;1;0.0;1;unknown;weak_rule;conservative_pair_rule_v2
состояние охраны;10.01.2025 09:04:04;1;0.0;1;unknown;weak_rule;conservative_pair_rule_v2
состояние охраны;10.01.2025 13:26:23;1;0.0;1;unknown;weak_rule;conservative_pair_rule_v2
состояние охраны;10.01.2025 14:36:02;1;0.0;1;unknown;weak_rule;conservative_pair_rule_v2
состояние охраны;10.01.2025 14:42:02;1;0.0;1;unknown;weak_rule;conservative_pair_rule_v2
состояние охраны;10.01.2025 15:09:26;1;0.0;1;unknown;weak_rule;conservative_pair_rule_v2
состояние охраны;10.01.2025 15:21:22;1;0.0;1;unknown;weak_rule;conservative_pair_rule_v2
состояние охраны;10.01.2025 17:00:31;1;0.0;1;unknown;weak_rule;conservative_pair_rule_v2
состояние охраны;10.01.2025 22:04:43;1;0.0;1;unknown;weak_rule;conservative_pair_rule_v2
состояние охраны;14.01.2025 04:48:26;1;0.0;1;unknown;weak_rule;conservative_pair_rule_v2
состояние охраны;14.01.2025 07:48:29;1;0.0;1;unknown;weak_rule;conservative_pair_rule_v2
состояние охраны;14.01.2025 08:05:40;1;0.0;1;unknown;weak_rule;conservative_pair_rule_v2
состояние охраны;14.01.2025 08:37:11;1;0.0;1;unknown;weak_rule;conservative_pair_rule_v2
состояние охраны;14.01.2025 09:18:36;1;0.0;1;unknown;weak_rule;conservative_pair_rule_v2
состояние охраны;14.01.2025 15:59:47;1;0.0;1;unknown;weak_rule;conservative_pair_rule_v2
состояние охраны;14.01.2025 16:27:16;1;0.0;1;unknown;weak_rule;conservative_pair_rule_v2
состояние охраны;14.01.2025 17:31:51;1;0.0;1;unknown;weak_rule;conservative_pair_rule_v2
состояние охраны;14.01.2025 19:49:51;1;0.0;1;unknown;weak_rule;conservative_pair_rule_v2
состояние охраны;14.01.2025 19:57:09;1;0.0;1;unknown;weak_rule;conservative_pair_rule_v2
состояние охраны;18.01.2025 03:32:58;1;0.0;1;unknown;weak_rule;conservative_pair_rule_v2
состояние охраны;18.01.2025 04:25:49;1;0.0;1;unknown;weak_rule;conservative_pair_rule_v2
состояние охраны;18.01.2025 11:52:28;1;0.0;1;unknown;weak_rule;conservative_pair_rule_v2
состояние охраны;18.01.2025 19:58:16;1;0.0;1;unknown;weak_rule;conservative_pair_rule_v2
состояние охраны;22.01.2025 21:46:03;1;0.0;1;unknown;weak_rule;conservative_pair_rule_v2
состояние охраны;23.01.2025 08:22:41;1;0.0;1;unknown;weak_rule;conservative_pair_rule_v2
состояние охраны;23.01.2025 09:03:23;1;0.0;1;unknown;weak_rule;conservative_pair_rule_v2
состояние охраны;23.01.2025 12:31:51;1;0.0;1;unknown;weak_rule;conservative_pair_rule_v2
состояние охраны;23.01.2025 13:03:38;1;0.0;1;unknown;weak_rule;conservative_pair_rule_v2
состояние охраны;23.01.2025 13:48:23;1;0.0;1;unknown;weak_rule;conservative_pair_rule_v2
состояние охраны;24.01.2025 20:30:11;1;0.0;1;unknown;weak_rule;conservative_pair_rule_v2
состояние охраны;25.01.2025 00:42:30;1;0.0;1;unknown;weak_rule;conservative_pair_rule_v2
состояние охраны;25.01.2025 07:26:52;1;0.0;1;unknown;weak_rule;conservative_pair_rule_v2
состояние охраны;25.01.2025 19:54:44;1;0.0;1;unknown;weak_rule;conservative_pair_rule_v2
состояние охраны;30.01.2025 13:57:39;1;0.0;1;unknown;weak_rule;conservative_pair_rule_v2
состояние охраны;30.01.2025 14:24:27;1;0.0;1;unknown;weak_rule;conservative_pair_rule_v2
состояние охраны;30.01.2025 17:04:43;1;0.0;1;unknown;weak_rule;conservative_pair_rule_v2
состояние охраны;30.01.2025 20:01:51;1;0.0;1;unknown;weak_rule;conservative_pair_rule_v2
состояние охраны;31.01.2025 08:18:01;1;0.0;1;unknown;weak_rule;conservative_pair_rule_v2
состояние охраны;31.01.2025 08:33:01;1;0.0;1;unknown;weak_rule;conservative_pair_rule_v2
состояние охраны;05.02.2025 07:08:42;1;0.0;1;unknown;weak_rule;conservative_pair_rule_v2
состояние охраны;05.02.2025 08:02:03;1;0.0;1;unknown;weak_rule;conservative_pair_rule_v2
состояние охраны;05.02.2025 08:05:13;1;0.0;1;unknown;weak_rule;conservative_pair_rule_v2
состояние охраны;05.02.2025 08:05:20;1;0.0;1;unknown;weak_rule;conservative_pair_rule_v2
состояние охраны;05.02.2025 13:21:13;1;0.0;1;unknown;weak_rule;conservative_pair_rule_v2
состояние охраны;05.02.2025 16:06:57;1;0.0;1;unknown;weak_rule;conservative_pair_rule_v2
состояние охраны;05.02.2025 16:07:00;1;0.0;1;unknown;weak_rule;conservative_pair_rule_v2
состояние охраны;05.02.2025 16:41:52;1;0.0;1;unknown;weak_rule;conservative_pair_rule_v2
состояние охраны;05.02.2025 18:13:42;1;0.0;1;unknown;weak_rule;conservative_pair_rule_v2
состояние охраны;05.02.2025 18:14:08;1;0.0;1;unknown;weak_rule;conservative_pair_rule_v2
состояние охраны;05.02.2025 20:04:41;1;0.0;1;unknown;weak_rule;conservative_pair_rule_v2
состояние охраны;09.02.2025 09:05:13;1;0.0;1;unknown;weak_rule;conservative_pair_rule_v2
состояние охраны;09.02.2025 23:47:14;1;0.0;1;unknown;weak_rule;conservative_pair_rule_v2
состояние охраны;10.02.2025 07:14:49;1;0.0;1;unknown;weak_rule;conservative_pair_rule_v2
состояние охраны;10.02.2025 07:30:23;1;0.0;1;unknown;weak_rule;conservative_pair_rule_v2
состояние охраны;10.02.2025 07:45:26;1;0.0;1;unknown;weak_rule;conservative_pair_rule_v2
состояние охраны;11.02.2025 13:09:57;1;0.0;1;unknown;weak_rule;conservative_pair_rule_v2
состояние охраны;11.02.2025 13:34:34;1;0.0;1;unknown;weak_rule;conservative_pair_rule_v2
состояние охраны;11.02.2025 16:59:42;1;0.0;1;unknown;weak_rule;conservative_pair_rule_v2
состояние охраны;11.02.2025 18:08:22;1;0.0;1;unknown;weak_rule;conservative_pair_rule_v2
состояние охраны;11.02.2025 19:47:01;1;0.0;1;unknown;weak_rule;conservative_pair_rule_v2
состояние охраны;11.02.2025 20:48:03;1;0.0;1;unknown;weak_rule;conservative_pair_rule_v2
состояние охраны;12.02.2025 08:09:57;1;0.0;1;unknown;weak_rule;conservative_pair_rule_v2
состояние охраны;14.02.2025 13:24:55;1;0.0;1;unknown;weak_rule;conservative_pair_rule_v2
состояние охраны;14.02.2025 14:14:39;1;0.0;1;unknown;weak_rule;conservative_pair_rule_v2
состояние охраны;14.02.2025 21:39:04;1;0.0;1;unknown;weak_rule;conservative_pair_rule_v2
состояние охраны;15.02.2025 06:33:52;1;0.0;1;unknown;weak_rule;conservative_pair_rule_v2
состояние охраны;15.02.2025 07:46:23;1;0.0;1;unknown;weak_rule;conservative_pair_rule_v2
состояние охраны;15.02.2025 09:55:07;1;0.0;1;unknown;weak_rule;conservative_pair_rule_v2
состояние охраны;15.02.2025 13:27:27;1;0.0;1;unknown;weak_rule;conservative_pair_rule_v2
состояние охраны;21.02.2025 14:59:26;1;0.0;1;unknown;weak_rule;conservative_pair_rule_v2
состояние охраны;21.02.2025 16:01:38;1;0.0;1;unknown;weak_rule;conservative_pair_rule_v2
состояние охраны;22.02.2025 14:35:16;1;0.0;1;unknown;weak_rule;conservative_pair_rule_v2
газовый датчик;3.24;1;0.0;1;unknown;weak_rule;conservative_pair_rule_v2
газовый датчик;4.30;1;0.0;1;unknown;weak_rule;conservative_pair_rule_v2
газовый датчик;4.47;1;0.0;1;unknown;weak_rule;conservative_pair_rule_v2
газовый датчик;4.74;1;0.0;1;unknown;weak_rule;conservative_pair_rule_v2
газовый датчик;6.76;1;0.0;1;unknown;weak_rule;conservative_pair_rule_v2
газовый датчик;7.36;1;0.0;1;unknown;weak_rule;conservative_pair_rule_v2
газовый датчик;8.23;1;0.0;1;unknown;weak_rule;conservative_pair_rule_v2
газовый датчик;8.47;1;0.0;1;unknown;weak_rule;conservative_pair_rule_v2
газовый датчик;9.68;1;0.0;1;unknown;weak_rule;conservative_pair_rule_v2
газовый датчик;11.93;1;0.0;1;unknown;weak_rule;conservative_pair_rule_v2
газовый датчик;15.80;1;0.0;1;unknown;weak_rule;conservative_pair_rule_v2
газовый датчик;15.61;1;0.0;1;unknown;weak_rule;conservative_pair_rule_v2
газовый датчик;17.18;1;0.0;1;unknown;weak_rule;conservative_pair_rule_v2
газовый датчик;16.85;1;0.0;1;unknown;weak_rule;conservative_pair_rule_v2
газовый датчик;17.69;1;0.0;1;unknown;weak_rule;conservative_pair_rule_v2
газовый датчик;17.52;1;0.0;1;unknown;weak_rule;conservative_pair_rule_v2
газовый датчик;19.10;1;0.0;1;unknown;weak_rule;conservative_pair_rule_v2
газовый датчик;24.03;1;0.0;1;unknown;weak_rule;conservative_pair_rule_v2
газовый датчик;23.24;1;0.0;1;unknown;weak_rule;conservative_pair_rule_v2
газовый датчик;23.98;1;0.0;1;unknown;weak_rule;conservative_pair_rule_v2
газовый датчик;25.63;1;0.0;1;unknown;weak_rule;conservative_pair_rule_v2
газовый датчик;10.94;1;0.0;1;unknown;weak_rule;conservative_pair_rule_v2
газовый датчик;10.27;1;0.0;1;unknown;weak_rule;conservative_pair_rule_v2
газовый датчик;9.25;1;0.0;1;unknown;weak_rule;conservative_pair_rule_v2
газовый датчик;9.64;1;0.0;1;unknown;weak_rule;conservative_pair_rule_v2
газовый датчик;10.13;1;0.0;1;unknown;weak_rule;conservative_pair_rule_v2
газовый датчик;10.78;1;0.0;1;unknown;weak_rule;conservative_pair_rule_v2
газовый датчик;11.11;1;0.0;1;unknown;weak_rule;conservative_pair_rule_v2
газовый датчик;12.94;1;0.0;1;unknown;weak_rule;conservative_pair_rule_v2
газовый датчик;12.25;1;0.0;1;unknown;weak_rule;conservative_pair_rule_v2
газовый датчик;13.94;1;0.0;1;unknown;weak_rule;conservative_pair_rule_v2
газовый датчик;13.43;1;0.0;1;unknown;weak_rule;conservative_pair_rule_v2
газовый датчик;13.31;1;0.0;1;unknown;weak_rule;conservative_pair_rule_v2
газовый датчик;16.47;1;0.0;1;unknown;weak_rule;conservative_pair_rule_v2
газовый датчик;12.53;1;0.0;1;unknown;weak_rule;conservative_pair_rule_v2
газовый датчик;11.72;1;0.0;1;unknown;weak_rule;conservative_pair_rule_v2
газовый датчик;13.71;1;0.0;1;unknown;weak_rule;conservative_pair_rule_v2
газовый датчик;15.63;1;0.0;1;unknown;weak_rule;conservative_pair_rule_v2
газовый датчик;14.35;1;0.0;1;unknown;weak_rule;conservative_pair_rule_v2
газовый датчик;16.82;1;0.0;1;unknown;weak_rule;conservative_pair_rule_v2
газовый датчик;15.25;1;0.0;1;unknown;weak_rule;conservative_pair_rule_v2
газовый датчик;19.44;1;0.0;1;unknown;weak_rule;conservative_pair_rule_v2
газовый датчик;16.73;1;0.0;1;unknown;weak_rule;conservative_pair_rule_v2
газовый датчик;19.31;1;0.0;1;unknown;weak_rule;conservative_pair_rule_v2
газовый датчик;13.33;1;0.0;1;unknown;weak_rule;conservative_pair_rule_v2
газовый датчик;15.88;1;0.0;1;unknown;weak_rule;conservative_pair_rule_v2
газовый датчик;16.39;1;0.0;1;unknown;weak_rule;conservative_pair_rule_v2
газовый датчик;20.01;1;0.0;1;unknown;weak_rule;conservative_pair_rule_v2
газовый датчик;20.43;1;0.0;1;unknown;weak_rule;conservative_pair_rule_v2
газовый датчик;20.50;1;0.0;1;unknown;weak_rule;conservative_pair_rule_v2
газовый датчик;19.28;1;0.0;1;unknown;weak_rule;conservative_pair_rule_v2
газовый датчик;22.54;1;0.0;1;unknown;weak_rule;conservative_pair_rule_v2
газовый датчик;24.81;1;0.0;1;unknown;weak_rule;conservative_pair_rule_v2
газовый датчик;22.51;1;0.0;1;unknown;weak_rule;conservative_pair_rule_v2
газовый датчик;23.10;1;0.0;1;unknown;weak_rule;conservative_pair_rule_v2
газовый датчик;22.23;1;0.0;1;unknown;weak_rule;conservative_pair_rule_v2
газовый датчик;23.77;1;0.0;1;unknown;weak_rule;conservative_pair_rule_v2
газовый датчик;23.59;1;0.0;1;unknown;weak_rule;conservative_pair_rule_v2
газовый датчик;31.86;1;0.0;1;unknown;weak_rule;conservative_pair_rule_v2
газовый датчик;27.21;1;0.0;1;unknown;weak_rule;conservative_pair_rule_v2
газовый датчик;28.82;1;0.0;1;unknown;weak_rule;conservative_pair_rule_v2
газовый датчик;29.42;1;0.0;1;unknown;weak_rule;conservative_pair_rule_v2
газовый датчик;21.86;1;0.0;1;unknown;weak_rule;conservative_pair_rule_v2
газовый датчик;33.87;1;0.0;1;unknown;weak_rule;conservative_pair_rule_v2
газовый датчик;25.44;1;0.0;1;unknown;weak_rule;conservative_pair_rule_v2
газовый датчик;26.26;1;0.0;1;unknown;weak_rule;conservative_pair_rule_v2
газовый датчик;30.85;1;0.0;1;unknown;weak_rule;conservative_pair_rule_v2
газовый датчик;32.79;1;0.0;1;unknown;weak_rule;conservative_pair_rule_v2
газовый датчик;34.22;1;0.0;1;unknown;weak_rule;conservative_pair_rule_v2
газовый датчик;24.74;1;0.0;1;unknown;weak_rule;conservative_pair_rule_v2
газовый датчик;36.68;1;0.0;1;unknown;weak_rule;conservative_pair_rule_v2
газовый датчик;26.34;1;0.0;1;unknown;weak_rule;conservative_pair_rule_v2
газовый датчик;32.24;1;0.0;1;unknown;weak_rule;conservative_pair_rule_v2
газовый датчик;42.07;1;0.0;1;unknown;weak_rule;conservative_pair_rule_v2
газовый датчик;25.51;1;0.0;1;unknown;weak_rule;conservative_pair_rule_v2
газовый датчик;31.73;1;0.0;1;unknown;weak_rule;conservative_pair_rule_v2
газовый датчик;33.14;1;0.0;1;unknown;weak_rule;conservative_pair_rule_v2
газовый датчик;27.76;1;0.0;1;unknown;weak_rule;conservative_pair_rule_v2
газовый датчик;41.25;1;0.0;1;unknown;weak_rule;conservative_pair_rule_v2
газовый датчик;53.19;1;0.0;1;unknown;weak_rule;conservative_pair_rule_v2
газовый датчик;33.18;1;0.0;1;unknown;weak_rule;conservative_pair_rule_v2
газовый датчик;55.74;1;0.0;1;unknown;weak_rule;conservative_pair_rule_v2
газовый датчик;33.92;1;0.0;1;unknown;weak_rule;conservative_pair_rule_v2
газовый датчик;40.33;1;0.0;1;unknown;weak_rule;conservative_pair_rule_v2
газовый датчик;45.01;1;0.0;1;unknown;weak_rule;conservative_pair_rule_v2
газовый датчик;36.09;1;0.0;1;unknown;weak_rule;conservative_pair_rule_v2
газовый датчик;37.19;1;0.0;1;unknown;weak_rule;conservative_pair_rule_v2
газовый датчик;36.64;1;0.0;1;unknown;weak_rule;conservative_pair_rule_v2
газовый датчик;36.00;1;0.0;1;unknown;weak_rule;conservative_pair_rule_v2
газовый датчик;51.24;1;0.0;1;unknown;weak_rule;conservative_pair_rule_v2
газовый датчик;46.29;1;0.0;1;unknown;weak_rule;conservative_pair_rule_v2
газовый датчик;41.78;1;0.0;1;unknown;weak_rule;conservative_pair_rule_v2
газовый датчик;55.02;1;0.0;1;unknown;weak_rule;conservative_pair_rule_v2
газовый датчик;46.75;1;0.0;1;unknown;weak_rule;conservative_pair_rule_v2
газовый датчик;48.36;1;0.0;1;unknown;weak_rule;conservative_pair_rule_v2
газовый датчик;44.26;1;0.0;1;unknown;weak_rule;conservative_pair_rule_v2
газовый датчик;43.46;1;0.0;1;unknown;weak_rule;conservative_pair_rule_v2
газовый датчик;39.95;1;0.0;1;unknown;weak_rule;conservative_pair_rule_v2
газовый датчик;46.19;1;0.0;1;unknown;weak_rule;conservative_pair_rule_v2
газовый датчик;40.09;1;0.0;1;unknown;weak_rule;conservative_pair_rule_v2
газовый датчик;43.51;1;0.0;1;unknown;weak_rule;conservative_pair_rule_v2
газовый датчик;53.74;1;0.0;1;unknown;weak_rule;conservative_pair_rule_v2
газовый датчик;42.56;1;0.0;1;unknown;weak_rule;conservative_pair_rule_v2
газовый датчик;43.95;1;0.0;1;unknown;weak_rule;conservative_pair_rule_v2
газовый датчик;42.27;1;0.0;1;unknown;weak_rule;conservative_pair_rule_v2
газовый датчик;52.59;1;0.0;1;unknown;weak_rule;conservative_pair_rule_v2
газовый датчик;39.14;1;0.0;1;unknown;weak_rule;conservative_pair_rule_v2
газовый датчик;45.98;1;0.0;1;unknown;weak_rule;conservative_pair_rule_v2
газовый датчик;50.11;1;0.0;1;unknown;weak_rule;conservative_pair_rule_v2
газовый датчик;41.05;1;0.0;1;unknown;weak_rule;conservative_pair_rule_v2
газовый датчик;42.76;1;0.0;1;unknown;weak_rule;conservative_pair_rule_v2
газовый датчик;45.88;1;0.0;1;unknown;weak_rule;conservative_pair_rule_v2
газовый датчик;52.92;1;0.0;1;unknown;weak_rule;conservative_pair_rule_v2
газовый датчик;53.97;1;0.0;1;unknown;weak_rule;conservative_pair_rule_v2
газовый датчик;35.02;1;0.0;1;unknown;weak_rule;conservative_pair_rule_v2
газовый датчик;44.21;1;0.0;1;unknown;weak_rule;conservative_pair_rule_v2
газовый датчик;52.76;1;0.0;1;unknown;weak_rule;conservative_pair_rule_v2
газовый датчик;39.99;1;0.0;1;unknown;weak_rule;conservative_pair_rule_v2
газовый датчик;41.54;1;0.0;1;unknown;weak_rule;conservative_pair_rule_v2
состояние охраны;26.02.2025 14:25:25;1;0.0;1;unknown;weak_rule;conservative_pair_rule_v2
состояние охраны;26.02.2025 16:25:59;1;0.0;1;unknown;weak_rule;conservative_pair_rule_v2
состояние охраны;26.02.2025 17:00:35;1;0.0;1;unknown;weak_rule;conservative_pair_rule_v2
состояние охраны;26.02.2025 20:17:12;1;0.0;1;unknown;weak_rule;conservative_pair_rule_v2
состояние охраны;27.02.2025 07:17:23;1;0.0;1;unknown;weak_rule;conservative_pair_rule_v2
состояние охраны;27.02.2025 07:49:15;1;0.0;1;unknown;weak_rule;conservative_pair_rule_v2
состояние охраны;27.02.2025 07:56:21;1;0.0;1;unknown;weak_rule;conservative_pair_rule_v2
состояние охраны;01.03.2025 12:50:09;1;0.0;1;unknown;weak_rule;conservative_pair_rule_v2
состояние охраны;01.03.2025 12:52:16;1;0.0;1;unknown;weak_rule;conservative_pair_rule_v2
состояние охраны;01.03.2025 22:36:29;1;0.0;1;unknown;weak_rule;conservative_pair_rule_v2
состояние охраны;02.03.2025 09:00:54;1;0.0;1;unknown;weak_rule;conservative_pair_rule_v2
состояние охраны;07.03.2025 07:49:25;1;0.0;1;unknown;weak_rule;conservative_pair_rule_v2
состояние охраны;07.03.2025 08:32:05;1;0.0;1;unknown;weak_rule;conservative_pair_rule_v2
состояние охраны;07.03.2025 08:41:55;1;0.0;1;unknown;weak_rule;conservative_pair_rule_v2
состояние охраны;07.03.2025 08:50:05;1;0.0;1;unknown;weak_rule;conservative_pair_rule_v2
состояние охраны;07.03.2025 12:02:47;1;0.0;1;unknown;weak_rule;conservative_pair_rule_v2
состояние охраны;07.03.2025 15:12:49;1;0.0;1;unknown;weak_rule;conservative_pair_rule_v2
состояние охраны;09.03.2025 18:31:12;1;0.0;1;unknown;weak_rule;conservative_pair_rule_v2
состояние охраны;09.03.2025 23:01:49;1;0.0;1;unknown;weak_rule;conservative_pair_rule_v2
состояние охраны;10.03.2025 07:49:08;1;0.0;1;unknown;weak_rule;conservative_pair_rule_v2
состояние охраны;10.03.2025 07:57:22;1;0.0;1;unknown;weak_rule;conservative_pair_rule_v2
состояние охраны;10.03.2025 08:16:39;1;0.0;1;unknown;weak_rule;conservative_pair_rule_v2
состояние охраны;10.03.2025 09:52:24;1;0.0;1;unknown;weak_rule;conservative_pair_rule_v2
состояние охраны;10.03.2025 13:31:39;1;0.0;1;unknown;weak_rule;conservative_pair_rule_v2
состояние охраны;10.03.2025 14:58:16;1;0.0;1;unknown;weak_rule;conservative_pair_rule_v2
состояние охраны;10.03.2025 16:31:10;1;0.0;1;unknown;weak_rule;conservative_pair_rule_v2
состояние охраны;10.03.2025 16:47:53;1;0.0;1;unknown;weak_rule;conservative_pair_rule_v2
состояние охраны;10.03.2025 20:04:54;1;0.0;1;unknown;weak_rule;conservative_pair_rule_v2
состояние охраны;10.03.2025 21:17:56;1;0.0;1;unknown;weak_rule;conservative_pair_rule_v2
состояние охраны;16.03.2025 23:36:06;1;0.0;1;unknown;weak_rule;conservative_pair_rule_v2
состояние охраны;17.03.2025 07:55:18;1;0.0;1;unknown;weak_rule;conservative_pair_rule_v2
состояние охраны;17.03.2025 08:48:56;1;0.0;1;unknown;weak_rule;conservative_pair_rule_v2
состояние охраны;17.03.2025 08:49:02;1;0.0;1;unknown;weak_rule;conservative_pair_rule_v2
состояние охраны;17.03.2025 14:26:47;1;0.0;1;unknown;weak_rule;conservative_pair_rule_v2
состояние охраны;19.03.2025 07:50:02;1;0.0;1;unknown;weak_rule;conservative_pair_rule_v2
состояние охраны;19.03.2025 08:17:15;1;0.0;1;unknown;weak_rule;conservative_pair_rule_v2
состояние охраны;19.03.2025 08:37:04;1;0.0;1;unknown;weak_rule;conservative_pair_rule_v2
состояние охраны;19.03.2025 09:42:20;1;0.0;1;unknown;weak_rule;conservative_pair_rule_v2
состояние охраны;19.03.2025 12:27:51;1;0.0;1;unknown;weak_rule;conservative_pair_rule_v2
состояние охраны;19.03.2025 15:08:36;1;0.0;1;unknown;weak_rule;conservative_pair_rule_v2
состояние охраны;19.03.2025 15:21:13;1;0.0;1;unknown;weak_rule;conservative_pair_rule_v2
состояние охраны;19.03.2025 16:18:44;1;0.0;1;unknown;weak_rule;conservative_pair_rule_v2
состояние охраны;19.03.2025 16:18:58;1;0.0;1;unknown;weak_rule;conservative_pair_rule_v2
состояние охраны;19.03.2025 16:45:10;1;0.0;1;unknown;weak_rule;conservative_pair_rule_v2
состояние охраны;19.03.2025 16:45:14;1;0.0;1;unknown;weak_rule;conservative_pair_rule_v2
состояние охраны;26.03.2025 09:09:58;1;0.0;1;unknown;weak_rule;conservative_pair_rule_v2
состояние охраны;26.03.2025 12:50:30;1;0.0;1;unknown;weak_rule;conservative_pair_rule_v2
состояние охраны;26.03.2025 15:27:53;1;0.0;1;unknown;weak_rule;conservative_pair_rule_v2
состояние охраны;26.03.2025 16:41:58;1;0.0;1;unknown;weak_rule;conservative_pair_rule_v2
состояние охраны;27.03.2025 08:02:19;1;0.0;1;unknown;weak_rule;conservative_pair_rule_v2
состояние охраны;27.03.2025 08:02:23;1;0.0;1;unknown;weak_rule;conservative_pair_rule_v2
состояние охраны;27.03.2025 11:58:18;1;0.0;1;unknown;weak_rule;conservative_pair_rule_v2
состояние охраны;28.03.2025 20:07:58;1;0.0;1;unknown;weak_rule;conservative_pair_rule_v2
состояние охраны;29.03.2025 07:59:26;1;0.0;1;unknown;weak_rule;conservative_pair_rule_v2
состояние охраны;29.03.2025 08:29:32;1;0.0;1;unknown;weak_rule;conservative_pair_rule_v2
состояние охраны;29.03.2025 23:15:32;1;0.0;1;unknown;weak_rule;conservative_pair_rule_v2
состояние охраны;04.04.2025 08:04:27;1;0.0;1;unknown;weak_rule;conservative_pair_rule_v2
состояние охраны;04.04.2025 17:03:27;1;0.0;1;unknown;weak_rule;conservative_pair_rule_v2
состояние охраны;07.04.2025 22:46:53;1;0.0;1;unknown;weak_rule;conservative_pair_rule_v2
состояние охраны;08.04.2025 00:26:35;1;0.0;1;unknown;weak_rule;conservative_pair_rule_v2
состояние охраны;08.04.2025 07:39:46;1;0.0;1;unknown;weak_rule;conservative_pair_rule_v2
состояние охраны;08.04.2025 07:39:52;1;0.0;1;unknown;weak_rule;conservative_pair_rule_v2
состояние охраны;08.04.2025 07:43:15;1;0.0;1;unknown;weak_rule;conservative_pair_rule_v2
состояние охраны;08.04.2025 08:03:19;1;0.0;1;unknown;weak_rule;conservative_pair_rule_v2
состояние охраны;08.04.2025 08:08:17;1;0.0;1;unknown;weak_rule;conservative_pair_rule_v2
состояние охраны;08.04.2025 09:06:08;1;0.0;1;unknown;weak_rule;conservative_pair_rule_v2
состояние охраны;08.04.2025 15:11:05;1;0.0;1;unknown;weak_rule;conservative_pair_rule_v2
состояние охраны;08.04.2025 15:59:20;1;0.0;1;unknown;weak_rule;conservative_pair_rule_v2
состояние охраны;08.04.2025 16:19:58;1;0.0;1;unknown;weak_rule;conservative_pair_rule_v2
состояние охраны;08.04.2025 16:20:04;1;0.0;1;unknown;weak_rule;conservative_pair_rule_v2
состояние охраны;08.04.2025 18:03:42;1;0.0;1;unknown;weak_rule;conservative_pair_rule_v2
состояние охраны;12.04.2025 09:29:11;1;0.0;1;unknown;weak_rule;conservative_pair_rule_v2
состояние охраны;18.04.2025 09:59:46;1;0.0;1;unknown;weak_rule;conservative_pair_rule_v2
состояние охраны;18.04.2025 15:58:34;1;0.0;1;unknown;weak_rule;conservative_pair_rule_v2
состояние охраны;18.04.2025 16:19:24;1;0.0;1;unknown;weak_rule;conservative_pair_rule_v2
состояние охраны;18.04.2025 17:48:45;1;0.0;1;unknown;weak_rule;conservative_pair_rule_v2
состояние охраны;18.04.2025 20:01:29;1;0.0;1;unknown;weak_rule;conservative_pair_rule_v2
состояние охраны;19.04.2025 07:59:47;1;0.0;1;unknown;weak_rule;conservative_pair_rule_v2
состояние охраны;19.04.2025 09:18:01;1;0.0;1;unknown;weak_rule;conservative_pair_rule_v2
состояние охраны;23.04.2025 07:08:23;1;0.0;1;unknown;weak_rule;conservative_pair_rule_v2
состояние охраны;23.04.2025 07:52:53;1;0.0;1;unknown;weak_rule;conservative_pair_rule_v2
состояние охраны;23.04.2025 07:55:26;1;0.0;1;unknown;weak_rule;conservative_pair_rule_v2
состояние охраны;23.04.2025 08:00:06;1;0.0;1;unknown;weak_rule;conservative_pair_rule_v2
состояние охраны;23.04.2025 08:03:00;1;0.0;1;unknown;weak_rule;conservative_pair_rule_v2
состояние охраны;23.04.2025 09:34:37;1;0.0;1;unknown;weak_rule;conservative_pair_rule_v2
состояние охраны;23.04.2025 15:02:04;1;0.0;1;unknown;weak_rule;conservative_pair_rule_v2
состояние охраны;23.04.2025 16:08:13;1;0.0;1;unknown;weak_rule;conservative_pair_rule_v2
состояние охраны;23.04.2025 16:24:41;1;0.0;1;unknown;weak_rule;conservative_pair_rule_v2
состояние охраны;23.04.2025 23:32:01;1;0.0;1;unknown;weak_rule;conservative_pair_rule_v2
состояние охраны;30.04.2025 11:12:45;1;0.0;1;unknown;weak_rule;conservative_pair_rule_v2
состояние охраны;30.04.2025 14:19:25;1;0.0;1;unknown;weak_rule;conservative_pair_rule_v2
состояние охраны;30.04.2025 15:59:53;1;0.0;1;unknown;weak_rule;conservative_pair_rule_v2
состояние охраны;30.04.2025 16:11:46;1;0.0;1;unknown;weak_rule;conservative_pair_rule_v2
состояние охраны;01.05.2025 14:08:16;1;0.0;1;unknown;weak_rule;conservative_pair_rule_v2
состояние охраны;06.05.2025 07:59:22;1;0.0;1;unknown;weak_rule;conservative_pair_rule_v2
состояние охраны;06.05.2025 07:59:28;1;0.0;1;unknown;weak_rule;conservative_pair_rule_v2
состояние охраны;06.05.2025 12:38:33;1;0.0;1;unknown;weak_rule;conservative_pair_rule_v2
состояние охраны;06.05.2025 12:45:38;1;0.0;1;unknown;weak_rule;conservative_pair_rule_v2
состояние охраны;06.05.2025 14:00:57;1;0.0;1;unknown;weak_rule;conservative_pair_rule_v2
состояние охраны;06.05.2025 16:17:36;1;0.0;1;unknown;weak_rule;conservative_pair_rule_v2
состояние охраны;06.05.2025 18:33:30;1;0.0;1;unknown;weak_rule;conservative_pair_rule_v2
состояние охраны;06.05.2025 21:44:37;1;0.0;1;unknown;weak_rule;conservative_pair_rule_v2
состояние охраны;08.05.2025 20:01:00;1;0.0;1;unknown;weak_rule;conservative_pair_rule_v2
состояние охраны;09.05.2025 07:59:30;1;0.0;1;unknown;weak_rule;conservative_pair_rule_v2
состояние охраны;09.05.2025 08:27:53;1;0.0;1;unknown;weak_rule;conservative_pair_rule_v2
состояние охраны;09.05.2025 17:13:38;1;0.0;1;unknown;weak_rule;conservative_pair_rule_v2
состояние охраны;09.05.2025 22:54:54;1;0.0;1;unknown;weak_rule;conservative_pair_rule_v2
состояние охраны;13.05.2025 16:28:18;1;0.0;1;unknown;weak_rule;conservative_pair_rule_v2
состояние охраны;13.05.2025 16:34:34;1;0.0;1;unknown;weak_rule;conservative_pair_rule_v2
состояние охраны;13.05.2025 17:04:06;1;0.0;1;unknown;weak_rule;conservative_pair_rule_v2
состояние охраны;13.05.2025 17:07:41;1;0.0;1;unknown;weak_rule;conservative_pair_rule_v2
состояние охраны;13.05.2025 18:10:12;1;0.0;1;unknown;weak_rule;conservative_pair_rule_v2
состояние охраны;13.05.2025 19:03:10;1;0.0;1;unknown;weak_rule;conservative_pair_rule_v2
состояние охраны;14.05.2025 07:42:31;1;0.0;1;unknown;weak_rule;conservative_pair_rule_v2
состояние охраны;14.05.2025 07:57:05;1;0.0;1;unknown;weak_rule;conservative_pair_rule_v2
состояние охраны;14.05.2025 08:26:56;1;0.0;1;unknown;weak_rule;conservative_pair_rule_v2
состояние охраны;14.05.2025 14:57:12;1;0.0;1;unknown;weak_rule;conservative_pair_rule_v2
состояние охраны;14.05.2025 15:38:59;1;0.0;1;unknown;weak_rule;conservative_pair_rule_v2
состояние охраны;14.05.2025 16:12:29;1;0.0;1;unknown;weak_rule;conservative_pair_rule_v2
состояние охраны;14.05.2025 16:35:31;1;0.0;1;unknown;weak_rule;conservative_pair_rule_v2
состояние охраны;18.05.2025 18:46:38;1;0.0;1;unknown;weak_rule;conservative_pair_rule_v2
состояние охраны;19.05.2025 07:40:48;1;0.0;1;unknown;weak_rule;conservative_pair_rule_v2
состояние охраны;19.05.2025 07:41:27;1;0.0;1;unknown;weak_rule;conservative_pair_rule_v2
состояние охраны;19.05.2025 07:47:55;1;0.0;1;unknown;weak_rule;conservative_pair_rule_v2
состояние охраны;19.05.2025 07:56:06;1;0.0;1;unknown;weak_rule;conservative_pair_rule_v2
состояние охраны;19.05.2025 08:12:43;1;0.0;1;unknown;weak_rule;conservative_pair_rule_v2
состояние охраны;19.05.2025 08:12:48;1;0.0;1;unknown;weak_rule;conservative_pair_rule_v2
состояние охраны;19.05.2025 08:37:21;1;0.0;1;unknown;weak_rule;conservative_pair_rule_v2
состояние охраны;23.05.2025 07:16:02;1;0.0;1;unknown;weak_rule;conservative_pair_rule_v2
состояние охраны;23.05.2025 08:20:55;1;0.0;1;unknown;weak_rule;conservative_pair_rule_v2
состояние охраны;23.05.2025 15:52:09;1;0.0;1;unknown;weak_rule;conservative_pair_rule_v2
состояние охраны;23.05.2025 15:52:14;1;0.0;1;unknown;weak_rule;conservative_pair_rule_v2
состояние охраны;28.05.2025 07:53:35;1;0.0;1;unknown;weak_rule;conservative_pair_rule_v2
состояние охраны;28.05.2025 07:56:55;1;0.0;1;unknown;weak_rule;conservative_pair_rule_v2
состояние охраны;28.05.2025 08:00:49;1;0.0;1;unknown;weak_rule;conservative_pair_rule_v2
состояние охраны;28.05.2025 08:01:30;1;0.0;1;unknown;weak_rule;conservative_pair_rule_v2
состояние охраны;28.05.2025 12:21:34;1;0.0;1;unknown;weak_rule;conservative_pair_rule_v2
состояние охраны;28.05.2025 12:21:40;1;0.0;1;unknown;weak_rule;conservative_pair_rule_v2
состояние охраны;28.05.2025 16:58:41;1;0.0;1;unknown;weak_rule;conservative_pair_rule_v2
состояние охраны;28.05.2025 21:32:31;1;0.0;1;unknown;weak_rule;conservative_pair_rule_v2
состояние охраны;28.05.2025 21:34:33;1;0.0;1;unknown;weak_rule;conservative_pair_rule_v2
состояние охраны;29.05.2025 01:59:37;1;0.0;1;unknown;weak_rule;conservative_pair_rule_v2
состояние охраны;29.05.2025 01:59:39;1;0.0;1;unknown;weak_rule;conservative_pair_rule_v2
состояние охраны;31.05.2025 23:01:04;1;0.0;1;unknown;weak_rule;conservative_pair_rule_v2
состояние охраны;04.06.2025 05:03:48;1;0.0;1;unknown;weak_rule;conservative_pair_rule_v2
состояние охраны;04.06.2025 07:49:13;1;0.0;1;unknown;weak_rule;conservative_pair_rule_v2
состояние охраны;04.06.2025 11:10:02;1;0.0;1;unknown;weak_rule;conservative_pair_rule_v2
состояние охраны;05.06.2025 05:21:34;1;0.0;1;unknown;weak_rule;conservative_pair_rule_v2
состояние охраны;09.06.2025 01:05:48;1;0.0;1;unknown;weak_rule;conservative_pair_rule_v2
состояние охраны;09.06.2025 02:35:29;1;0.0;1;unknown;weak_rule;conservative_pair_rule_v2
состояние охраны;09.06.2025 07:10:16;1;0.0;1;unknown;weak_rule;conservative_pair_rule_v2
состояние охраны;09.06.2025 07:46:21;1;0.0;1;unknown;weak_rule;conservative_pair_rule_v2
состояние охраны;09.06.2025 07:56:43;1;0.0;1;unknown;weak_rule;conservative_pair_rule_v2
состояние охраны;09.06.2025 08:01:02;1;0.0;1;unknown;weak_rule;conservative_pair_rule_v2
состояние охраны;09.06.2025 08:22:45;1;0.0;1;unknown;weak_rule;conservative_pair_rule_v2
состояние охраны;09.06.2025 18:00:20;1;0.0;1;unknown;weak_rule;conservative_pair_rule_v2
состояние охраны;15.06.2025 08:27:30;1;0.0;1;unknown;weak_rule;conservative_pair_rule_v2
состояние охраны;18.06.2025 13:24:23;1;0.0;1;unknown;weak_rule;conservative_pair_rule_v2
состояние охраны;18.06.2025 19:34:50;1;0.0;1;unknown;weak_rule;conservative_pair_rule_v2
состояние охраны;18.06.2025 22:41:37;1;0.0;1;unknown;weak_rule;conservative_pair_rule_v2
состояние охраны;19.06.2025 00:23:42;1;0.0;1;unknown;weak_rule;conservative_pair_rule_v2
состояние охраны;19.06.2025 03:28:13;1;0.0;1;unknown;weak_rule;conservative_pair_rule_v2
состояние охраны;19.06.2025 03:53:32;1;0.0;1;unknown;weak_rule;conservative_pair_rule_v2
состояние охраны;19.06.2025 07:58:53;1;0.0;1;unknown;weak_rule;conservative_pair_rule_v2
состояние охраны;23.06.2025 08:00:33;1;0.0;1;unknown;weak_rule;conservative_pair_rule_v2
состояние охраны;23.06.2025 16:48:21;1;0.0;1;unknown;weak_rule;conservative_pair_rule_v2
состояние охраны;23.06.2025 16:50:25;1;0.0;1;unknown;weak_rule;conservative_pair_rule_v2
состояние охраны;23.06.2025 17:01:09;1;0.0;1;unknown;weak_rule;conservative_pair_rule_v2
состояние охраны;25.06.2025 07:20:39;1;0.0;1;unknown;weak_rule;conservative_pair_rule_v2
состояние охраны;25.06.2025 07:58:20;1;0.0;1;unknown;weak_rule;conservative_pair_rule_v2
состояние охраны;25.06.2025 08:15:27;1;0.0;1;unknown;weak_rule;conservative_pair_rule_v2
состояние охраны;25.06.2025 13:08:29;1;0.0;1;unknown;weak_rule;conservative_pair_rule_v2
состояние охраны;25.06.2025 15:34:37;1;0.0;1;unknown;weak_rule;conservative_pair_rule_v2
состояние охраны;25.06.2025 15:53:17;1;0.0;1;unknown;weak_rule;conservative_pair_rule_v2
состояние охраны;25.06.2025 15:56:42;1;0.0;1;unknown;weak_rule;conservative_pair_rule_v2
состояние охраны;25.06.2025 16:52:36;1;0.0;1;unknown;weak_rule;conservative_pair_rule_v2
состояние охраны;30.06.2025 07:41:47;1;0.0;1;unknown;weak_rule;conservative_pair_rule_v2
состояние охраны;30.06.2025 08:02:39;1;0.0;1;unknown;weak_rule;conservative_pair_rule_v2
состояние охраны;30.06.2025 09:57:41;1;0.0;1;unknown;weak_rule;conservative_pair_rule_v2
состояние охраны;30.06.2025 11:20:59;1;0.0;1;unknown;weak_rule;conservative_pair_rule_v2
состояние охраны;30.06.2025 14:03:28;1;0.0;1;unknown;weak_rule;conservative_pair_rule_v2
состояние охраны;30.06.2025 16:33:15;1;0.0;1;unknown;weak_rule;conservative_pair_rule_v2
состояние охраны;03.07.2025 15:39:28;1;0.0;1;unknown;weak_rule;conservative_pair_rule_v2
состояние охраны;03.07.2025 18:51:35;1;0.0;1;unknown;weak_rule;conservative_pair_rule_v2
состояние охраны;03.07.2025 20:32:19;1;0.0;1;unknown;weak_rule;conservative_pair_rule_v2
состояние охраны;03.07.2025 20:47:03;1;0.0;1;unknown;weak_rule;conservative_pair_rule_v2
состояние охраны;03.07.2025 20:49:38;1;0.0;1;unknown;weak_rule;conservative_pair_rule_v2
состояние охраны;03.07.2025 23:32:01;1;0.0;1;unknown;weak_rule;conservative_pair_rule_v2
состояние охраны;04.07.2025 02:41:14;1;0.0;1;unknown;weak_rule;conservative_pair_rule_v2
состояние охраны;04.07.2025 07:09:06;1;0.0;1;unknown;weak_rule;conservative_pair_rule_v2
состояние охраны;04.07.2025 07:45:16;1;0.0;1;unknown;weak_rule;conservative_pair_rule_v2
состояние охраны;04.07.2025 07:50:04;1;0.0;1;unknown;weak_rule;conservative_pair_rule_v2
состояние охраны;04.07.2025 07:59:38;1;0.0;1;unknown;weak_rule;conservative_pair_rule_v2
состояние охраны;04.07.2025 08:01:08;1;0.0;1;unknown;weak_rule;conservative_pair_rule_v2
газовый датчик;4.00;1;0.0;1;unknown;weak_rule;conservative_pair_rule_v2
газовый датчик;3.85;1;0.0;1;unknown;weak_rule;conservative_pair_rule_v2
состояние охраны;08.07.2025 07:49:45;1;0.0;1;unknown;weak_rule;conservative_pair_rule_v2
состояние охраны;08.07.2025 07:53:06;1;0.0;1;unknown;weak_rule;conservative_pair_rule_v2
состояние охраны;08.07.2025 08:51:37;1;0.0;1;unknown;weak_rule;conservative_pair_rule_v2
состояние охраны;09.07.2025 14:03:02;1;0.0;1;unknown;weak_rule;conservative_pair_rule_v2
состояние охраны;09.07.2025 14:03:42;1;0.0;1;unknown;weak_rule;conservative_pair_rule_v2
состояние охраны;09.07.2025 16:01:37;1;0.0;1;unknown;weak_rule;conservative_pair_rule_v2
состояние охраны;09.07.2025 20:01:19;1;0.0;1;unknown;weak_rule;conservative_pair_rule_v2
состояние охраны;10.07.2025 07:23:03;1;0.0;1;unknown;weak_rule;conservative_pair_rule_v2
состояние охраны;10.07.2025 07:47:02;1;0.0;1;unknown;weak_rule;conservative_pair_rule_v2
состояние охраны;10.07.2025 08:13:17;1;0.0;1;unknown;weak_rule;conservative_pair_rule_v2
состояние охраны;15.07.2025 07:58:18;1;0.0;1;unknown;weak_rule;conservative_pair_rule_v2
состояние охраны;15.07.2025 10:11:21;1;0.0;1;unknown;weak_rule;conservative_pair_rule_v2
состояние охраны;15.07.2025 13:52:10;1;0.0;1;unknown;weak_rule;conservative_pair_rule_v2
состояние охраны;16.07.2025 20:56:23;1;0.0;1;unknown;weak_rule;conservative_pair_rule_v2
состояние охраны;17.07.2025 08:01:42;1;0.0;1;unknown;weak_rule;conservative_pair_rule_v2
состояние охраны;21.07.2025 07:56:59;1;0.0;1;unknown;weak_rule;conservative_pair_rule_v2
состояние охраны;21.07.2025 07:59:22;1;0.0;1;unknown;weak_rule;conservative_pair_rule_v2
состояние охраны;21.07.2025 08:12:24;1;0.0;1;unknown;weak_rule;conservative_pair_rule_v2
состояние охраны;21.07.2025 09:17:18;1;0.0;1;unknown;weak_rule;conservative_pair_rule_v2
состояние охраны;21.07.2025 10:37:39;1;0.0;1;unknown;weak_rule;conservative_pair_rule_v2
состояние охраны;25.07.2025 02:54:08;1;0.0;1;unknown;weak_rule;conservative_pair_rule_v2
состояние охраны;25.07.2025 03:14:27;1;0.0;1;unknown;weak_rule;conservative_pair_rule_v2
состояние охраны;25.07.2025 07:31:28;1;0.0;1;unknown;weak_rule;conservative_pair_rule_v2
состояние охраны;25.07.2025 08:01:40;1;0.0;1;unknown;weak_rule;conservative_pair_rule_v2
состояние охраны;25.07.2025 15:21:07;1;0.0;1;unknown;weak_rule;conservative_pair_rule_v2
состояние охраны;25.07.2025 15:57:46;1;0.0;1;unknown;weak_rule;conservative_pair_rule_v2
состояние охраны;30.07.2025 17:05:22;1;0.0;1;unknown;weak_rule;conservative_pair_rule_v2
состояние охраны;30.07.2025 17:06:48;1;0.0;1;unknown;weak_rule;conservative_pair_rule_v2
состояние охраны;31.07.2025 07:25:33;1;0.0;1;unknown;weak_rule;conservative_pair_rule_v2
состояние охраны;31.07.2025 07:25:35;1;0.0;1;unknown;weak_rule;conservative_pair_rule_v2
состояние охраны;31.07.2025 08:00:42;1;0.0;1;unknown;weak_rule;conservative_pair_rule_v2
состояние охраны;31.07.2025 08:09:28;1;0.0;1;unknown;weak_rule;conservative_pair_rule_v2
состояние охраны;31.07.2025 08:15:55;1;0.0;1;unknown;weak_rule;conservative_pair_rule_v2
состояние охраны;31.07.2025 12:20:04;1;0.0;1;unknown;weak_rule;conservative_pair_rule_v2
состояние охраны;02.08.2025 10:23:43;1;0.0;1;unknown;weak_rule;conservative_pair_rule_v2
состояние охраны;02.08.2025 11:15:58;1;0.0;1;unknown;weak_rule;conservative_pair_rule_v2
состояние охраны;02.08.2025 13:00:00;1;0.0;1;unknown;weak_rule;conservative_pair_rule_v2
состояние охраны;02.08.2025 19:55:53;1;0.0;1;unknown;weak_rule;conservative_pair_rule_v2
состояние охраны;02.08.2025 20:09:54;1;0.0;1;unknown;weak_rule;conservative_pair_rule_v2
состояние охраны;03.08.2025 07:43:40;1;0.0;1;unknown;weak_rule;conservative_pair_rule_v2
состояние охраны;05.08.2025 06:32:33;1;0.0;1;unknown;weak_rule;conservative_pair_rule_v2
состояние охраны;05.08.2025 06:32:43;1;0.0;1;unknown;weak_rule;conservative_pair_rule_v2
состояние охраны;05.08.2025 07:57:18;1;0.0;1;unknown;weak_rule;conservative_pair_rule_v2
состояние охраны;05.08.2025 07:59:51;1;0.0;1;unknown;weak_rule;conservative_pair_rule_v2
состояние охраны;05.08.2025 08:27:11;1;0.0;1;unknown;weak_rule;conservative_pair_rule_v2
состояние охраны;05.08.2025 09:08:13;1;0.0;1;unknown;weak_rule;conservative_pair_rule_v2
состояние охраны;05.08.2025 16:33:28;1;0.0;1;unknown;weak_rule;conservative_pair_rule_v2
состояние охраны;05.08.2025 17:00:16;1;0.0;1;unknown;weak_rule;conservative_pair_rule_v2
состояние охраны;05.08.2025 18:33:29;1;0.0;1;unknown;weak_rule;conservative_pair_rule_v2
состояние охраны;05.08.2025 18:58:14;1;0.0;1;unknown;weak_rule;conservative_pair_rule_v2
состояние охраны;07.08.2025 16:35:36;1;0.0;1;unknown;weak_rule;conservative_pair_rule_v2
состояние охраны;08.08.2025 07:17:11;1;0.0;1;unknown;weak_rule;conservative_pair_rule_v2
состояние охраны;08.08.2025 07:30:22;1;0.0;1;unknown;weak_rule;conservative_pair_rule_v2
состояние охраны;08.08.2025 07:30:25;1;0.0;1;unknown;weak_rule;conservative_pair_rule_v2
состояние охраны;08.08.2025 07:54:42;1;0.0;1;unknown;weak_rule;conservative_pair_rule_v2
состояние охраны;08.08.2025 07:56:09;1;0.0;1;unknown;weak_rule;conservative_pair_rule_v2
состояние охраны;08.08.2025 07:58:51;1;0.0;1;unknown;weak_rule;conservative_pair_rule_v2
состояние охраны;08.08.2025 08:02:20;1;0.0;1;unknown;weak_rule;conservative_pair_rule_v2
состояние охраны;11.08.2025 10:17:43;1;0.0;1;unknown;weak_rule;conservative_pair_rule_v2
состояние охраны;11.08.2025 13:49:58;1;0.0;1;unknown;weak_rule;conservative_pair_rule_v2
состояние охраны;11.08.2025 15:38:15;1;0.0;1;unknown;weak_rule;conservative_pair_rule_v2
состояние охраны;11.08.2025 16:18:48;1;0.0;1;unknown;weak_rule;conservative_pair_rule_v2
состояние охраны;11.08.2025 16:58:04;1;0.0;1;unknown;weak_rule;conservative_pair_rule_v2
состояние охраны;11.08.2025 17:52:42;1;0.0;1;unknown;weak_rule;conservative_pair_rule_v2
состояние охраны;11.08.2025 20:03:28;1;0.0;1;unknown;weak_rule;conservative_pair_rule_v2
состояние охраны;11.08.2025 22:50:55;1;0.0;1;unknown;weak_rule;conservative_pair_rule_v2
состояние охраны;12.08.2025 04:27:25;1;0.0;1;unknown;weak_rule;conservative_pair_rule_v2
состояние охраны;16.08.2025 07:58:27;1;0.0;1;unknown;weak_rule;conservative_pair_rule_v2
состояние охраны;16.08.2025 08:33:01;1;0.0;1;unknown;weak_rule;conservative_pair_rule_v2
состояние охраны;16.08.2025 20:02:01;1;0.0;1;unknown;weak_rule;conservative_pair_rule_v2
состояние охраны;16.08.2025 21:02:40;1;0.0;1;unknown;weak_rule;conservative_pair_rule_v2
состояние охраны;19.08.2025 07:17:54;1;0.0;1;unknown;weak_rule;conservative_pair_rule_v2
состояние охраны;19.08.2025 07:21:46;1;0.0;1;unknown;weak_rule;conservative_pair_rule_v2
состояние охраны;19.08.2025 09:30:22;1;0.0;1;unknown;weak_rule;conservative_pair_rule_v2
состояние охраны;19.08.2025 16:13:05;1;0.0;1;unknown;weak_rule;conservative_pair_rule_v2
состояние охраны;19.08.2025 16:13:09;1;0.0;1;unknown;weak_rule;conservative_pair_rule_v2
состояние охраны;19.08.2025 16:45:13;1;0.0;1;unknown;weak_rule;conservative_pair_rule_v2
состояние охраны;19.08.2025 16:45:19;1;0.0;1;unknown;weak_rule;conservative_pair_rule_v2
состояние охраны;19.08.2025 17:04:38;1;0.0;1;unknown;weak_rule;conservative_pair_rule_v2
состояние охраны;19.08.2025 20:06:29;1;0.0;1;unknown;weak_rule;conservative_pair_rule_v2
состояние охраны;22.08.2025 20:03:00;1;0.0;1;unknown;weak_rule;conservative_pair_rule_v2
состояние охраны;22.08.2025 23:11:13;1;0.0;1;unknown;weak_rule;conservative_pair_rule_v2
состояние охраны;23.08.2025 07:33:34;1;0.0;1;unknown;weak_rule;conservative_pair_rule_v2
состояние охраны;26.08.2025 23:23:09;1;0.0;1;unknown;weak_rule;conservative_pair_rule_v2
состояние охраны;27.08.2025 07:16:29;1;0.0;1;unknown;weak_rule;conservative_pair_rule_v2
состояние охраны;27.08.2025 07:30:50;1;0.0;1;unknown;weak_rule;conservative_pair_rule_v2
состояние охраны;27.08.2025 08:00:04;1;0.0;1;unknown;weak_rule;conservative_pair_rule_v2
состояние охраны;27.08.2025 08:03:40;1;0.0;1;unknown;weak_rule;conservative_pair_rule_v2
состояние охраны;27.08.2025 13:03:09;1;0.0;1;unknown;weak_rule;conservative_pair_rule_v2
состояние охраны;27.08.2025 13:50:33;1;0.0;1;unknown;weak_rule;conservative_pair_rule_v2
состояние охраны;27.08.2025 16:29:07;1;0.0;1;unknown;weak_rule;conservative_pair_rule_v2
состояние охраны;31.08.2025 22:16:46;1;0.0;1;unknown;weak_rule;conservative_pair_rule_v2
состояние охраны;01.09.2025 04:34:00;1;0.0;1;unknown;weak_rule;conservative_pair_rule_v2
состояние охраны;01.09.2025 09:28:28;1;0.0;1;unknown;weak_rule;conservative_pair_rule_v2
состояние охраны;01.09.2025 11:06:28;1;0.0;1;unknown;weak_rule;conservative_pair_rule_v2
состояние охраны;01.09.2025 11:06:31;1;0.0;1;unknown;weak_rule;conservative_pair_rule_v2
состояние охраны;01.09.2025 15:20:29;1;0.0;1;unknown;weak_rule;conservative_pair_rule_v2
состояние охраны;01.09.2025 15:53:41;1;0.0;1;unknown;weak_rule;conservative_pair_rule_v2
состояние охраны;01.09.2025 16:05:48;1;0.0;1;unknown;weak_rule;conservative_pair_rule_v2
состояние охраны;01.09.2025 16:20:17;1;0.0;1;unknown;weak_rule;conservative_pair_rule_v2
состояние охраны;01.09.2025 16:37:36;1;0.0;1;unknown;weak_rule;conservative_pair_rule_v2
состояние охраны;05.09.2025 15:41:25;1;0.0;1;unknown;weak_rule;conservative_pair_rule_v2
состояние охраны;05.09.2025 18:09:30;1;0.0;1;unknown;weak_rule;conservative_pair_rule_v2
состояние охраны;05.09.2025 18:26:53;1;0.0;1;unknown;weak_rule;conservative_pair_rule_v2
состояние охраны;09.09.2025 07:53:37;1;0.0;1;unknown;weak_rule;conservative_pair_rule_v2
состояние охраны;09.09.2025 08:07:51;1;0.0;1;unknown;weak_rule;conservative_pair_rule_v2
состояние охраны;09.09.2025 11:53:25;1;0.0;1;unknown;weak_rule;conservative_pair_rule_v2
состояние охраны;09.09.2025 12:26:21;1;0.0;1;unknown;weak_rule;conservative_pair_rule_v2
состояние охраны;09.09.2025 12:36:26;1;0.0;1;unknown;weak_rule;conservative_pair_rule_v2
состояние охраны;09.09.2025 12:36:28;1;0.0;1;unknown;weak_rule;conservative_pair_rule_v2
состояние охраны;11.09.2025 08:53:54;1;0.0;1;unknown;weak_rule;conservative_pair_rule_v2
состояние охраны;11.09.2025 15:49:52;1;0.0;1;unknown;weak_rule;conservative_pair_rule_v2
состояние охраны;11.09.2025 16:43:28;1;0.0;1;unknown;weak_rule;conservative_pair_rule_v2
состояние охраны;11.09.2025 18:46:07;1;0.0;1;unknown;weak_rule;conservative_pair_rule_v2
состояние охраны;11.09.2025 22:53:31;1;0.0;1;unknown;weak_rule;conservative_pair_rule_v2
состояние охраны;16.09.2025 07:40:46;1;0.0;1;unknown;weak_rule;conservative_pair_rule_v2
состояние охраны;16.09.2025 07:42:12;1;0.0;1;unknown;weak_rule;conservative_pair_rule_v2
состояние охраны;16.09.2025 09:37:16;1;0.0;1;unknown;weak_rule;conservative_pair_rule_v2
состояние охраны;16.09.2025 16:27:34;1;0.0;1;unknown;weak_rule;conservative_pair_rule_v2
состояние охраны;16.09.2025 16:30:31;1;0.0;1;unknown;weak_rule;conservative_pair_rule_v2
состояние охраны;16.09.2025 16:34:37;1;0.0;1;unknown;weak_rule;conservative_pair_rule_v2
состояние охраны;16.09.2025 16:49:52;1;0.0;1;unknown;weak_rule;conservative_pair_rule_v2
состояние охраны;16.09.2025 17:03:31;1;0.0;1;unknown;weak_rule;conservative_pair_rule_v2
состояние охраны;20.09.2025 13:07:46;1;0.0;1;unknown;weak_rule;conservative_pair_rule_v2
состояние охраны;20.09.2025 16:01:18;1;0.0;1;unknown;weak_rule;conservative_pair_rule_v2
состояние охраны;22.09.2025 07:15:09;1;0.0;1;unknown;weak_rule;conservative_pair_rule_v2
состояние охраны;22.09.2025 07:23:22;1;0.0;1;unknown;weak_rule;conservative_pair_rule_v2
состояние охраны;22.09.2025 07:34:09;1;0.0;1;unknown;weak_rule;conservative_pair_rule_v2
состояние охраны;22.09.2025 17:00:36;1;0.0;1;unknown;weak_rule;conservative_pair_rule_v2
состояние охраны;22.09.2025 18:45:16;1;0.0;1;unknown;weak_rule;conservative_pair_rule_v2
состояние охраны;26.09.2025 13:10:35;1;0.0;1;unknown;weak_rule;conservative_pair_rule_v2
состояние охраны;26.09.2025 13:10:37;1;0.0;1;unknown;weak_rule;conservative_pair_rule_v2
состояние охраны;26.09.2025 17:02:35;1;0.0;1;unknown;weak_rule;conservative_pair_rule_v2
состояние охраны;26.09.2025 17:26:51;1;0.0;1;unknown;weak_rule;conservative_pair_rule_v2
состояние охраны;26.09.2025 23:32:38;1;0.0;1;unknown;weak_rule;conservative_pair_rule_v2
состояние охраны;27.09.2025 00:36:33;1;0.0;1;unknown;weak_rule;conservative_pair_rule_v2
состояние охраны;27.09.2025 01:16:47;1;0.0;1;unknown;weak_rule;conservative_pair_rule_v2
состояние охраны;27.09.2025 08:02:03;1;0.0;1;unknown;weak_rule;conservative_pair_rule_v2
состояние охраны;27.09.2025 08:37:20;1;0.0;1;unknown;weak_rule;conservative_pair_rule_v2
состояние охраны;01.10.2025 09:53:07;1;0.0;1;unknown;weak_rule;conservative_pair_rule_v2
состояние охраны;01.10.2025 11:12:27;1;0.0;1;unknown;weak_rule;conservative_pair_rule_v2
состояние охраны;01.10.2025 16:01:26;1;0.0;1;unknown;weak_rule;conservative_pair_rule_v2
состояние охраны;01.10.2025 16:45:35;1;0.0;1;unknown;weak_rule;conservative_pair_rule_v2
состояние охраны;01.10.2025 16:56:26;1;0.0;1;unknown;weak_rule;conservative_pair_rule_v2
состояние охраны;01.10.2025 17:35:30;1;0.0;1;unknown;weak_rule;conservative_pair_rule_v2
состояние охраны;01.10.2025 22:51:33;1;0.0;1;unknown;weak_rule;conservative_pair_rule_v2
состояние охраны;02.10.2025 23:57:21;1;0.0;1;unknown;weak_rule;conservative_pair_rule_v2
состояние охраны;03.10.2025 00:31:46;1;0.0;1;unknown;weak_rule;conservative_pair_rule_v2
состояние охраны;03.10.2025 08:04:04;1;0.0;1;unknown;weak_rule;conservative_pair_rule_v2
состояние охраны;03.10.2025 08:04:07;1;0.0;1;unknown;weak_rule;conservative_pair_rule_v2
состояние охраны;03.10.2025 08:11:57;1;0.0;1;unknown;weak_rule;conservative_pair_rule_v2
состояние охраны;03.10.2025 09:54:45;1;0.0;1;unknown;weak_rule;conservative_pair_rule_v2
состояние охраны;03.10.2025 14:39:29;1;0.0;1;unknown;weak_rule;conservative_pair_rule_v2
состояние охраны;03.10.2025 14:42:14;1;0.0;1;unknown;weak_rule;conservative_pair_rule_v2
состояние охраны;03.10.2025 16:11:45;1;0.0;1;unknown;weak_rule;conservative_pair_rule_v2
состояние охраны;03.10.2025 16:48:33;1;0.0;1;unknown;weak_rule;conservative_pair_rule_v2
состояние охраны;03.10.2025 17:13:00;1;0.0;1;unknown;weak_rule;conservative_pair_rule_v2
состояние охраны;07.10.2025 08:36:10;1;0.0;1;unknown;weak_rule;conservative_pair_rule_v2
состояние охраны;07.10.2025 16:34:49;1;0.0;1;unknown;weak_rule;conservative_pair_rule_v2
состояние охраны;07.10.2025 20:31:50;1;0.0;1;unknown;weak_rule;conservative_pair_rule_v2
состояние охраны;08.10.2025 07:17:05;1;0.0;1;unknown;weak_rule;conservative_pair_rule_v2
состояние охраны;08.10.2025 07:20:14;1;0.0;1;unknown;weak_rule;conservative_pair_rule_v2
состояние охраны;08.10.2025 07:57:39;1;0.0;1;unknown;weak_rule;conservative_pair_rule_v2
состояние охраны;08.10.2025 07:59:41;1;0.0;1;unknown;weak_rule;conservative_pair_rule_v2
состояние охраны;08.10.2025 08:05:03;1;0.0;1;unknown;weak_rule;conservative_pair_rule_v2
состояние охраны;13.10.2025 16:51:14;1;0.0;1;unknown;weak_rule;conservative_pair_rule_v2
состояние охраны;13.10.2025 17:10:08;1;0.0;1;unknown;weak_rule;conservative_pair_rule_v2
состояние охраны;14.10.2025 08:04:19;1;0.0;1;unknown;weak_rule;conservative_pair_rule_v2
состояние охраны;14.10.2025 08:38:08;1;0.0;1;unknown;weak_rule;conservative_pair_rule_v2
состояние охраны;16.10.2025 16:51:40;1;0.0;1;unknown;weak_rule;conservative_pair_rule_v2
состояние охраны;16.10.2025 17:46:51;1;0.0;1;unknown;weak_rule;conservative_pair_rule_v2
состояние охраны;17.10.2025 07:45:54;1;0.0;1;unknown;weak_rule;conservative_pair_rule_v2
состояние охраны;17.10.2025 08:00:14;1;0.0;1;unknown;weak_rule;conservative_pair_rule_v2
состояние охраны;17.10.2025 08:00:18;1;0.0;1;unknown;weak_rule;conservative_pair_rule_v2
состояние охраны;17.10.2025 08:03:57;1;0.0;1;unknown;weak_rule;conservative_pair_rule_v2
состояние охраны;17.10.2025 08:54:51;1;0.0;1;unknown;weak_rule;conservative_pair_rule_v2
состояние охраны;17.10.2025 09:16:00;1;0.0;1;unknown;weak_rule;conservative_pair_rule_v2
состояние охраны;20.10.2025 08:00:45;1;0.0;1;unknown;weak_rule;conservative_pair_rule_v2
состояние охраны;20.10.2025 09:06:22;1;0.0;1;unknown;weak_rule;conservative_pair_rule_v2
состояние охраны;20.10.2025 09:25:29;1;0.0;1;unknown;weak_rule;conservative_pair_rule_v2
состояние охраны;20.10.2025 11:47:56;1;0.0;1;unknown;weak_rule;conservative_pair_rule_v2
состояние охраны;20.10.2025 16:36:46;1;0.0;1;unknown;weak_rule;conservative_pair_rule_v2
состояние охраны;20.10.2025 17:00:29;1;0.0;1;unknown;weak_rule;conservative_pair_rule_v2
состояние охраны;20.10.2025 17:10:51;1;0.0;1;unknown;weak_rule;conservative_pair_rule_v2
состояние охраны;20.10.2025 18:37:34;1;0.0;1;unknown;weak_rule;conservative_pair_rule_v2
состояние охраны;24.10.2025 01:18:27;1;0.0;1;unknown;weak_rule;conservative_pair_rule_v2
состояние охраны;24.10.2025 01:45:38;1;0.0;1;unknown;weak_rule;conservative_pair_rule_v2
состояние охраны;24.10.2025 08:07:33;1;0.0;1;unknown;weak_rule;conservative_pair_rule_v2
состояние охраны;24.10.2025 17:16:10;1;0.0;1;unknown;weak_rule;conservative_pair_rule_v2
состояние охраны;30.10.2025 16:35:56;1;0.0;1;unknown;weak_rule;conservative_pair_rule_v2
состояние охраны;30.10.2025 17:01:10;1;0.0;1;unknown;weak_rule;conservative_pair_rule_v2
состояние охраны;31.10.2025 10:25:55;1;0.0;1;unknown;weak_rule;conservative_pair_rule_v2
состояние охраны;04.11.2025 21:31:57;1;0.0;1;unknown;weak_rule;conservative_pair_rule_v2
состояние охраны;05.11.2025 07:00:55;1;0.0;1;unknown;weak_rule;conservative_pair_rule_v2
состояние охраны;05.11.2025 07:34:47;1;0.0;1;unknown;weak_rule;conservative_pair_rule_v2
состояние охраны;05.11.2025 07:49:59;1;0.0;1;unknown;weak_rule;conservative_pair_rule_v2
состояние охраны;05.11.2025 08:00:21;1;0.0;1;unknown;weak_rule;conservative_pair_rule_v2
состояние охраны;05.11.2025 08:05:12;1;0.0;1;unknown;weak_rule;conservative_pair_rule_v2
состояние охраны;05.11.2025 09:09:44;1;0.0;1;unknown;weak_rule;conservative_pair_rule_v2
состояние охраны;05.11.2025 11:31:14;1;0.0;1;unknown;weak_rule;conservative_pair_rule_v2
состояние охраны;07.11.2025 16:41:05;1;0.0;1;unknown;weak_rule;conservative_pair_rule_v2
состояние охраны;07.11.2025 16:54:13;1;0.0;1;unknown;weak_rule;conservative_pair_rule_v2
состояние охраны;07.11.2025 23:19:41;1;0.0;1;unknown;weak_rule;conservative_pair_rule_v2
состояние охраны;09.11.2025 08:00:52;1;0.0;1;unknown;weak_rule;conservative_pair_rule_v2
состояние охраны;09.11.2025 20:01:47;1;0.0;1;unknown;weak_rule;conservative_pair_rule_v2
состояние охраны;10.11.2025 01:32:21;1;0.0;1;unknown;weak_rule;conservative_pair_rule_v2
состояние охраны;10.11.2025 07:17:54;1;0.0;1;unknown;weak_rule;conservative_pair_rule_v2
состояние охраны;10.11.2025 07:50:26;1;0.0;1;unknown;weak_rule;conservative_pair_rule_v2
состояние охраны;16.11.2025 08:24:00;1;0.0;1;unknown;weak_rule;conservative_pair_rule_v2
состояние охраны;16.11.2025 13:49:56;1;0.0;1;unknown;weak_rule;conservative_pair_rule_v2
состояние охраны;16.11.2025 21:47:15;1;0.0;1;unknown;weak_rule;conservative_pair_rule_v2
состояние охраны;16.11.2025 21:54:53;1;0.0;1;unknown;weak_rule;conservative_pair_rule_v2
состояние охраны;16.11.2025 22:32:18;1;0.0;1;unknown;weak_rule;conservative_pair_rule_v2
состояние охраны;17.11.2025 00:48:33;1;0.0;1;unknown;weak_rule;conservative_pair_rule_v2
состояние охраны;17.11.2025 00:49:06;1;0.0;1;unknown;weak_rule;conservative_pair_rule_v2
состояние охраны;17.11.2025 07:35:02;1;0.0;1;unknown;weak_rule;conservative_pair_rule_v2
состояние охраны;26.11.2025 16:55:18;1;0.0;1;unknown;weak_rule;conservative_pair_rule_v2
состояние охраны;26.11.2025 16:57:42;1;0.0;1;unknown;weak_rule;conservative_pair_rule_v2
состояние охраны;26.11.2025 20:01:30;1;0.0;1;unknown;weak_rule;conservative_pair_rule_v2
состояние охраны;27.11.2025 08:20:50;1;0.0;1;unknown;weak_rule;conservative_pair_rule_v2
состояние охраны;27.11.2025 08:40:50;1;0.0;1;unknown;weak_rule;conservative_pair_rule_v2
состояние охраны;27.11.2025 08:54:43;1;0.0;1;unknown;weak_rule;conservative_pair_rule_v2
состояние охраны;29.11.2025 22:33:17;1;0.0;1;unknown;weak_rule;conservative_pair_rule_v2
состояние охраны;29.11.2025 23:39:49;1;0.0;1;unknown;weak_rule;conservative_pair_rule_v2
состояние охраны;30.11.2025 08:55:32;1;0.0;1;unknown;weak_rule;conservative_pair_rule_v2
состояние охраны;01.12.2025 05:15:34;1;0.0;1;unknown;weak_rule;conservative_pair_rule_v2
состояние охраны;01.12.2025 07:29:36;1;0.0;1;unknown;weak_rule;conservative_pair_rule_v2
состояние охраны;01.12.2025 07:56:41;1;0.0;1;unknown;weak_rule;conservative_pair_rule_v2
состояние охраны;03.12.2025 21:43:54;1;0.0;1;unknown;weak_rule;conservative_pair_rule_v2
состояние охраны;04.12.2025 07:56:39;1;0.0;1;unknown;weak_rule;conservative_pair_rule_v2
состояние охраны;04.12.2025 07:56:41;1;0.0;1;unknown;weak_rule;conservative_pair_rule_v2
состояние охраны;04.12.2025 08:00:32;1;0.0;1;unknown;weak_rule;conservative_pair_rule_v2
состояние охраны;10.12.2025 07:54:16;1;0.0;1;unknown;weak_rule;conservative_pair_rule_v2
состояние охраны;10.12.2025 08:19:17;1;0.0;1;unknown;weak_rule;conservative_pair_rule_v2
состояние охраны;10.12.2025 08:22:17;1;0.0;1;unknown;weak_rule;conservative_pair_rule_v2
состояние охраны;10.12.2025 12:37:20;1;0.0;1;unknown;weak_rule;conservative_pair_rule_v2
состояние охраны;10.12.2025 16:48:44;1;0.0;1;unknown;weak_rule;conservative_pair_rule_v2
состояние охраны;10.12.2025 23:21:43;1;0.0;1;unknown;weak_rule;conservative_pair_rule_v2
состояние охраны;13.12.2025 10:47:51;1;0.0;1;unknown;weak_rule;conservative_pair_rule_v2
состояние охраны;13.12.2025 10:50:18;1;0.0;1;unknown;weak_rule;conservative_pair_rule_v2
состояние охраны;13.12.2025 10:58:44;1;0.0;1;unknown;weak_rule;conservative_pair_rule_v2
состояние охраны;13.12.2025 13:36:44;1;0.0;1;unknown;weak_rule;conservative_pair_rule_v2
состояние охраны;13.12.2025 14:36:51;1;0.0;1;unknown;weak_rule;conservative_pair_rule_v2
состояние охраны;17.12.2025 14:09:02;1;0.0;1;unknown;weak_rule;conservative_pair_rule_v2
состояние охраны;17.12.2025 14:23:57;1;0.0;1;unknown;weak_rule;conservative_pair_rule_v2
состояние охраны;17.12.2025 17:25:01;1;0.0;1;unknown;weak_rule;conservative_pair_rule_v2
состояние охраны;17.12.2025 18:12:18;1;0.0;1;unknown;weak_rule;conservative_pair_rule_v2
состояние охраны;17.12.2025 22:56:33;1;0.0;1;unknown;weak_rule;conservative_pair_rule_v2
состояние охраны;17.12.2025 23:22:40;1;0.0;1;unknown;weak_rule;conservative_pair_rule_v2
состояние охраны;18.12.2025 07:38:28;1;0.0;1;unknown;weak_rule;conservative_pair_rule_v2
состояние охраны;18.12.2025 07:51:52;1;0.0;1;unknown;weak_rule;conservative_pair_rule_v2
состояние охраны;18.12.2025 07:53:11;1;0.0;1;unknown;weak_rule;conservative_pair_rule_v2
состояние охраны;18.12.2025 08:00:11;1;0.0;1;unknown;weak_rule;conservative_pair_rule_v2
состояние охраны;18.12.2025 08:11:24;1;0.0;1;unknown;weak_rule;conservative_pair_rule_v2
состояние охраны;20.12.2025 10:12:02;1;0.0;1;unknown;weak_rule;conservative_pair_rule_v2
состояние охраны;25.12.2025 18:15:12;1;0.0;1;unknown;weak_rule;conservative_pair_rule_v2
состояние охраны;25.12.2025 20:02:11;1;0.0;1;unknown;weak_rule;conservative_pair_rule_v2
состояние охраны;25.12.2025 23:49:16;1;0.0;1;unknown;weak_rule;conservative_pair_rule_v2
состояние охраны;26.12.2025 04:33:36;1;0.0;1;unknown;weak_rule;conservative_pair_rule_v2
состояние охраны;26.12.2025 07:54:24;1;0.0;1;unknown;weak_rule;conservative_pair_rule_v2
состояние охраны;02.01.2025 06:30:11;1;0.0;1;unknown;weak_rule;conservative_pair_rule_v2
состояние охраны;06.01.2025 08:34:54;1;0.0;1;unknown;weak_rule;conservative_pair_rule_v2
состояние охраны;06.01.2025 08:35:00;1;0.0;1;unknown;weak_rule;conservative_pair_rule_v2
состояние охраны;07.01.2025 07:51:35;1;0.0;1;unknown;weak_rule;conservative_pair_rule_v2
состояние охраны;07.01.2025 09:18:10;1;0.0;1;unknown;weak_rule;conservative_pair_rule_v2
состояние охраны;07.01.2025 13:55:17;1;0.0;1;unknown;weak_rule;conservative_pair_rule_v2
состояние охраны;11.01.2025 07:54:50;1;0.0;1;unknown;weak_rule;conservative_pair_rule_v2
состояние охраны;16.01.2025 09:33:04;1;0.0;1;unknown;weak_rule;conservative_pair_rule_v2
состояние охраны;16.01.2025 09:33:15;1;0.0;1;unknown;weak_rule;conservative_pair_rule_v2
состояние охраны;16.01.2025 09:40:00;1;0.0;1;unknown;weak_rule;conservative_pair_rule_v2
состояние охраны;16.01.2025 16:06:58;1;0.0;1;unknown;weak_rule;conservative_pair_rule_v2
состояние охраны;16.01.2025 16:29:39;1;0.0;1;unknown;weak_rule;conservative_pair_rule_v2
состояние охраны;16.01.2025 16:52:33;1;0.0;1;unknown;weak_rule;conservative_pair_rule_v2
состояние охраны;16.01.2025 19:56:27;1;0.0;1;unknown;weak_rule;conservative_pair_rule_v2
состояние охраны;21.01.2025 20:04:32;1;0.0;1;unknown;weak_rule;conservative_pair_rule_v2
состояние охраны;22.01.2025 08:40:33;1;0.0;1;unknown;weak_rule;conservative_pair_rule_v2
состояние охраны;27.01.2025 07:16:37;1;0.0;1;unknown;weak_rule;conservative_pair_rule_v2
состояние охраны;27.01.2025 08:35:17;1;0.0;1;unknown;weak_rule;conservative_pair_rule_v2
состояние охраны;27.01.2025 12:28:48;1;0.0;1;unknown;weak_rule;conservative_pair_rule_v2
состояние охраны;27.01.2025 12:49:31;1;0.0;1;unknown;weak_rule;conservative_pair_rule_v2
состояние охраны;28.01.2025 01:42:06;1;0.0;1;unknown;weak_rule;conservative_pair_rule_v2
состояние охраны;29.01.2025 08:36:50;1;0.0;1;unknown;weak_rule;conservative_pair_rule_v2
состояние охраны;29.01.2025 13:03:28;1;0.0;1;unknown;weak_rule;conservative_pair_rule_v2
состояние охраны;29.01.2025 13:11:03;1;0.0;1;unknown;weak_rule;conservative_pair_rule_v2
состояние охраны;29.01.2025 16:01:49;1;0.0;1;unknown;weak_rule;conservative_pair_rule_v2
состояние охраны;29.01.2025 16:54:40;1;0.0;1;unknown;weak_rule;conservative_pair_rule_v2
состояние охраны;30.01.2025 07:16:43;1;0.0;1;unknown;weak_rule;conservative_pair_rule_v2
состояние охраны;30.01.2025 07:54:12;1;0.0;1;unknown;weak_rule;conservative_pair_rule_v2
состояние охраны;30.01.2025 09:04:51;1;0.0;1;unknown;weak_rule;conservative_pair_rule_v2
состояние охраны;01.02.2025 19:42:08;1;0.0;1;unknown;weak_rule;conservative_pair_rule_v2
состояние охраны;07.02.2025 08:36:42;1;0.0;1;unknown;weak_rule;conservative_pair_rule_v2
состояние охраны;07.02.2025 08:43:44;1;0.0;1;unknown;weak_rule;conservative_pair_rule_v2
состояние охраны;07.02.2025 09:59:21;1;0.0;1;unknown;weak_rule;conservative_pair_rule_v2
состояние охраны;07.02.2025 12:35:36;1;0.0;1;unknown;weak_rule;conservative_pair_rule_v2
состояние охраны;07.02.2025 14:13:58;1;0.0;1;unknown;weak_rule;conservative_pair_rule_v2
состояние охраны;07.02.2025 15:21:14;1;0.0;1;unknown;weak_rule;conservative_pair_rule_v2
состояние охраны;07.02.2025 16:06:24;1;0.0;1;unknown;weak_rule;conservative_pair_rule_v2
состояние охраны;07.02.2025 16:49:23;1;0.0;1;unknown;weak_rule;conservative_pair_rule_v2
состояние охраны;07.02.2025 16:49:31;1;0.0;1;unknown;weak_rule;conservative_pair_rule_v2
состояние охраны;07.02.2025 16:59:25;1;0.0;1;unknown;weak_rule;conservative_pair_rule_v2
состояние охраны;07.02.2025 20:04:30;1;0.0;1;unknown;weak_rule;conservative_pair_rule_v2
состояние охраны;13.02.2025 16:59:39;1;0.0;1;unknown;weak_rule;conservative_pair_rule_v2
состояние охраны;13.02.2025 18:37:06;1;0.0;1;unknown;weak_rule;conservative_pair_rule_v2
состояние охраны;13.02.2025 20:03:13;1;0.0;1;unknown;weak_rule;conservative_pair_rule_v2
состояние охраны;14.02.2025 01:15:26;1;0.0;1;unknown;weak_rule;conservative_pair_rule_v2
состояние охраны;14.02.2025 08:09:33;1;0.0;1;unknown;weak_rule;conservative_pair_rule_v2
состояние охраны;14.02.2025 08:10:39;1;0.0;1;unknown;weak_rule;conservative_pair_rule_v2
состояние охраны;14.02.2025 09:37:04;1;0.0;1;unknown;weak_rule;conservative_pair_rule_v2
состояние охраны;17.02.2025 08:04:36;1;0.0;1;unknown;weak_rule;conservative_pair_rule_v2
состояние охраны;17.02.2025 08:39:20;1;0.0;1;unknown;weak_rule;conservative_pair_rule_v2
состояние охраны;17.02.2025 09:20:21;1;0.0;1;unknown;weak_rule;conservative_pair_rule_v2
состояние охраны;17.02.2025 15:23:46;1;0.0;1;unknown;weak_rule;conservative_pair_rule_v2
состояние охраны;17.02.2025 16:26:09;1;0.0;1;unknown;weak_rule;conservative_pair_rule_v2
состояние охраны;17.02.2025 18:03:30;1;0.0;1;unknown;weak_rule;conservative_pair_rule_v2
состояние охраны;17.02.2025 23:19:28;1;0.0;1;unknown;weak_rule;conservative_pair_rule_v2
состояние охраны;19.02.2025 07:51:48;1;0.0;1;unknown;weak_rule;conservative_pair_rule_v2
состояние охраны;19.02.2025 16:34:20;1;0.0;1;unknown;weak_rule;conservative_pair_rule_v2
состояние охраны;19.02.2025 17:01:23;1;0.0;1;unknown;weak_rule;conservative_pair_rule_v2
состояние охраны;19.02.2025 22:18:48;1;0.0;1;unknown;weak_rule;conservative_pair_rule_v2
состояние охраны;20.02.2025 08:15:24;1;0.0;1;unknown;weak_rule;conservative_pair_rule_v2
состояние охраны;20.02.2025 08:19:41;1;0.0;1;unknown;weak_rule;conservative_pair_rule_v2
состояние охраны;24.02.2025 07:53:25;1;0.0;1;unknown;weak_rule;conservative_pair_rule_v2
состояние охраны;24.02.2025 14:35:40;1;0.0;1;unknown;weak_rule;conservative_pair_rule_v2
состояние охраны;24.02.2025 15:59:03;1;0.0;1;unknown;weak_rule;conservative_pair_rule_v2
состояние охраны;24.02.2025 17:00:55;1;0.0;1;unknown;weak_rule;conservative_pair_rule_v2
состояние охраны;04.03.2025 08:29:29;1;0.0;1;unknown;weak_rule;conservative_pair_rule_v2
состояние охраны;04.03.2025 08:49:49;1;0.0;1;unknown;weak_rule;conservative_pair_rule_v2
состояние охраны;04.03.2025 09:32:21;1;0.0;1;unknown;weak_rule;conservative_pair_rule_v2
состояние охраны;08.03.2025 20:02:41;1;0.0;1;unknown;weak_rule;conservative_pair_rule_v2
состояние охраны;09.03.2025 07:38:43;1;0.0;1;unknown;weak_rule;conservative_pair_rule_v2
состояние охраны;09.03.2025 10:05:58;1;0.0;1;unknown;weak_rule;conservative_pair_rule_v2
состояние охраны;09.03.2025 10:10:33;1;0.0;1;unknown;weak_rule;conservative_pair_rule_v2
состояние охраны;13.03.2025 08:05:20;1;0.0;1;unknown;weak_rule;conservative_pair_rule_v2
состояние охраны;13.03.2025 08:12:09;1;0.0;1;unknown;weak_rule;conservative_pair_rule_v2
состояние охраны;13.03.2025 08:35:38;1;0.0;1;unknown;weak_rule;conservative_pair_rule_v2
состояние охраны;13.03.2025 08:38:11;1;0.0;1;unknown;weak_rule;conservative_pair_rule_v2
состояние охраны;13.03.2025 16:40:05;1;0.0;1;unknown;weak_rule;conservative_pair_rule_v2
состояние охраны;13.03.2025 17:01:02;1;0.0;1;unknown;weak_rule;conservative_pair_rule_v2
состояние охраны;13.03.2025 20:07:16;1;0.0;1;unknown;weak_rule;conservative_pair_rule_v2
состояние охраны;13.03.2025 20:25:57;1;0.0;1;unknown;weak_rule;conservative_pair_rule_v2
состояние охраны;13.03.2025 20:33:40;1;0.0;1;unknown;weak_rule;conservative_pair_rule_v2
состояние охраны;18.03.2025 07:33:32;1;0.0;1;unknown;weak_rule;conservative_pair_rule_v2
состояние охраны;18.03.2025 08:00:02;1;0.0;1;unknown;weak_rule;conservative_pair_rule_v2
состояние охраны;18.03.2025 10:02:10;1;0.0;1;unknown;weak_rule;conservative_pair_rule_v2
состояние охраны;18.03.2025 10:28:45;1;0.0;1;unknown;weak_rule;conservative_pair_rule_v2
состояние охраны;18.03.2025 10:28:52;1;0.0;1;unknown;weak_rule;conservative_pair_rule_v2
состояние охраны;18.03.2025 13:02:22;1;0.0;1;unknown;weak_rule;conservative_pair_rule_v2
состояние охраны;18.03.2025 16:12:16;1;0.0;1;unknown;weak_rule;conservative_pair_rule_v2
состояние охраны;18.03.2025 16:12:22;1;0.0;1;unknown;weak_rule;conservative_pair_rule_v2
состояние охраны;18.03.2025 19:24:05;1;0.0;1;unknown;weak_rule;conservative_pair_rule_v2
состояние охраны;22.03.2025 23:11:22;1;0.0;1;unknown;weak_rule;conservative_pair_rule_v2
состояние охраны;23.03.2025 08:03:33;1;0.0;1;unknown;weak_rule;conservative_pair_rule_v2
состояние охраны;23.03.2025 20:04:03;1;0.0;1;unknown;weak_rule;conservative_pair_rule_v2
состояние охраны;27.03.2025 15:13:35;1;0.0;1;unknown;weak_rule;conservative_pair_rule_v2
состояние охраны;27.03.2025 16:25:20;1;0.0;1;unknown;weak_rule;conservative_pair_rule_v2
состояние охраны;27.03.2025 17:09:16;1;0.0;1;unknown;weak_rule;conservative_pair_rule_v2
состояние охраны;27.03.2025 19:59:11;1;0.0;1;unknown;weak_rule;conservative_pair_rule_v2
состояние охраны;27.03.2025 20:09:33;1;0.0;1;unknown;weak_rule;conservative_pair_rule_v2
состояние охраны;27.03.2025 20:11:48;1;0.0;1;unknown;weak_rule;conservative_pair_rule_v2
состояние охраны;27.03.2025 20:25:48;1;0.0;1;unknown;weak_rule;conservative_pair_rule_v2
состояние охраны;28.03.2025 07:40:47;1;0.0;1;unknown;weak_rule;conservative_pair_rule_v2
состояние охраны;28.03.2025 08:59:45;1;0.0;1;unknown;weak_rule;conservative_pair_rule_v2
состояние охраны;28.03.2025 12:39:01;1;0.0;1;unknown;weak_rule;conservative_pair_rule_v2
состояние охраны;28.03.2025 16:06:11;1;0.0;1;unknown;weak_rule;conservative_pair_rule_v2
состояние охраны;28.03.2025 16:49:01;1;0.0;1;unknown;weak_rule;conservative_pair_rule_v2
состояние охраны;01.04.2025 18:28:26;1;0.0;1;unknown;weak_rule;conservative_pair_rule_v2
состояние охраны;02.04.2025 01:54:59;1;0.0;1;unknown;weak_rule;conservative_pair_rule_v2
состояние охраны;02.04.2025 07:22:50;1;0.0;1;unknown;weak_rule;conservative_pair_rule_v2
состояние охраны;02.04.2025 07:30:03;1;0.0;1;unknown;weak_rule;conservative_pair_rule_v2
состояние охраны;02.04.2025 07:59:31;1;0.0;1;unknown;weak_rule;conservative_pair_rule_v2
состояние охраны;02.04.2025 08:02:51;1;0.0;1;unknown;weak_rule;conservative_pair_rule_v2
состояние охраны;02.04.2025 09:54:17;1;0.0;1;unknown;weak_rule;conservative_pair_rule_v2
состояние охраны;02.04.2025 16:25:11;1;0.0;1;unknown;weak_rule;conservative_pair_rule_v2
состояние охраны;02.04.2025 19:42:21;1;0.0;1;unknown;weak_rule;conservative_pair_rule_v2
состояние охраны;06.04.2025 18:33:36;1;0.0;1;unknown;weak_rule;conservative_pair_rule_v2
состояние охраны;07.04.2025 07:18:34;1;0.0;1;unknown;weak_rule;conservative_pair_rule_v2
состояние охраны;07.04.2025 07:56:13;1;0.0;1;unknown;weak_rule;conservative_pair_rule_v2
газовый датчик;2.71;1;0.0;1;unknown;weak_rule;conservative_pair_rule_v2
газовый датчик;3.09;1;0.0;1;unknown;weak_rule;conservative_pair_rule_v2
состояние охраны;07.04.2025 14:40:17;1;0.0;1;unknown;weak_rule;conservative_pair_rule_v2
состояние охраны;07.04.2025 16:41:39;1;0.0;1;unknown;weak_rule;conservative_pair_rule_v2
состояние охраны;11.04.2025 07:17:46;1;0.0;1;unknown;weak_rule;conservative_pair_rule_v2
состояние охраны;11.04.2025 13:44:15;1;0.0;1;unknown;weak_rule;conservative_pair_rule_v2
состояние охраны;11.04.2025 15:56:36;1;0.0;1;unknown;weak_rule;conservative_pair_rule_v2
состояние охраны;12.04.2025 06:09:54;1;0.0;1;unknown;weak_rule;conservative_pair_rule_v2
состояние охраны;14.04.2025 07:57:28;1;0.0;1;unknown;weak_rule;conservative_pair_rule_v2
состояние охраны;14.04.2025 08:33:24;1;0.0;1;unknown;weak_rule;conservative_pair_rule_v2
состояние охраны;14.04.2025 08:50:55;1;0.0;1;unknown;weak_rule;conservative_pair_rule_v2
состояние охраны;14.04.2025 17:32:53;1;0.0;1;unknown;weak_rule;conservative_pair_rule_v2
состояние охраны;19.04.2025 10:23:42;1;0.0;1;unknown;weak_rule;conservative_pair_rule_v2
состояние охраны;19.04.2025 11:40:33;1;0.0;1;unknown;weak_rule;conservative_pair_rule_v2
состояние охраны;19.04.2025 19:38:18;1;0.0;1;unknown;weak_rule;conservative_pair_rule_v2
состояние охраны;20.04.2025 08:02:40;1;0.0;1;unknown;weak_rule;conservative_pair_rule_v2
состояние охраны;24.04.2025 06:15:59;1;0.0;1;unknown;weak_rule;conservative_pair_rule_v2
состояние охраны;24.04.2025 08:00:44;1;0.0;1;unknown;weak_rule;conservative_pair_rule_v2
состояние охраны;24.04.2025 08:05:15;1;0.0;1;unknown;weak_rule;conservative_pair_rule_v2
состояние охраны;24.04.2025 08:35:51;1;0.0;1;unknown;weak_rule;conservative_pair_rule_v2
состояние охраны;24.04.2025 13:16:57;1;0.0;1;unknown;weak_rule;conservative_pair_rule_v2
состояние охраны;24.04.2025 15:02:52;1;0.0;1;unknown;weak_rule;conservative_pair_rule_v2
состояние охраны;24.04.2025 15:50:18;1;0.0;1;unknown;weak_rule;conservative_pair_rule_v2
состояние охраны;24.04.2025 16:31:48;1;0.0;1;unknown;weak_rule;conservative_pair_rule_v2
состояние охраны;25.04.2025 07:30:13;1;0.0;1;unknown;weak_rule;conservative_pair_rule_v2
состояние охраны;28.04.2025 07:52:56;1;0.0;1;unknown;weak_rule;conservative_pair_rule_v2
состояние охраны;28.04.2025 15:47:10;1;0.0;1;unknown;weak_rule;conservative_pair_rule_v2
состояние охраны;28.04.2025 19:57:57;1;0.0;1;unknown;weak_rule;conservative_pair_rule_v2
состояние охраны;02.05.2025 10:36:30;1;0.0;1;unknown;weak_rule;conservative_pair_rule_v2
состояние охраны;02.05.2025 19:22:56;1;0.0;1;unknown;weak_rule;conservative_pair_rule_v2
газовый датчик;2.00;1;0.0;1;unknown;weak_rule;conservative_pair_rule_v2
состояние охраны;12.05.2025 07:33:49;1;0.0;1;unknown;weak_rule;conservative_pair_rule_v2
состояние охраны;12.05.2025 07:56:20;1;0.0;1;unknown;weak_rule;conservative_pair_rule_v2
состояние охраны;12.05.2025 07:58:52;1;0.0;1;unknown;weak_rule;conservative_pair_rule_v2
состояние охраны;12.05.2025 08:31:41;1;0.0;1;unknown;weak_rule;conservative_pair_rule_v2
состояние охраны;12.05.2025 09:17:17;1;0.0;1;unknown;weak_rule;conservative_pair_rule_v2
состояние охраны;12.05.2025 13:52:45;1;0.0;1;unknown;weak_rule;conservative_pair_rule_v2
состояние охраны;16.05.2025 07:10:37;1;0.0;1;unknown;weak_rule;conservative_pair_rule_v2
состояние охраны;16.05.2025 07:37:50;1;0.0;1;unknown;weak_rule;conservative_pair_rule_v2
состояние охраны;16.05.2025 07:53:31;1;0.0;1;unknown;weak_rule;conservative_pair_rule_v2
состояние охраны;16.05.2025 07:56:03;1;0.0;1;unknown;weak_rule;conservative_pair_rule_v2
состояние охраны;16.05.2025 07:58:28;1;0.0;1;unknown;weak_rule;conservative_pair_rule_v2
состояние охраны;16.05.2025 08:00:36;1;0.0;1;unknown;weak_rule;conservative_pair_rule_v2
состояние охраны;20.05.2025 15:45:22;1;0.0;1;unknown;weak_rule;conservative_pair_rule_v2
состояние охраны;20.05.2025 15:59:24;1;0.0;1;unknown;weak_rule;conservative_pair_rule_v2
состояние охраны;20.05.2025 18:16:07;1;0.0;1;unknown;weak_rule;conservative_pair_rule_v2
состояние охраны;20.05.2025 22:52:31;1;0.0;1;unknown;weak_rule;conservative_pair_rule_v2
состояние охраны;21.05.2025 01:18:19;1;0.0;1;unknown;weak_rule;conservative_pair_rule_v2
состояние охраны;21.05.2025 01:18:25;1;0.0;1;unknown;weak_rule;conservative_pair_rule_v2
состояние охраны;21.05.2025 04:19:26;1;0.0;1;unknown;weak_rule;conservative_pair_rule_v2
состояние охраны;21.05.2025 07:17:08;1;0.0;1;unknown;weak_rule;conservative_pair_rule_v2
состояние охраны;21.05.2025 07:26:46;1;0.0;1;unknown;weak_rule;conservative_pair_rule_v2
состояние охраны;21.05.2025 07:35:46;1;0.0;1;unknown;weak_rule;conservative_pair_rule_v2
состояние охраны;21.05.2025 07:59:15;1;0.0;1;unknown;weak_rule;conservative_pair_rule_v2
состояние охраны;21.05.2025 15:50:15;1;0.0;1;unknown;weak_rule;conservative_pair_rule_v2
состояние охраны;23.05.2025 23:44:05;1;0.0;1;unknown;weak_rule;conservative_pair_rule_v2
состояние охраны;24.05.2025 01:16:22;1;0.0;1;unknown;weak_rule;conservative_pair_rule_v2
состояние охраны;24.05.2025 07:59:30;1;0.0;1;unknown;weak_rule;conservative_pair_rule_v2
состояние охраны;24.05.2025 09:31:12;1;0.0;1;unknown;weak_rule;conservative_pair_rule_v2
состояние охраны;24.05.2025 16:48:56;1;0.0;1;unknown;weak_rule;conservative_pair_rule_v2
состояние охраны;24.05.2025 16:53:20;1;0.0;1;unknown;weak_rule;conservative_pair_rule_v2
состояние охраны;26.05.2025 08:58:21;1;0.0;1;unknown;weak_rule;conservative_pair_rule_v2
состояние охраны;26.05.2025 15:35:44;1;0.0;1;unknown;weak_rule;conservative_pair_rule_v2
состояние охраны;26.05.2025 17:03:04;1;0.0;1;unknown;weak_rule;conservative_pair_rule_v2
состояние охраны;26.05.2025 22:03:16;1;0.0;1;unknown;weak_rule;conservative_pair_rule_v2
состояние охраны;27.05.2025 01:13:39;1;0.0;1;unknown;weak_rule;conservative_pair_rule_v2
состояние охраны;27.05.2025 01:17:44;1;0.0;1;unknown;weak_rule;conservative_pair_rule_v2
состояние охраны;27.05.2025 01:21:51;1;0.0;1;unknown;weak_rule;conservative_pair_rule_v2
состояние охраны;27.05.2025 01:26:21;1;0.0;1;unknown;weak_rule;conservative_pair_rule_v2
состояние охраны;27.05.2025 01:27:03;1;0.0;1;unknown;weak_rule;conservative_pair_rule_v2
состояние охраны;27.05.2025 01:56:05;1;0.0;1;unknown;weak_rule;conservative_pair_rule_v2
состояние охраны;27.05.2025 07:32:03;1;0.0;1;unknown;weak_rule;conservative_pair_rule_v2
состояние охраны;27.05.2025 07:33:38;1;0.0;1;unknown;weak_rule;conservative_pair_rule_v2
состояние охраны;27.05.2025 07:51:02;1;0.0;1;unknown;weak_rule;conservative_pair_rule_v2
состояние охраны;30.05.2025 06:27:47;1;0.0;1;unknown;weak_rule;conservative_pair_rule_v2
состояние охраны;30.05.2025 08:25:11;1;0.0;1;unknown;weak_rule;conservative_pair_rule_v2
состояние охраны;30.05.2025 09:05:57;1;0.0;1;unknown;weak_rule;conservative_pair_rule_v2
состояние охраны;30.05.2025 14:14:44;1;0.0;1;unknown;weak_rule;conservative_pair_rule_v2
состояние охраны;30.05.2025 16:04:35;1;0.0;1;unknown;weak_rule;conservative_pair_rule_v2
состояние охраны;30.05.2025 17:03:45;1;0.0;1;unknown;weak_rule;conservative_pair_rule_v2
состояние охраны;30.05.2025 23:16:56;1;0.0;1;unknown;weak_rule;conservative_pair_rule_v2
состояние охраны;31.05.2025 00:43:45;1;0.0;1;unknown;weak_rule;conservative_pair_rule_v2
состояние охраны;03.06.2025 05:16:56;1;0.0;1;unknown;weak_rule;conservative_pair_rule_v2
состояние охраны;03.06.2025 07:58:14;1;0.0;1;unknown;weak_rule;conservative_pair_rule_v2
состояние охраны;03.06.2025 08:21:12;1;0.0;1;unknown;weak_rule;conservative_pair_rule_v2
состояние охраны;03.06.2025 20:43:34;1;0.0;1;unknown;weak_rule;conservative_pair_rule_v2
состояние охраны;03.06.2025 20:52:38;1;0.0;1;unknown;weak_rule;conservative_pair_rule_v2
состояние охраны;11.06.2025 00:09:09;1;0.0;1;unknown;weak_rule;conservative_pair_rule_v2
состояние охраны;11.06.2025 09:31:12;1;0.0;1;unknown;weak_rule;conservative_pair_rule_v2
состояние охраны;16.06.2025 02:10:37;1;0.0;1;unknown;weak_rule;conservative_pair_rule_v2
состояние охраны;16.06.2025 02:10:45;1;0.0;1;unknown;weak_rule;conservative_pair_rule_v2
состояние охраны;16.06.2025 07:51:51;1;0.0;1;unknown;weak_rule;conservative_pair_rule_v2
состояние охраны;16.06.2025 08:00:30;1;0.0;1;unknown;weak_rule;conservative_pair_rule_v2
состояние охраны;19.06.2025 15:31:27;1;0.0;1;unknown;weak_rule;conservative_pair_rule_v2
состояние охраны;19.06.2025 15:34:15;1;0.0;1;unknown;weak_rule;conservative_pair_rule_v2
состояние охраны;19.06.2025 16:31:19;1;0.0;1;unknown;weak_rule;conservative_pair_rule_v2
состояние охраны;19.06.2025 17:10:42;1;0.0;1;unknown;weak_rule;conservative_pair_rule_v2
состояние охраны;20.06.2025 22:30:01;1;0.0;1;unknown;weak_rule;conservative_pair_rule_v2
состояние охраны;21.06.2025 00:13:58;1;0.0;1;unknown;weak_rule;conservative_pair_rule_v2
состояние охраны;21.06.2025 05:30:19;1;0.0;1;unknown;weak_rule;conservative_pair_rule_v2
состояние охраны;21.06.2025 05:41:13;1;0.0;1;unknown;weak_rule;conservative_pair_rule_v2
состояние охраны;21.06.2025 13:03:23;1;0.0;1;unknown;weak_rule;conservative_pair_rule_v2
состояние охраны;27.06.2025 05:44:24;1;0.0;1;unknown;weak_rule;conservative_pair_rule_v2
состояние охраны;27.06.2025 07:39:05;1;0.0;1;unknown;weak_rule;conservative_pair_rule_v2
состояние охраны;27.06.2025 07:55:47;1;0.0;1;unknown;weak_rule;conservative_pair_rule_v2
состояние охраны;27.06.2025 12:54:41;1;0.0;1;unknown;weak_rule;conservative_pair_rule_v2
состояние охраны;27.06.2025 16:04:51;1;0.0;1;unknown;weak_rule;conservative_pair_rule_v2
состояние охраны;27.06.2025 16:51:47;1;0.0;1;unknown;weak_rule;conservative_pair_rule_v2
состояние охраны;29.06.2025 00:57:39;1;0.0;1;unknown;weak_rule;conservative_pair_rule_v2
состояние охраны;29.06.2025 00:58:13;1;0.0;1;unknown;weak_rule;conservative_pair_rule_v2
состояние охраны;29.06.2025 09:53:39;1;0.0;1;unknown;weak_rule;conservative_pair_rule_v2
состояние охраны;30.06.2025 00:30:31;1;0.0;1;unknown;weak_rule;conservative_pair_rule_v2
состояние охраны;30.06.2025 01:22:13;1;0.0;1;unknown;weak_rule;conservative_pair_rule_v2
состояние охраны;02.07.2025 07:20:35;1;0.0;1;unknown;weak_rule;conservative_pair_rule_v2
состояние охраны;02.07.2025 08:03:54;1;0.0;1;unknown;weak_rule;conservative_pair_rule_v2
состояние охраны;02.07.2025 08:04:50;1;0.0;1;unknown;weak_rule;conservative_pair_rule_v2
состояние охраны;02.07.2025 08:21:29;1;0.0;1;unknown;weak_rule;conservative_pair_rule_v2
состояние охраны;02.07.2025 15:51:02;1;0.0;1;unknown;weak_rule;conservative_pair_rule_v2
состояние охраны;08.07.2025 18:58:15;1;0.0;1;unknown;weak_rule;conservative_pair_rule_v2
состояние охраны;08.07.2025 19:49:30;1;0.0;1;unknown;weak_rule;conservative_pair_rule_v2
состояние охраны;09.07.2025 01:47:59;1;0.0;1;unknown;weak_rule;conservative_pair_rule_v2
состояние охраны;09.07.2025 07:58:36;1;0.0;1;unknown;weak_rule;conservative_pair_rule_v2
состояние охраны;09.07.2025 08:01:38;1;0.0;1;unknown;weak_rule;conservative_pair_rule_v2
состояние охраны;12.07.2025 08:00:39;1;0.0;1;unknown;weak_rule;conservative_pair_rule_v2
состояние охраны;12.07.2025 08:15:11;1;0.0;1;unknown;weak_rule;conservative_pair_rule_v2
состояние охраны;16.07.2025 07:45:49;1;0.0;1;unknown;weak_rule;conservative_pair_rule_v2
состояние охраны;16.07.2025 08:00:30;1;0.0;1;unknown;weak_rule;conservative_pair_rule_v2
состояние охраны;16.07.2025 08:02:58;1;0.0;1;unknown;weak_rule;conservative_pair_rule_v2
состояние охраны;16.07.2025 08:07:52;1;0.0;1;unknown;weak_rule;conservative_pair_rule_v2
состояние охраны;16.07.2025 11:47:06;1;0.0;1;unknown;weak_rule;conservative_pair_rule_v2
состояние охраны;16.07.2025 12:44:43;1;0.0;1;unknown;weak_rule;conservative_pair_rule_v2
состояние охраны;16.07.2025 13:27:23;1;0.0;1;unknown;weak_rule;conservative_pair_rule_v2
состояние охраны;16.07.2025 13:59:35;1;0.0;1;unknown;weak_rule;conservative_pair_rule_v2
состояние охраны;16.07.2025 13:59:46;1;0.0;1;unknown;weak_rule;conservative_pair_rule_v2
состояние охраны;16.07.2025 14:40:09;1;0.0;1;unknown;weak_rule;conservative_pair_rule_v2
состояние охраны;16.07.2025 14:48:21;1;0.0;1;unknown;weak_rule;conservative_pair_rule_v2
состояние охраны;16.07.2025 17:00:16;1;0.0;1;unknown;weak_rule;conservative_pair_rule_v2
состояние охраны;16.07.2025 17:02:18;1;0.0;1;unknown;weak_rule;conservative_pair_rule_v2
состояние охраны;19.07.2025 16:41:40;1;0.0;1;unknown;weak_rule;conservative_pair_rule_v2
состояние охраны;20.07.2025 06:03:22;1;0.0;1;unknown;weak_rule;conservative_pair_rule_v2
состояние охраны;21.07.2025 13:23:52;1;0.0;1;unknown;weak_rule;conservative_pair_rule_v2
состояние охраны;21.07.2025 13:24:00;1;0.0;1;unknown;weak_rule;conservative_pair_rule_v2
состояние охраны;21.07.2025 17:04:48;1;0.0;1;unknown;weak_rule;conservative_pair_rule_v2
состояние охраны;21.07.2025 17:32:33;1;0.0;1;unknown;weak_rule;conservative_pair_rule_v2
состояние охраны;21.07.2025 22:53:30;1;0.0;1;unknown;weak_rule;conservative_pair_rule_v2
состояние охраны;22.07.2025 01:55:43;1;0.0;1;unknown;weak_rule;conservative_pair_rule_v2
состояние охраны;22.07.2025 07:18:16;1;0.0;1;unknown;weak_rule;conservative_pair_rule_v2
состояние охраны;22.07.2025 07:24:35;1;0.0;1;unknown;weak_rule;conservative_pair_rule_v2
состояние охраны;22.07.2025 08:06:01;1;0.0;1;unknown;weak_rule;conservative_pair_rule_v2
состояние охраны;29.07.2025 13:07:05;1;0.0;1;unknown;weak_rule;conservative_pair_rule_v2
состояние охраны;29.07.2025 17:04:25;1;0.0;1;unknown;weak_rule;conservative_pair_rule_v2
состояние охраны;29.07.2025 17:21:25;1;0.0;1;unknown;weak_rule;conservative_pair_rule_v2
состояние охраны;29.07.2025 17:22:15;1;0.0;1;unknown;weak_rule;conservative_pair_rule_v2
состояние охраны;03.08.2025 08:53:37;1;0.0;1;unknown;weak_rule;conservative_pair_rule_v2
состояние охраны;03.08.2025 16:54:04;1;0.0;1;unknown;weak_rule;conservative_pair_rule_v2
состояние охраны;04.08.2025 08:01:18;1;0.0;1;unknown;weak_rule;conservative_pair_rule_v2
состояние охраны;04.08.2025 08:05:54;1;0.0;1;unknown;weak_rule;conservative_pair_rule_v2
состояние охраны;06.08.2025 17:00:58;1;0.0;1;unknown;weak_rule;conservative_pair_rule_v2
состояние охраны;06.08.2025 19:10:12;1;0.0;1;unknown;weak_rule;conservative_pair_rule_v2
состояние охраны;06.08.2025 19:27:08;1;0.0;1;unknown;weak_rule;conservative_pair_rule_v2
состояние охраны;07.08.2025 07:22:25;1;0.0;1;unknown;weak_rule;conservative_pair_rule_v2
состояние охраны;07.08.2025 09:17:20;1;0.0;1;unknown;weak_rule;conservative_pair_rule_v2
состояние охраны;10.08.2025 12:05:23;1;0.0;1;unknown;weak_rule;conservative_pair_rule_v2
состояние охраны;11.08.2025 07:41:47;1;0.0;1;unknown;weak_rule;conservative_pair_rule_v2
состояние охраны;11.08.2025 07:59:36;1;0.0;1;unknown;weak_rule;conservative_pair_rule_v2
состояние охраны;11.08.2025 08:01:40;1;0.0;1;unknown;weak_rule;conservative_pair_rule_v2
состояние охраны;11.08.2025 09:46:15;1;0.0;1;unknown;weak_rule;conservative_pair_rule_v2
состояние охраны;15.08.2025 16:11:23;1;0.0;1;unknown;weak_rule;conservative_pair_rule_v2
состояние охраны;15.08.2025 16:28:35;1;0.0;1;unknown;weak_rule;conservative_pair_rule_v2
состояние охраны;15.08.2025 19:04:15;1;0.0;1;unknown;weak_rule;conservative_pair_rule_v2
состояние охраны;15.08.2025 20:03:05;1;0.0;1;unknown;weak_rule;conservative_pair_rule_v2
состояние охраны;20.08.2025 07:47:08;1;0.0;1;unknown;weak_rule;conservative_pair_rule_v2
состояние охраны;20.08.2025 07:55:31;1;0.0;1;unknown;weak_rule;conservative_pair_rule_v2
состояние охраны;20.08.2025 08:01:39;1;0.0;1;unknown;weak_rule;conservative_pair_rule_v2
состояние охраны;20.08.2025 08:01:45;1;0.0;1;unknown;weak_rule;conservative_pair_rule_v2
состояние охраны;20.08.2025 17:37:10;1;0.0;1;unknown;weak_rule;conservative_pair_rule_v2
состояние охраны;20.08.2025 18:45:06;1;0.0;1;unknown;weak_rule;conservative_pair_rule_v2
состояние охраны;26.08.2025 07:52:31;1;0.0;1;unknown;weak_rule;conservative_pair_rule_v2
состояние охраны;26.08.2025 08:00:25;1;0.0;1;unknown;weak_rule;conservative_pair_rule_v2
состояние охраны;26.08.2025 08:02:32;1;0.0;1;unknown;weak_rule;conservative_pair_rule_v2
состояние охраны;26.08.2025 09:36:27;1;0.0;1;unknown;weak_rule;conservative_pair_rule_v2
состояние охраны;26.08.2025 16:34:30;1;0.0;1;unknown;weak_rule;conservative_pair_rule_v2
состояние охраны;29.08.2025 17:00:26;1;0.0;1;unknown;weak_rule;conservative_pair_rule_v2
состояние охраны;30.08.2025 03:26:08;1;0.0;1;unknown;weak_rule;conservative_pair_rule_v2
состояние охраны;30.08.2025 08:01:25;1;0.0;1;unknown;weak_rule;conservative_pair_rule_v2
состояние охраны;02.09.2025 17:06:42;1;0.0;1;unknown;weak_rule;conservative_pair_rule_v2
состояние охраны;02.09.2025 19:38:03;1;0.0;1;unknown;weak_rule;conservative_pair_rule_v2
состояние охраны;03.09.2025 08:15:45;1;0.0;1;unknown;weak_rule;conservative_pair_rule_v2
состояние охраны;03.09.2025 09:55:57;1;0.0;1;unknown;weak_rule;conservative_pair_rule_v2
состояние охраны;03.09.2025 13:30:49;1;0.0;1;unknown;weak_rule;conservative_pair_rule_v2
состояние охраны;03.09.2025 13:54:56;1;0.0;1;unknown;weak_rule;conservative_pair_rule_v2
состояние охраны;06.09.2025 08:07:23;1;0.0;1;unknown;weak_rule;conservative_pair_rule_v2
состояние охраны;06.09.2025 20:01:29;1;0.0;1;unknown;weak_rule;conservative_pair_rule_v2
состояние охраны;07.09.2025 07:45:41;1;0.0;1;unknown;weak_rule;conservative_pair_rule_v2
состояние охраны;09.09.2025 16:02:21;1;0.0;1;unknown;weak_rule;conservative_pair_rule_v2
состояние охраны;09.09.2025 16:52:34;1;0.0;1;unknown;weak_rule;conservative_pair_rule_v2
состояние охраны;09.09.2025 16:58:00;1;0.0;1;unknown;weak_rule;conservative_pair_rule_v2
состояние охраны;09.09.2025 18:24:04;1;0.0;1;unknown;weak_rule;conservative_pair_rule_v2
состояние охраны;09.09.2025 18:26:38;1;0.0;1;unknown;weak_rule;conservative_pair_rule_v2
состояние охраны;10.09.2025 07:16:57;1;0.0;1;unknown;weak_rule;conservative_pair_rule_v2
состояние охраны;10.09.2025 07:19:37;1;0.0;1;unknown;weak_rule;conservative_pair_rule_v2
состояние охраны;10.09.2025 07:37:51;1;0.0;1;unknown;weak_rule;conservative_pair_rule_v2
состояние охраны;10.09.2025 07:57:51;1;0.0;1;unknown;weak_rule;conservative_pair_rule_v2
состояние охраны;10.09.2025 09:25:49;1;0.0;1;unknown;weak_rule;conservative_pair_rule_v2
состояние охраны;17.09.2025 07:18:52;1;0.0;1;unknown;weak_rule;conservative_pair_rule_v2
состояние охраны;17.09.2025 08:06:59;1;0.0;1;unknown;weak_rule;conservative_pair_rule_v2
состояние охраны;17.09.2025 19:10:39;1;0.0;1;unknown;weak_rule;conservative_pair_rule_v2
состояние охраны;21.09.2025 14:23:30;1;0.0;1;unknown;weak_rule;conservative_pair_rule_v2
состояние охраны;21.09.2025 15:44:41;1;0.0;1;unknown;weak_rule;conservative_pair_rule_v2
состояние охраны;21.09.2025 18:17:39;1;0.0;1;unknown;weak_rule;conservative_pair_rule_v2
состояние охраны;21.09.2025 18:28:00;1;0.0;1;unknown;weak_rule;conservative_pair_rule_v2
состояние охраны;24.09.2025 17:02:01;1;0.0;1;unknown;weak_rule;conservative_pair_rule_v2
состояние охраны;24.09.2025 17:55:32;1;0.0;1;unknown;weak_rule;conservative_pair_rule_v2
состояние охраны;24.09.2025 17:55:34;1;0.0;1;unknown;weak_rule;conservative_pair_rule_v2
состояние охраны;25.09.2025 00:48:34;1;0.0;1;unknown;weak_rule;conservative_pair_rule_v2
состояние охраны;25.09.2025 07:56:19;1;0.0;1;unknown;weak_rule;conservative_pair_rule_v2
состояние охраны;25.09.2025 09:07:49;1;0.0;1;unknown;weak_rule;conservative_pair_rule_v2
состояние охраны;29.09.2025 07:26:57;1;0.0;1;unknown;weak_rule;conservative_pair_rule_v2
состояние охраны;29.09.2025 08:03:33;1;0.0;1;unknown;weak_rule;conservative_pair_rule_v2
состояние охраны;29.09.2025 09:33:17;1;0.0;1;unknown;weak_rule;conservative_pair_rule_v2
состояние охраны;29.09.2025 10:59:19;1;0.0;1;unknown;weak_rule;conservative_pair_rule_v2
состояние охраны;29.09.2025 11:13:25;1;0.0;1;unknown;weak_rule;conservative_pair_rule_v2
состояние охраны;29.09.2025 11:13:30;1;0.0;1;unknown;weak_rule;conservative_pair_rule_v2
состояние охраны;02.10.2025 07:46:33;1;0.0;1;unknown;weak_rule;conservative_pair_rule_v2
состояние охраны;02.10.2025 08:08:43;1;0.0;1;unknown;weak_rule;conservative_pair_rule_v2
состояние охраны;02.10.2025 12:32:38;1;0.0;1;unknown;weak_rule;conservative_pair_rule_v2
состояние охраны;02.10.2025 13:27:54;1;0.0;1;unknown;weak_rule;conservative_pair_rule_v2
состояние охраны;02.10.2025 20:03:02;1;0.0;1;unknown;weak_rule;conservative_pair_rule_v2
состояние охраны;04.10.2025 07:35:17;1;0.0;1;unknown;weak_rule;conservative_pair_rule_v2
состояние охраны;04.10.2025 12:21:47;1;0.0;1;unknown;weak_rule;conservative_pair_rule_v2
состояние охраны;04.10.2025 20:29:26;1;0.0;1;unknown;weak_rule;conservative_pair_rule_v2
состояние охраны;10.10.2025 11:32:17;1;0.0;1;unknown;weak_rule;conservative_pair_rule_v2
состояние охраны;10.10.2025 16:16:31;1;0.0;1;unknown;weak_rule;conservative_pair_rule_v2
состояние охраны;10.10.2025 18:42:28;1;0.0;1;unknown;weak_rule;conservative_pair_rule_v2
состояние охраны;14.10.2025 17:05:13;1;0.0;1;unknown;weak_rule;conservative_pair_rule_v2
состояние охраны;14.10.2025 19:40:18;1;0.0;1;unknown;weak_rule;conservative_pair_rule_v2
состояние охраны;14.10.2025 19:52:00;1;0.0;1;unknown;weak_rule;conservative_pair_rule_v2
состояние охраны;15.10.2025 07:57:20;1;0.0;1;unknown;weak_rule;conservative_pair_rule_v2
состояние охраны;19.10.2025 00:20:50;1;0.0;1;unknown;weak_rule;conservative_pair_rule_v2
состояние охраны;19.10.2025 10:07:49;1;0.0;1;unknown;weak_rule;conservative_pair_rule_v2
состояние охраны;19.10.2025 11:59:25;1;0.0;1;unknown;weak_rule;conservative_pair_rule_v2
состояние охраны;23.10.2025 07:19:32;1;0.0;1;unknown;weak_rule;conservative_pair_rule_v2
состояние охраны;23.10.2025 08:09:01;1;0.0;1;unknown;weak_rule;conservative_pair_rule_v2
состояние охраны;23.10.2025 08:18:27;1;0.0;1;unknown;weak_rule;conservative_pair_rule_v2
состояние охраны;23.10.2025 08:51:43;1;0.0;1;unknown;weak_rule;conservative_pair_rule_v2
состояние охраны;23.10.2025 14:50:14;1;0.0;1;unknown;weak_rule;conservative_pair_rule_v2
состояние охраны;23.10.2025 15:42:01;1;0.0;1;unknown;weak_rule;conservative_pair_rule_v2
состояние охраны;23.10.2025 16:15:43;1;0.0;1;unknown;weak_rule;conservative_pair_rule_v2
состояние охраны;23.10.2025 17:00:56;1;0.0;1;unknown;weak_rule;conservative_pair_rule_v2
состояние охраны;27.10.2025 15:12:33;1;0.0;1;unknown;weak_rule;conservative_pair_rule_v2
состояние охраны;27.10.2025 17:00:42;1;0.0;1;unknown;weak_rule;conservative_pair_rule_v2
состояние охраны;27.10.2025 17:08:34;1;0.0;1;unknown;weak_rule;conservative_pair_rule_v2
состояние охраны;27.10.2025 17:24:14;1;0.0;1;unknown;weak_rule;conservative_pair_rule_v2
состояние охраны;27.10.2025 21:18:27;1;0.0;1;unknown;weak_rule;conservative_pair_rule_v2
состояние охраны;28.10.2025 07:16:24;1;0.0;1;unknown;weak_rule;conservative_pair_rule_v2
состояние охраны;28.10.2025 07:59:53;1;0.0;1;unknown;weak_rule;conservative_pair_rule_v2
состояние охраны;28.10.2025 11:23:20;1;0.0;1;unknown;weak_rule;conservative_pair_rule_v2
состояние охраны;31.10.2025 16:41:36;1;0.0;1;unknown;weak_rule;conservative_pair_rule_v2
состояние охраны;31.10.2025 16:41:39;1;0.0;1;unknown;weak_rule;conservative_pair_rule_v2
состояние охраны;31.10.2025 16:55:26;1;0.0;1;unknown;weak_rule;conservative_pair_rule_v2
состояние охраны;31.10.2025 20:20:52;1;0.0;1;unknown;weak_rule;conservative_pair_rule_v2
состояние охраны;01.11.2025 07:26:58;1;0.0;1;unknown;weak_rule;conservative_pair_rule_v2
состояние охраны;01.11.2025 07:47:49;1;0.0;1;unknown;weak_rule;conservative_pair_rule_v2
состояние охраны;01.11.2025 07:47:51;1;0.0;1;unknown;weak_rule;conservative_pair_rule_v2
состояние охраны;01.11.2025 07:55:02;1;0.0;1;unknown;weak_rule;conservative_pair_rule_v2
состояние охраны;01.11.2025 08:00:12;1;0.0;1;unknown;weak_rule;conservative_pair_rule_v2
состояние охраны;01.11.2025 08:20:58;1;0.0;1;unknown;weak_rule;conservative_pair_rule_v2
состояние охраны;05.11.2025 14:38:14;1;0.0;1;unknown;weak_rule;conservative_pair_rule_v2
состояние охраны;05.11.2025 16:37:57;1;0.0;1;unknown;weak_rule;conservative_pair_rule_v2
состояние охраны;05.11.2025 16:52:42;1;0.0;1;unknown;weak_rule;conservative_pair_rule_v2
состояние охраны;05.11.2025 16:56:37;1;0.0;1;unknown;weak_rule;conservative_pair_rule_v2
состояние охраны;05.11.2025 17:00:30;1;0.0;1;unknown;weak_rule;conservative_pair_rule_v2
состояние охраны;06.11.2025 07:45:49;1;0.0;1;unknown;weak_rule;conservative_pair_rule_v2
состояние охраны;06.11.2025 08:05:33;1;0.0;1;unknown;weak_rule;conservative_pair_rule_v2
состояние охраны;13.11.2025 07:40:22;1;0.0;1;unknown;weak_rule;conservative_pair_rule_v2
состояние охраны;13.11.2025 07:42:12;1;0.0;1;unknown;weak_rule;conservative_pair_rule_v2
состояние охраны;13.11.2025 08:00:38;1;0.0;1;unknown;weak_rule;conservative_pair_rule_v2
состояние охраны;13.11.2025 08:02:08;1;0.0;1;unknown;weak_rule;conservative_pair_rule_v2
состояние охраны;13.11.2025 08:03:09;1;0.0;1;unknown;weak_rule;conservative_pair_rule_v2
состояние охраны;13.11.2025 08:14:02;1;0.0;1;unknown;weak_rule;conservative_pair_rule_v2
состояние охраны;13.11.2025 08:14:26;1;0.0;1;unknown;weak_rule;conservative_pair_rule_v2
состояние охраны;13.11.2025 09:51:21;1;0.0;1;unknown;weak_rule;conservative_pair_rule_v2
состояние охраны;13.11.2025 09:54:43;1;0.0;1;unknown;weak_rule;conservative_pair_rule_v2
состояние охраны;13.11.2025 10:50:24;1;0.0;1;unknown;weak_rule;conservative_pair_rule_v2
состояние охраны;13.11.2025 15:33:10;1;0.0;1;unknown;weak_rule;conservative_pair_rule_v2
состояние охраны;13.11.2025 16:40:30;1;0.0;1;unknown;weak_rule;conservative_pair_rule_v2
состояние охраны;13.11.2025 17:00:22;1;0.0;1;unknown;weak_rule;conservative_pair_rule_v2
состояние охраны;13.11.2025 20:02:49;1;0.0;1;unknown;weak_rule;conservative_pair_rule_v2
состояние охраны;14.11.2025 07:54:46;1;0.0;1;unknown;weak_rule;conservative_pair_rule_v2
состояние охраны;14.11.2025 08:25:36;1;0.0;1;unknown;weak_rule;conservative_pair_rule_v2
состояние охраны;14.11.2025 08:58:27;1;0.0;1;unknown;weak_rule;conservative_pair_rule_v2
состояние охраны;14.11.2025 11:01:18;1;0.0;1;unknown;weak_rule;conservative_pair_rule_v2
состояние охраны;14.11.2025 15:56:32;1;0.0;1;unknown;weak_rule;conservative_pair_rule_v2
состояние охраны;14.11.2025 16:28:55;1;0.0;1;unknown;weak_rule;conservative_pair_rule_v2
состояние охраны;18.11.2025 20:05:42;1;0.0;1;unknown;weak_rule;conservative_pair_rule_v2
состояние охраны;19.11.2025 07:54:02;1;0.0;1;unknown;weak_rule;conservative_pair_rule_v2
состояние охраны;19.11.2025 08:30:21;1;0.0;1;unknown;weak_rule;conservative_pair_rule_v2
состояние охраны;19.11.2025 13:06:52;1;0.0;1;unknown;weak_rule;conservative_pair_rule_v2
состояние охраны;19.11.2025 15:51:27;1;0.0;1;unknown;weak_rule;conservative_pair_rule_v2
состояние охраны;23.11.2025 07:55:21;1;0.0;1;unknown;weak_rule;conservative_pair_rule_v2
состояние охраны;24.11.2025 07:57:58;1;0.0;1;unknown;weak_rule;conservative_pair_rule_v2
состояние охраны;24.11.2025 08:46:26;1;0.0;1;unknown;weak_rule;conservative_pair_rule_v2
состояние охраны;24.11.2025 09:16:00;1;0.0;1;unknown;weak_rule;conservative_pair_rule_v2
состояние охраны;27.11.2025 15:23:37;1;0.0;1;unknown;weak_rule;conservative_pair_rule_v2
состояние охраны;27.11.2025 15:57:54;1;0.0;1;unknown;weak_rule;conservative_pair_rule_v2
состояние охраны;27.11.2025 17:00:58;1;0.0;1;unknown;weak_rule;conservative_pair_rule_v2
состояние охраны;28.11.2025 01:49:57;1;0.0;1;unknown;weak_rule;conservative_pair_rule_v2
состояние охраны;28.11.2025 07:42:14;1;0.0;1;unknown;weak_rule;conservative_pair_rule_v2
состояние охраны;28.11.2025 11:23:46;1;0.0;1;unknown;weak_rule;conservative_pair_rule_v2
состояние охраны;28.11.2025 12:34:00;1;0.0;1;unknown;weak_rule;conservative_pair_rule_v2
состояние охраны;28.11.2025 12:39:35;1;0.0;1;unknown;weak_rule;conservative_pair_rule_v2
состояние охраны;02.12.2025 13:26:08;1;0.0;1;unknown;weak_rule;conservative_pair_rule_v2
состояние охраны;02.12.2025 19:12:35;1;0.0;1;unknown;weak_rule;conservative_pair_rule_v2
состояние охраны;02.12.2025 19:22:53;1;0.0;1;unknown;weak_rule;conservative_pair_rule_v2
состояние охраны;05.12.2025 13:15:54;1;0.0;1;unknown;weak_rule;conservative_pair_rule_v2
состояние охраны;05.12.2025 20:07:14;1;0.0;1;unknown;weak_rule;conservative_pair_rule_v2
состояние охраны;06.12.2025 07:48:59;1;0.0;1;unknown;weak_rule;conservative_pair_rule_v2
состояние охраны;06.12.2025 08:00:29;1;0.0;1;unknown;weak_rule;conservative_pair_rule_v2
состояние охраны;09.12.2025 07:52:57;1;0.0;1;unknown;weak_rule;conservative_pair_rule_v2
состояние охраны;09.12.2025 08:05:21;1;0.0;1;unknown;weak_rule;conservative_pair_rule_v2
состояние охраны;09.12.2025 08:09:36;1;0.0;1;unknown;weak_rule;conservative_pair_rule_v2
состояние охраны;09.12.2025 14:37:54;1;0.0;1;unknown;weak_rule;conservative_pair_rule_v2
состояние охраны;09.12.2025 16:33:20;1;0.0;1;unknown;weak_rule;conservative_pair_rule_v2
состояние охраны;09.12.2025 16:33:25;1;0.0;1;unknown;weak_rule;conservative_pair_rule_v2
состояние охраны;09.12.2025 16:46:58;1;0.0;1;unknown;weak_rule;conservative_pair_rule_v2
состояние охраны;09.12.2025 23:34:21;1;0.0;1;unknown;weak_rule;conservative_pair_rule_v2
состояние охраны;15.12.2025 07:10:48;1;0.0;1;unknown;weak_rule;conservative_pair_rule_v2
состояние охраны;15.12.2025 07:24:57;1;0.0;1;unknown;weak_rule;conservative_pair_rule_v2
состояние охраны;15.12.2025 07:53:08;1;0.0;1;unknown;weak_rule;conservative_pair_rule_v2
состояние охраны;15.12.2025 07:54:43;1;0.0;1;unknown;weak_rule;conservative_pair_rule_v2
состояние охраны;19.12.2025 07:10:28;1;0.0;1;unknown;weak_rule;conservative_pair_rule_v2
состояние охраны;19.12.2025 07:42:34;1;0.0;1;unknown;weak_rule;conservative_pair_rule_v2
состояние охраны;19.12.2025 08:00:50;1;0.0;1;unknown;weak_rule;conservative_pair_rule_v2
состояние охраны;19.12.2025 08:03:21;1;0.0;1;unknown;weak_rule;conservative_pair_rule_v2
состояние охраны;19.12.2025 08:54:46;1;0.0;1;unknown;weak_rule;conservative_pair_rule_v2
состояние охраны;23.12.2025 14:54:56;1;0.0;1;unknown;weak_rule;conservative_pair_rule_v2
состояние охраны;23.12.2025 18:57:44;1;0.0;1;unknown;weak_rule;conservative_pair_rule_v2
состояние охраны;24.12.2025 07:55:47;1;0.0;1;unknown;weak_rule;conservative_pair_rule_v2
состояние охраны;24.12.2025 09:11:04;1;0.0;1;unknown;weak_rule;conservative_pair_rule_v2
состояние охраны;24.12.2025 09:16:59;1;0.0;1;unknown;weak_rule;conservative_pair_rule_v2
состояние охраны;24.12.2025 09:38:01;1;0.0;1;unknown;weak_rule;conservative_pair_rule_v2
состояние охраны;24.12.2025 11:30:53;1;0.0;1;unknown;weak_rule;conservative_pair_rule_v2
состояние охраны;31.12.2025 12:51:53;1;0.0;1;unknown;weak_rule;conservative_pair_rule_v2
состояние охраны;05.01.2025 00:22:57;1;0.0;1;unknown;weak_rule;conservative_pair_rule_v2
состояние охраны;05.01.2025 08:02:11;1;0.0;1;unknown;weak_rule;conservative_pair_rule_v2
состояние охраны;05.01.2025 08:12:29;1;0.0;1;unknown;weak_rule;conservative_pair_rule_v2
состояние охраны;05.01.2025 08:12:31;1;0.0;1;unknown;weak_rule;conservative_pair_rule_v2
состояние охраны;05.01.2025 13:22:49;1;0.0;1;unknown;weak_rule;conservative_pair_rule_v2
состояние охраны;08.01.2025 21:59:08;1;0.0;1;unknown;weak_rule;conservative_pair_rule_v2
состояние охраны;08.01.2025 22:10:09;1;0.0;1;unknown;weak_rule;conservative_pair_rule_v2
состояние охраны;09.01.2025 07:35:02;1;0.0;1;unknown;weak_rule;conservative_pair_rule_v2
состояние охраны;09.01.2025 07:53:32;1;0.0;1;unknown;weak_rule;conservative_pair_rule_v2
состояние охраны;09.01.2025 08:52:00;1;0.0;1;unknown;weak_rule;conservative_pair_rule_v2
состояние охраны;09.01.2025 09:22:43;1;0.0;1;unknown;weak_rule;conservative_pair_rule_v2
состояние охраны;09.01.2025 16:37:40;1;0.0;1;unknown;weak_rule;conservative_pair_rule_v2
состояние охраны;09.01.2025 18:17:29;1;0.0;1;unknown;weak_rule;conservative_pair_rule_v2
состояние охраны;13.01.2025 08:28:41;1;0.0;1;unknown;weak_rule;conservative_pair_rule_v2
состояние охраны;13.01.2025 08:28:43;1;0.0;1;unknown;weak_rule;conservative_pair_rule_v2
состояние охраны;13.01.2025 09:20:34;1;0.0;1;unknown;weak_rule;conservative_pair_rule_v2
состояние охраны;13.01.2025 09:50:56;1;0.0;1;unknown;weak_rule;conservative_pair_rule_v2
состояние охраны;13.01.2025 15:57:24;1;0.0;1;unknown;weak_rule;conservative_pair_rule_v2
состояние охраны;13.01.2025 17:00:25;1;0.0;1;unknown;weak_rule;conservative_pair_rule_v2
состояние охраны;13.01.2025 22:27:17;1;0.0;1;unknown;weak_rule;conservative_pair_rule_v2
состояние охраны;16.01.2025 23:03:06;1;0.0;1;unknown;weak_rule;conservative_pair_rule_v2
состояние охраны;16.01.2025 23:26:17;1;0.0;1;unknown;weak_rule;conservative_pair_rule_v2
состояние охраны;17.01.2025 01:21:15;1;0.0;1;unknown;weak_rule;conservative_pair_rule_v2
состояние охраны;17.01.2025 01:38:10;1;0.0;1;unknown;weak_rule;conservative_pair_rule_v2
состояние охраны;17.01.2025 07:31:37;1;0.0;1;unknown;weak_rule;conservative_pair_rule_v2
состояние охраны;17.01.2025 07:53:54;1;0.0;1;unknown;weak_rule;conservative_pair_rule_v2
состояние охраны;17.01.2025 07:56:56;1;0.0;1;unknown;weak_rule;conservative_pair_rule_v2
состояние охраны;20.01.2025 16:53:36;1;0.0;1;unknown;weak_rule;conservative_pair_rule_v2
состояние охраны;20.01.2025 16:53:44;1;0.0;1;unknown;weak_rule;conservative_pair_rule_v2
состояние охраны;20.01.2025 16:58:46;1;0.0;1;unknown;weak_rule;conservative_pair_rule_v2
состояние охраны;20.01.2025 18:05:27;1;0.0;1;unknown;weak_rule;conservative_pair_rule_v2
состояние охраны;20.01.2025 19:10:25;1;0.0;1;unknown;weak_rule;conservative_pair_rule_v2
состояние охраны;21.01.2025 07:44:18;1;0.0;1;unknown;weak_rule;conservative_pair_rule_v2
состояние охраны;21.01.2025 13:48:18;1;0.0;1;unknown;weak_rule;conservative_pair_rule_v2
состояние охраны;21.01.2025 16:58:48;1;0.0;1;unknown;weak_rule;conservative_pair_rule_v2
состояние охраны;21.01.2025 17:01:25;1;0.0;1;unknown;weak_rule;conservative_pair_rule_v2
состояние охраны;21.01.2025 17:30:00;1;0.0;1;unknown;weak_rule;conservative_pair_rule_v2
состояние охраны;24.01.2025 06:17:43;1;0.0;1;unknown;weak_rule;conservative_pair_rule_v2
состояние охраны;24.01.2025 08:04:02;1;0.0;1;unknown;weak_rule;conservative_pair_rule_v2
состояние охраны;24.01.2025 11:05:54;1;0.0;1;unknown;weak_rule;conservative_pair_rule_v2
состояние охраны;24.01.2025 13:32:35;1;0.0;1;unknown;weak_rule;conservative_pair_rule_v2
состояние охраны;24.01.2025 15:51:00;1;0.0;1;unknown;weak_rule;conservative_pair_rule_v2
состояние охраны;24.01.2025 16:15:37;1;0.0;1;unknown;weak_rule;conservative_pair_rule_v2
состояние охраны;24.01.2025 18:20:31;1;0.0;1;unknown;weak_rule;conservative_pair_rule_v2
состояние охраны;28.01.2025 11:04:57;1;0.0;1;unknown;weak_rule;conservative_pair_rule_v2
состояние охраны;28.01.2025 13:22:19;1;0.0;1;unknown;weak_rule;conservative_pair_rule_v2
состояние охраны;28.01.2025 17:08:37;1;0.0;1;unknown;weak_rule;conservative_pair_rule_v2
состояние охраны;28.01.2025 17:08:43;1;0.0;1;unknown;weak_rule;conservative_pair_rule_v2
состояние охраны;29.01.2025 07:11:15;1;0.0;1;unknown;weak_rule;conservative_pair_rule_v2
состояние охраны;29.01.2025 07:59:33;1;0.0;1;unknown;weak_rule;conservative_pair_rule_v2
состояние охраны;04.02.2025 07:56:46;1;0.0;1;unknown;weak_rule;conservative_pair_rule_v2
состояние охраны;04.02.2025 08:28:27;1;0.0;1;unknown;weak_rule;conservative_pair_rule_v2
состояние охраны;04.02.2025 08:47:31;1;0.0;1;unknown;weak_rule;conservative_pair_rule_v2
состояние охраны;04.02.2025 12:05:11;1;0.0;1;unknown;weak_rule;conservative_pair_rule_v2
состояние охраны;04.02.2025 14:33:06;1;0.0;1;unknown;weak_rule;conservative_pair_rule_v2
состояние охраны;04.02.2025 14:33:09;1;0.0;1;unknown;weak_rule;conservative_pair_rule_v2
состояние охраны;04.02.2025 20:20:57;1;0.0;1;unknown;weak_rule;conservative_pair_rule_v2
состояние охраны;06.02.2025 17:48:44;1;0.0;1;unknown;weak_rule;conservative_pair_rule_v2
состояние охраны;06.02.2025 19:38:11;1;0.0;1;unknown;weak_rule;conservative_pair_rule_v2
состояние охраны;12.02.2025 10:08:23;1;0.0;1;unknown;weak_rule;conservative_pair_rule_v2
состояние охраны;12.02.2025 16:17:34;1;0.0;1;unknown;weak_rule;conservative_pair_rule_v2
состояние охраны;12.02.2025 16:17:42;1;0.0;1;unknown;weak_rule;conservative_pair_rule_v2
состояние охраны;12.02.2025 16:59:51;1;0.0;1;unknown;weak_rule;conservative_pair_rule_v2
состояние охраны;12.02.2025 20:00:02;1;0.0;1;unknown;weak_rule;conservative_pair_rule_v2
состояние охраны;13.02.2025 07:31:15;1;0.0;1;unknown;weak_rule;conservative_pair_rule_v2
состояние охраны;15.02.2025 16:59:22;1;0.0;1;unknown;weak_rule;conservative_pair_rule_v2
состояние охраны;15.02.2025 20:01:01;1;0.0;1;unknown;weak_rule;conservative_pair_rule_v2
состояние охраны;16.02.2025 15:05:29;1;0.0;1;unknown;weak_rule;conservative_pair_rule_v2
состояние охраны;20.02.2025 15:16:41;1;0.0;1;unknown;weak_rule;conservative_pair_rule_v2
состояние охраны;20.02.2025 16:29:09;1;0.0;1;unknown;weak_rule;conservative_pair_rule_v2
состояние охраны;20.02.2025 16:46:10;1;0.0;1;unknown;weak_rule;conservative_pair_rule_v2
состояние охраны;20.02.2025 20:04:52;1;0.0;1;unknown;weak_rule;conservative_pair_rule_v2
состояние охраны;20.02.2025 22:09:10;1;0.0;1;unknown;weak_rule;conservative_pair_rule_v2
состояние охраны;20.02.2025 23:27:28;1;0.0;1;unknown;weak_rule;conservative_pair_rule_v2
состояние охраны;20.02.2025 23:47:14;1;0.0;1;unknown;weak_rule;conservative_pair_rule_v2
состояние охраны;21.02.2025 07:09:58;1;0.0;1;unknown;weak_rule;conservative_pair_rule_v2
состояние охраны;21.02.2025 07:33:38;1;0.0;1;unknown;weak_rule;conservative_pair_rule_v2
состояние охраны;27.02.2025 08:37:14;1;0.0;1;unknown;weak_rule;conservative_pair_rule_v2
состояние охраны;27.02.2025 11:22:45;1;0.0;1;unknown;weak_rule;conservative_pair_rule_v2
состояние охраны;27.02.2025 15:35:23;1;0.0;1;unknown;weak_rule;conservative_pair_rule_v2
состояние охраны;27.02.2025 15:40:51;1;0.0;1;unknown;weak_rule;conservative_pair_rule_v2
состояние охраны;27.02.2025 16:08:21;1;0.0;1;unknown;weak_rule;conservative_pair_rule_v2
состояние охраны;27.02.2025 16:08:33;1;0.0;1;unknown;weak_rule;conservative_pair_rule_v2
состояние охраны;27.02.2025 17:25:03;1;0.0;1;unknown;weak_rule;conservative_pair_rule_v2
состояние охраны;28.02.2025 07:27:31;1;0.0;1;unknown;weak_rule;conservative_pair_rule_v2
состояние охраны;28.02.2025 07:27:34;1;0.0;1;unknown;weak_rule;conservative_pair_rule_v2
состояние охраны;28.02.2025 08:17:55;1;0.0;1;unknown;weak_rule;conservative_pair_rule_v2
состояние охраны;03.03.2025 07:51:45;1;0.0;1;unknown;weak_rule;conservative_pair_rule_v2
состояние охраны;03.03.2025 09:19:39;1;0.0;1;unknown;weak_rule;conservative_pair_rule_v2
состояние охраны;03.03.2025 09:56:18;1;0.0;1;unknown;weak_rule;conservative_pair_rule_v2
состояние охраны;03.03.2025 11:17:05;1;0.0;1;unknown;weak_rule;conservative_pair_rule_v2
состояние охраны;03.03.2025 14:33:35;1;0.0;1;unknown;weak_rule;conservative_pair_rule_v2
состояние охраны;06.03.2025 07:15:59;1;0.0;1;unknown;weak_rule;conservative_pair_rule_v2
состояние охраны;06.03.2025 07:33:52;1;0.0;1;unknown;weak_rule;conservative_pair_rule_v2
состояние охраны;06.03.2025 07:58:19;1;0.0;1;unknown;weak_rule;conservative_pair_rule_v2
состояние охраны;06.03.2025 08:03:28;1;0.0;1;unknown;weak_rule;conservative_pair_rule_v2
состояние охраны;06.03.2025 08:52:34;1;0.0;1;unknown;weak_rule;conservative_pair_rule_v2
газовый датчик;2.20;1;0.0;1;unknown;weak_rule;conservative_pair_rule_v2
состояние охраны;06.03.2025 14:59:53;1;0.0;1;unknown;weak_rule;conservative_pair_rule_v2
состояние охраны;06.03.2025 16:12:50;1;0.0;1;unknown;weak_rule;conservative_pair_rule_v2
состояние охраны;06.03.2025 17:00:01;1;0.0;1;unknown;weak_rule;conservative_pair_rule_v2
состояние охраны;06.03.2025 20:03:56;1;0.0;1;unknown;weak_rule;conservative_pair_rule_v2
состояние охраны;06.03.2025 21:36:59;1;0.0;1;unknown;weak_rule;conservative_pair_rule_v2
состояние охраны;12.03.2025 07:38:25;1;0.0;1;unknown;weak_rule;conservative_pair_rule_v2
состояние охраны;12.03.2025 17:05:00;1;0.0;1;unknown;weak_rule;conservative_pair_rule_v2
состояние охраны;12.03.2025 20:03:18;1;0.0;1;unknown;weak_rule;conservative_pair_rule_v2
состояние охраны;15.03.2025 12:41:30;1;0.0;1;unknown;weak_rule;conservative_pair_rule_v2
состояние охраны;15.03.2025 12:59:05;1;0.0;1;unknown;weak_rule;conservative_pair_rule_v2
состояние охраны;15.03.2025 15:38:12;1;0.0;1;unknown;weak_rule;conservative_pair_rule_v2
состояние охраны;20.03.2025 08:38:35;1;0.0;1;unknown;weak_rule;conservative_pair_rule_v2
состояние охраны;20.03.2025 09:41:11;1;0.0;1;unknown;weak_rule;conservative_pair_rule_v2
состояние охраны;20.03.2025 16:09:56;1;0.0;1;unknown;weak_rule;conservative_pair_rule_v2
состояние охраны;20.03.2025 16:09:59;1;0.0;1;unknown;weak_rule;conservative_pair_rule_v2
состояние охраны;20.03.2025 16:14:10;1;0.0;1;unknown;weak_rule;conservative_pair_rule_v2
состояние охраны;20.03.2025 17:09:13;1;0.0;1;unknown;weak_rule;conservative_pair_rule_v2
состояние охраны;24.03.2025 08:05:13;1;0.0;1;unknown;weak_rule;conservative_pair_rule_v2
состояние охраны;24.03.2025 08:25:50;1;0.0;1;unknown;weak_rule;conservative_pair_rule_v2
состояние охраны;24.03.2025 17:01:52;1;0.0;1;unknown;weak_rule;conservative_pair_rule_v2
состояние охраны;24.03.2025 23:26:23;1;0.0;1;unknown;weak_rule;conservative_pair_rule_v2
состояние охраны;30.03.2025 07:28:51;1;0.0;1;unknown;weak_rule;conservative_pair_rule_v2
состояние охраны;30.03.2025 08:29:26;1;0.0;1;unknown;weak_rule;conservative_pair_rule_v2
состояние охраны;30.03.2025 17:06:14;1;0.0;1;unknown;weak_rule;conservative_pair_rule_v2
состояние охраны;30.03.2025 17:37:09;1;0.0;1;unknown;weak_rule;conservative_pair_rule_v2
состояние охраны;30.03.2025 19:50:14;1;0.0;1;unknown;weak_rule;conservative_pair_rule_v2
состояние охраны;30.03.2025 22:16:33;1;0.0;1;unknown;weak_rule;conservative_pair_rule_v2
состояние охраны;31.03.2025 08:01:05;1;0.0;1;unknown;weak_rule;conservative_pair_rule_v2
состояние охраны;31.03.2025 08:02:04;1;0.0;1;unknown;weak_rule;conservative_pair_rule_v2
состояние охраны;31.03.2025 08:34:40;1;0.0;1;unknown;weak_rule;conservative_pair_rule_v2
состояние охраны;31.03.2025 09:43:53;1;0.0;1;unknown;weak_rule;conservative_pair_rule_v2
состояние охраны;05.04.2025 07:51:23;1;0.0;1;unknown;weak_rule;conservative_pair_rule_v2
состояние охраны;05.04.2025 16:19:10;1;0.0;1;unknown;weak_rule;conservative_pair_rule_v2
состояние охраны;05.04.2025 20:17:15;1;0.0;1;unknown;weak_rule;conservative_pair_rule_v2
состояние охраны;06.04.2025 10:44:37;1;0.0;1;unknown;weak_rule;conservative_pair_rule_v2
состояние охраны;09.04.2025 07:07:40;1;0.0;1;unknown;weak_rule;conservative_pair_rule_v2
состояние охраны;09.04.2025 07:41:01;1;0.0;1;unknown;weak_rule;conservative_pair_rule_v2
состояние охраны;09.04.2025 07:58:28;1;0.0;1;unknown;weak_rule;conservative_pair_rule_v2
состояние охраны;09.04.2025 08:10:12;1;0.0;1;unknown;weak_rule;conservative_pair_rule_v2
состояние охраны;09.04.2025 19:32:05;1;0.0;1;unknown;weak_rule;conservative_pair_rule_v2
состояние охраны;09.04.2025 19:48:15;1;0.0;1;unknown;weak_rule;conservative_pair_rule_v2
состояние охраны;15.04.2025 07:47:54;1;0.0;1;unknown;weak_rule;conservative_pair_rule_v2
состояние охраны;15.04.2025 09:21:19;1;0.0;1;unknown;weak_rule;conservative_pair_rule_v2
состояние охраны;15.04.2025 13:46:02;1;0.0;1;unknown;weak_rule;conservative_pair_rule_v2
состояние охраны;15.04.2025 15:21:41;1;0.0;1;unknown;weak_rule;conservative_pair_rule_v2
состояние охраны;15.04.2025 16:15:08;1;0.0;1;unknown;weak_rule;conservative_pair_rule_v2
состояние охраны;15.04.2025 18:10:04;1;0.0;1;unknown;weak_rule;conservative_pair_rule_v2
состояние охраны;17.04.2025 07:43:13;1;0.0;1;unknown;weak_rule;conservative_pair_rule_v2
состояние охраны;17.04.2025 08:08:38;1;0.0;1;unknown;weak_rule;conservative_pair_rule_v2
состояние охраны;17.04.2025 08:10:03;1;0.0;1;unknown;weak_rule;conservative_pair_rule_v2
состояние охраны;17.04.2025 10:16:21;1;0.0;1;unknown;weak_rule;conservative_pair_rule_v2
состояние охраны;17.04.2025 14:05:48;1;0.0;1;unknown;weak_rule;conservative_pair_rule_v2
состояние охраны;17.04.2025 16:28:48;1;0.0;1;unknown;weak_rule;conservative_pair_rule_v2
состояние охраны;17.04.2025 17:00:35;1;0.0;1;unknown;weak_rule;conservative_pair_rule_v2
состояние охраны;17.04.2025 22:22:49;1;0.0;1;unknown;weak_rule;conservative_pair_rule_v2
состояние охраны;18.04.2025 07:50:52;1;0.0;1;unknown;weak_rule;conservative_pair_rule_v2
состояние охраны;18.04.2025 07:59:49;1;0.0;1;unknown;weak_rule;conservative_pair_rule_v2
состояние охраны;18.04.2025 08:00:06;1;0.0;1;unknown;weak_rule;conservative_pair_rule_v2
состояние охраны;22.04.2025 07:59:08;1;0.0;1;unknown;weak_rule;conservative_pair_rule_v2
состояние охраны;22.04.2025 13:20:56;1;0.0;1;unknown;weak_rule;conservative_pair_rule_v2
состояние охраны;22.04.2025 14:31:23;1;0.0;1;unknown;weak_rule;conservative_pair_rule_v2
состояние охраны;22.04.2025 16:22:11;1;0.0;1;unknown;weak_rule;conservative_pair_rule_v2
состояние охраны;27.04.2025 08:32:44;1;0.0;1;unknown;weak_rule;conservative_pair_rule_v2
состояние охраны;27.04.2025 17:04:06;1;0.0;1;unknown;weak_rule;conservative_pair_rule_v2
состояние охраны;27.04.2025 20:04:49;1;0.0;1;unknown;weak_rule;conservative_pair_rule_v2
состояние охраны;28.04.2025 00:04:14;1;0.0;1;unknown;weak_rule;conservative_pair_rule_v2
состояние охраны;07.05.2025 07:05:52;1;0.0;1;unknown;weak_rule;conservative_pair_rule_v2
состояние охраны;07.05.2025 08:08:28;1;0.0;1;unknown;weak_rule;conservative_pair_rule_v2
состояние охраны;07.05.2025 12:47:46;1;0.0;1;unknown;weak_rule;conservative_pair_rule_v2
состояние охраны;07.05.2025 12:48:05;1;0.0;1;unknown;weak_rule;conservative_pair_rule_v2
состояние охраны;07.05.2025 12:48:14;1;0.0;1;unknown;weak_rule;conservative_pair_rule_v2
состояние охраны;08.05.2025 07:29:11;1;0.0;1;unknown;weak_rule;conservative_pair_rule_v2
состояние охраны;12.05.2025 22:49:06;1;0.0;1;unknown;weak_rule;conservative_pair_rule_v2
состояние охраны;13.05.2025 07:16:46;1;0.0;1;unknown;weak_rule;conservative_pair_rule_v2
состояние охраны;13.05.2025 07:45:33;1;0.0;1;unknown;weak_rule;conservative_pair_rule_v2
состояние охраны;13.05.2025 07:45:36;1;0.0;1;unknown;weak_rule;conservative_pair_rule_v2
состояние охраны;13.05.2025 08:04:14;1;0.0;1;unknown;weak_rule;conservative_pair_rule_v2
состояние охраны;13.05.2025 11:01:04;1;0.0;1;unknown;weak_rule;conservative_pair_rule_v2
состояние охраны;13.05.2025 13:25:56;1;0.0;1;unknown;weak_rule;conservative_pair_rule_v2
состояние охраны;13.05.2025 14:56:02;1;0.0;1;unknown;weak_rule;conservative_pair_rule_v2
состояние охраны;19.05.2025 16:29:41;1;0.0;1;unknown;weak_rule;conservative_pair_rule_v2
состояние охраны;19.05.2025 17:00:24;1;0.0;1;unknown;weak_rule;conservative_pair_rule_v2
состояние охраны;20.05.2025 04:30:49;1;0.0;1;unknown;weak_rule;conservative_pair_rule_v2
состояние охраны;20.05.2025 07:19:12;1;0.0;1;unknown;weak_rule;conservative_pair_rule_v2
состояние охраны;20.05.2025 08:55:51;1;0.0;1;unknown;weak_rule;conservative_pair_rule_v2
состояние охраны;20.05.2025 12:35:11;1;0.0;1;unknown;weak_rule;conservative_pair_rule_v2
состояние охраны;21.05.2025 16:08:48;1;0.0;1;unknown;weak_rule;conservative_pair_rule_v2
состояние охраны;21.05.2025 23:54:14;1;0.0;1;unknown;weak_rule;conservative_pair_rule_v2
состояние охраны;22.05.2025 00:56:29;1;0.0;1;unknown;weak_rule;conservative_pair_rule_v2
состояние охраны;22.05.2025 07:34:55;1;0.0;1;unknown;weak_rule;conservative_pair_rule_v2
состояние охраны;22.05.2025 07:36:34;1;0.0;1;unknown;weak_rule;conservative_pair_rule_v2
состояние охраны;22.05.2025 07:54:19;1;0.0;1;unknown;weak_rule;conservative_pair_rule_v2
состояние охраны;22.05.2025 08:02:39;1;0.0;1;unknown;weak_rule;conservative_pair_rule_v2
состояние охраны;22.05.2025 09:06:46;1;0.0;1;unknown;weak_rule;conservative_pair_rule_v2
состояние охраны;22.05.2025 14:44:33;1;0.0;1;unknown;weak_rule;conservative_pair_rule_v2
состояние охраны;22.05.2025 17:00:08;1;0.0;1;unknown;weak_rule;conservative_pair_rule_v2
состояние охраны;27.05.2025 08:37:13;1;0.0;1;unknown;weak_rule;conservative_pair_rule_v2
состояние охраны;27.05.2025 11:39:00;1;0.0;1;unknown;weak_rule;conservative_pair_rule_v2
состояние охраны;27.05.2025 13:45:58;1;0.0;1;unknown;weak_rule;conservative_pair_rule_v2
состояние охраны;27.05.2025 15:51:44;1;0.0;1;unknown;weak_rule;conservative_pair_rule_v2
состояние охраны;27.05.2025 17:01:56;1;0.0;1;unknown;weak_rule;conservative_pair_rule_v2
состояние охраны;27.05.2025 18:48:03;1;0.0;1;unknown;weak_rule;conservative_pair_rule_v2
состояние охраны;28.05.2025 03:16:16;1;0.0;1;unknown;weak_rule;conservative_pair_rule_v2
состояние охраны;28.05.2025 04:09:02;1;0.0;1;unknown;weak_rule;conservative_pair_rule_v2
состояние охраны;01.06.2025 07:28:57;1;0.0;1;unknown;weak_rule;conservative_pair_rule_v2
состояние охраны;01.06.2025 13:57:30;1;0.0;1;unknown;weak_rule;conservative_pair_rule_v2
состояние охраны;01.06.2025 15:49:16;1;0.0;1;unknown;weak_rule;conservative_pair_rule_v2
состояние охраны;01.06.2025 15:59:28;1;0.0;1;unknown;weak_rule;conservative_pair_rule_v2
состояние охраны;01.06.2025 15:59:48;1;0.0;1;unknown;weak_rule;conservative_pair_rule_v2
состояние охраны;05.06.2025 07:58:48;1;0.0;1;unknown;weak_rule;conservative_pair_rule_v2
состояние охраны;05.06.2025 14:53:18;1;0.0;1;unknown;weak_rule;conservative_pair_rule_v2
состояние охраны;06.06.2025 00:11:06;1;0.0;1;unknown;weak_rule;conservative_pair_rule_v2
состояние охраны;06.06.2025 07:32:54;1;0.0;1;unknown;weak_rule;conservative_pair_rule_v2
состояние охраны;06.06.2025 07:59:14;1;0.0;1;unknown;weak_rule;conservative_pair_rule_v2
состояние охраны;06.06.2025 08:05:47;1;0.0;1;unknown;weak_rule;conservative_pair_rule_v2
состояние охраны;08.06.2025 06:54:35;1;0.0;1;unknown;weak_rule;conservative_pair_rule_v2
состояние охраны;08.06.2025 20:12:14;1;0.0;1;unknown;weak_rule;conservative_pair_rule_v2
состояние охраны;08.06.2025 20:26:17;1;0.0;1;unknown;weak_rule;conservative_pair_rule_v2
состояние охраны;12.06.2025 01:06:59;1;0.0;1;unknown;weak_rule;conservative_pair_rule_v2
состояние охраны;12.06.2025 01:07:01;1;0.0;1;unknown;weak_rule;conservative_pair_rule_v2
состояние охраны;12.06.2025 07:59:45;1;0.0;1;unknown;weak_rule;conservative_pair_rule_v2
состояние охраны;12.06.2025 08:49:27;1;0.0;1;unknown;weak_rule;conservative_pair_rule_v2
состояние охраны;16.06.2025 17:10:18;1;0.0;1;unknown;weak_rule;conservative_pair_rule_v2
состояние охраны;16.06.2025 23:01:33;1;0.0;1;unknown;weak_rule;conservative_pair_rule_v2
состояние охраны;17.06.2025 01:03:32;1;0.0;1;unknown;weak_rule;conservative_pair_rule_v2
состояние охраны;17.06.2025 01:43:29;1;0.0;1;unknown;weak_rule;conservative_pair_rule_v2
состояние охраны;17.06.2025 07:44:25;1;0.0;1;unknown;weak_rule;conservative_pair_rule_v2
состояние охраны;17.06.2025 07:59:40;1;0.0;1;unknown;weak_rule;conservative_pair_rule_v2
состояние охраны;17.06.2025 09:18:30;1;0.0;1;unknown;weak_rule;conservative_pair_rule_v2
состояние охраны;20.06.2025 07:57:56;1;0.0;1;unknown;weak_rule;conservative_pair_rule_v2
состояние охраны;20.06.2025 15:45:37;1;0.0;1;unknown;weak_rule;conservative_pair_rule_v2
состояние охраны;20.06.2025 16:48:13;1;0.0;1;unknown;weak_rule;conservative_pair_rule_v2
состояние охраны;20.06.2025 17:02:43;1;0.0;1;unknown;weak_rule;conservative_pair_rule_v2
состояние охраны;24.06.2025 04:18:48;1;0.0;1;unknown;weak_rule;conservative_pair_rule_v2
состояние охраны;24.06.2025 04:25:40;1;0.0;1;unknown;weak_rule;conservative_pair_rule_v2
состояние охраны;24.06.2025 04:26:40;1;0.0;1;unknown;weak_rule;conservative_pair_rule_v2
состояние охраны;24.06.2025 04:46:46;1;0.0;1;unknown;weak_rule;conservative_pair_rule_v2
состояние охраны;24.06.2025 07:30:31;1;0.0;1;unknown;weak_rule;conservative_pair_rule_v2
состояние охраны;24.06.2025 08:04:38;1;0.0;1;unknown;weak_rule;conservative_pair_rule_v2
состояние охраны;24.06.2025 08:58:03;1;0.0;1;unknown;weak_rule;conservative_pair_rule_v2
состояние охраны;24.06.2025 16:04:21;1;0.0;1;unknown;weak_rule;conservative_pair_rule_v2
состояние охраны;24.06.2025 16:49:29;1;0.0;1;unknown;weak_rule;conservative_pair_rule_v2
состояние охраны;24.06.2025 17:03:18;1;0.0;1;unknown;weak_rule;conservative_pair_rule_v2
состояние охраны;24.06.2025 22:31:37;1;0.0;1;unknown;weak_rule;conservative_pair_rule_v2
состояние охраны;28.06.2025 01:27:53;1;0.0;1;unknown;weak_rule;conservative_pair_rule_v2
состояние охраны;28.06.2025 14:41:17;1;0.0;1;unknown;weak_rule;conservative_pair_rule_v2
состояние охраны;28.06.2025 23:08:56;1;0.0;1;unknown;weak_rule;conservative_pair_rule_v2
состояние охраны;28.06.2025 23:09:25;1;0.0;1;unknown;weak_rule;conservative_pair_rule_v2
состояние охраны;29.06.2025 00:14:57;1;0.0;1;unknown;weak_rule;conservative_pair_rule_v2
состояние охраны;04.07.2025 12:22:16;1;0.0;1;unknown;weak_rule;conservative_pair_rule_v2
состояние охраны;04.07.2025 15:49:15;1;0.0;1;unknown;weak_rule;conservative_pair_rule_v2
состояние охраны;04.07.2025 15:49:18;1;0.0;1;unknown;weak_rule;conservative_pair_rule_v2
состояние охраны;04.07.2025 17:00:36;1;0.0;1;unknown;weak_rule;conservative_pair_rule_v2
состояние охраны;04.07.2025 17:03:22;1;0.0;1;unknown;weak_rule;conservative_pair_rule_v2
состояние охраны;04.07.2025 17:48:11;1;0.0;1;unknown;weak_rule;conservative_pair_rule_v2
состояние охраны;05.07.2025 07:45:28;1;0.0;1;unknown;weak_rule;conservative_pair_rule_v2
состояние охраны;05.07.2025 08:45:53;1;0.0;1;unknown;weak_rule;conservative_pair_rule_v2
состояние охраны;05.07.2025 11:40:24;1;0.0;1;unknown;weak_rule;conservative_pair_rule_v2
состояние охраны;06.07.2025 17:27:15;1;0.0;1;unknown;weak_rule;conservative_pair_rule_v2
состояние охраны;07.07.2025 07:14:34;1;0.0;1;unknown;weak_rule;conservative_pair_rule_v2
состояние охраны;07.07.2025 07:33:53;1;0.0;1;unknown;weak_rule;conservative_pair_rule_v2
состояние охраны;07.07.2025 07:56:52;1;0.0;1;unknown;weak_rule;conservative_pair_rule_v2
состояние охраны;07.07.2025 08:00:12;1;0.0;1;unknown;weak_rule;conservative_pair_rule_v2
состояние охраны;07.07.2025 08:54:13;1;0.0;1;unknown;weak_rule;conservative_pair_rule_v2
состояние охраны;07.07.2025 12:16:31;1;0.0;1;unknown;weak_rule;conservative_pair_rule_v2
состояние охраны;07.07.2025 14:22:51;1;0.0;1;unknown;weak_rule;conservative_pair_rule_v2
состояние охраны;07.07.2025 16:13:39;1;0.0;1;unknown;weak_rule;conservative_pair_rule_v2
состояние охраны;07.07.2025 16:38:05;1;0.0;1;unknown;weak_rule;conservative_pair_rule_v2
состояние охраны;07.07.2025 16:38:08;1;0.0;1;unknown;weak_rule;conservative_pair_rule_v2
состояние охраны;11.07.2025 07:56:53;1;0.0;1;unknown;weak_rule;conservative_pair_rule_v2
состояние охраны;11.07.2025 18:57:38;1;0.0;1;unknown;weak_rule;conservative_pair_rule_v2
состояние охраны;14.07.2025 07:27:54;1;0.0;1;unknown;weak_rule;conservative_pair_rule_v2
состояние охраны;14.07.2025 08:03:43;1;0.0;1;unknown;weak_rule;conservative_pair_rule_v2
состояние охраны;14.07.2025 08:33:45;1;0.0;1;unknown;weak_rule;conservative_pair_rule_v2
состояние охраны;14.07.2025 15:38:01;1;0.0;1;unknown;weak_rule;conservative_pair_rule_v2
состояние охраны;14.07.2025 16:13:53;1;0.0;1;unknown;weak_rule;conservative_pair_rule_v2
состояние охраны;14.07.2025 16:45:51;1;0.0;1;unknown;weak_rule;conservative_pair_rule_v2
состояние охраны;14.07.2025 17:19:43;1;0.0;1;unknown;weak_rule;conservative_pair_rule_v2
состояние охраны;14.07.2025 21:23:43;1;0.0;1;unknown;weak_rule;conservative_pair_rule_v2
состояние охраны;14.07.2025 21:55:56;1;0.0;1;unknown;weak_rule;conservative_pair_rule_v2
состояние охраны;14.07.2025 23:01:22;1;0.0;1;unknown;weak_rule;conservative_pair_rule_v2
состояние охраны;18.07.2025 15:58:51;1;0.0;1;unknown;weak_rule;conservative_pair_rule_v2
состояние охраны;23.07.2025 08:02:28;1;0.0;1;unknown;weak_rule;conservative_pair_rule_v2
состояние охраны;23.07.2025 08:38:18;1;0.0;1;unknown;weak_rule;conservative_pair_rule_v2
состояние охраны;23.07.2025 12:11:47;1;0.0;1;unknown;weak_rule;conservative_pair_rule_v2
состояние охраны;23.07.2025 12:26:59;1;0.0;1;unknown;weak_rule;conservative_pair_rule_v2
состояние охраны;23.07.2025 21:58:13;1;0.0;1;unknown;weak_rule;conservative_pair_rule_v2
состояние охраны;25.07.2025 21:09:16;1;0.0;1;unknown;weak_rule;conservative_pair_rule_v2
состояние охраны;26.07.2025 07:41:56;1;0.0;1;unknown;weak_rule;conservative_pair_rule_v2
состояние охраны;26.07.2025 10:29:32;1;0.0;1;unknown;weak_rule;conservative_pair_rule_v2
состояние охраны;26.07.2025 13:07:50;1;0.0;1;unknown;weak_rule;conservative_pair_rule_v2
состояние охраны;26.07.2025 16:25:02;1;0.0;1;unknown;weak_rule;conservative_pair_rule_v2
состояние охраны;29.07.2025 21:23:01;1;0.0;1;unknown;weak_rule;conservative_pair_rule_v2
состояние охраны;29.07.2025 21:39:31;1;0.0;1;unknown;weak_rule;conservative_pair_rule_v2
состояние охраны;30.07.2025 07:52:32;1;0.0;1;unknown;weak_rule;conservative_pair_rule_v2
состояние охраны;30.07.2025 08:07:26;1;0.0;1;unknown;weak_rule;conservative_pair_rule_v2
состояние охраны;30.07.2025 15:49:17;1;0.0;1;unknown;weak_rule;conservative_pair_rule_v2
состояние охраны;01.08.2025 12:39:52;1;0.0;1;unknown;weak_rule;conservative_pair_rule_v2
состояние охраны;01.08.2025 17:21:17;1;0.0;1;unknown;weak_rule;conservative_pair_rule_v2
состояние охраны;01.08.2025 22:24:45;1;0.0;1;unknown;weak_rule;conservative_pair_rule_v2
состояние охраны;02.08.2025 01:17:59;1;0.0;1;unknown;weak_rule;conservative_pair_rule_v2
состояние охраны;02.08.2025 07:29:47;1;0.0;1;unknown;weak_rule;conservative_pair_rule_v2
состояние охраны;05.08.2025 20:01:49;1;0.0;1;unknown;weak_rule;conservative_pair_rule_v2
состояние охраны;06.08.2025 08:01:16;1;0.0;1;unknown;weak_rule;conservative_pair_rule_v2
состояние охраны;06.08.2025 13:16:50;1;0.0;1;unknown;weak_rule;conservative_pair_rule_v2
состояние охраны;09.08.2025 14:22:22;1;0.0;1;unknown;weak_rule;conservative_pair_rule_v2
состояние охраны;10.08.2025 08:07:37;1;0.0;1;unknown;weak_rule;conservative_pair_rule_v2
состояние охраны;10.08.2025 09:19:49;1;0.0;1;unknown;weak_rule;conservative_pair_rule_v2
состояние охраны;12.08.2025 07:31:00;1;0.0;1;unknown;weak_rule;conservative_pair_rule_v2
состояние охраны;12.08.2025 07:55:27;1;0.0;1;unknown;weak_rule;conservative_pair_rule_v2
состояние охраны;12.08.2025 08:00:38;1;0.0;1;unknown;weak_rule;conservative_pair_rule_v2
состояние охраны;12.08.2025 15:57:56;1;0.0;1;unknown;weak_rule;conservative_pair_rule_v2
состояние охраны;12.08.2025 15:59:02;1;0.0;1;unknown;weak_rule;conservative_pair_rule_v2
состояние охраны;12.08.2025 16:38:53;1;0.0;1;unknown;weak_rule;conservative_pair_rule_v2
состояние охраны;12.08.2025 17:04:11;1;0.0;1;unknown;weak_rule;conservative_pair_rule_v2
состояние охраны;18.08.2025 07:19:26;1;0.0;1;unknown;weak_rule;conservative_pair_rule_v2
состояние охраны;18.08.2025 07:30:44;1;0.0;1;unknown;weak_rule;conservative_pair_rule_v2
состояние охраны;18.08.2025 08:10:02;1;0.0;1;unknown;weak_rule;conservative_pair_rule_v2
состояние охраны;21.08.2025 07:50:05;1;0.0;1;unknown;weak_rule;conservative_pair_rule_v2
состояние охраны;21.08.2025 08:02:03;1;0.0;1;unknown;weak_rule;conservative_pair_rule_v2
состояние охраны;21.08.2025 09:55:44;1;0.0;1;unknown;weak_rule;conservative_pair_rule_v2
состояние охраны;21.08.2025 11:33:46;1;0.0;1;unknown;weak_rule;conservative_pair_rule_v2
состояние охраны;21.08.2025 15:16:33;1;0.0;1;unknown;weak_rule;conservative_pair_rule_v2
состояние охраны;21.08.2025 16:39:50;1;0.0;1;unknown;weak_rule;conservative_pair_rule_v2
состояние охраны;21.08.2025 17:03:36;1;0.0;1;unknown;weak_rule;conservative_pair_rule_v2
состояние охраны;28.08.2025 20:01:21;1;0.0;1;unknown;weak_rule;conservative_pair_rule_v2
состояние охраны;29.08.2025 07:37:09;1;0.0;1;unknown;weak_rule;conservative_pair_rule_v2
состояние охраны;29.08.2025 07:58:13;1;0.0;1;unknown;weak_rule;conservative_pair_rule_v2
состояние охраны;29.08.2025 08:55:53;1;0.0;1;unknown;weak_rule;conservative_pair_rule_v2
состояние охраны;29.08.2025 13:10:43;1;0.0;1;unknown;weak_rule;conservative_pair_rule_v2
состояние охраны;01.09.2025 20:01:21;1;0.0;1;unknown;weak_rule;conservative_pair_rule_v2
состояние охраны;01.09.2025 23:05:57;1;0.0;1;unknown;weak_rule;conservative_pair_rule_v2
состояние охраны;01.09.2025 23:09:41;1;0.0;1;unknown;weak_rule;conservative_pair_rule_v2
состояние охраны;02.09.2025 07:18:04;1;0.0;1;unknown;weak_rule;conservative_pair_rule_v2
состояние охраны;02.09.2025 07:57:24;1;0.0;1;unknown;weak_rule;conservative_pair_rule_v2
состояние охраны;02.09.2025 07:59:42;1;0.0;1;unknown;weak_rule;conservative_pair_rule_v2
состояние охраны;02.09.2025 08:17:00;1;0.0;1;unknown;weak_rule;conservative_pair_rule_v2
состояние охраны;02.09.2025 08:31:46;1;0.0;1;unknown;weak_rule;conservative_pair_rule_v2
состояние охраны;02.09.2025 12:21:08;1;0.0;1;unknown;weak_rule;conservative_pair_rule_v2
состояние охраны;02.09.2025 12:25:03;1;0.0;1;unknown;weak_rule;conservative_pair_rule_v2
состояние охраны;02.09.2025 15:20:53;1;0.0;1;unknown;weak_rule;conservative_pair_rule_v2
состояние охраны;02.09.2025 16:43:54;1;0.0;1;unknown;weak_rule;conservative_pair_rule_v2
состояние охраны;02.09.2025 16:44:01;1;0.0;1;unknown;weak_rule;conservative_pair_rule_v2
состояние охраны;04.09.2025 17:01:03;1;0.0;1;unknown;weak_rule;conservative_pair_rule_v2
состояние охраны;05.09.2025 07:48:28;1;0.0;1;unknown;weak_rule;conservative_pair_rule_v2
состояние охраны;05.09.2025 07:58:20;1;0.0;1;unknown;weak_rule;conservative_pair_rule_v2
состояние охраны;08.09.2025 09:03:15;1;0.0;1;unknown;weak_rule;conservative_pair_rule_v2
состояние охраны;08.09.2025 09:13:20;1;0.0;1;unknown;weak_rule;conservative_pair_rule_v2
состояние охраны;08.09.2025 15:50:10;1;0.0;1;unknown;weak_rule;conservative_pair_rule_v2
состояние охраны;08.09.2025 16:15:02;1;0.0;1;unknown;weak_rule;conservative_pair_rule_v2
состояние охраны;12.09.2025 07:33:31;1;0.0;1;unknown;weak_rule;conservative_pair_rule_v2
состояние охраны;12.09.2025 07:54:07;1;0.0;1;unknown;weak_rule;conservative_pair_rule_v2
состояние охраны;12.09.2025 15:22:30;1;0.0;1;unknown;weak_rule;conservative_pair_rule_v2
состояние охраны;12.09.2025 20:12:27;1;0.0;1;unknown;weak_rule;conservative_pair_rule_v2
состояние охраны;14.09.2025 11:06:16;1;0.0;1;unknown;weak_rule;conservative_pair_rule_v2
состояние охраны;18.09.2025 08:18:38;1;0.0;1;unknown;weak_rule;conservative_pair_rule_v2
состояние охраны;18.09.2025 13:14:28;1;0.0;1;unknown;weak_rule;conservative_pair_rule_v2
состояние охраны;18.09.2025 15:57:54;1;0.0;1;unknown;weak_rule;conservative_pair_rule_v2
состояние охраны;18.09.2025 18:13:30;1;0.0;1;unknown;weak_rule;conservative_pair_rule_v2
состояние охраны;23.09.2025 07:16:19;1;0.0;1;unknown;weak_rule;conservative_pair_rule_v2
состояние охраны;23.09.2025 07:32:12;1;0.0;1;unknown;weak_rule;conservative_pair_rule_v2
состояние охраны;23.09.2025 08:14:42;1;0.0;1;unknown;weak_rule;conservative_pair_rule_v2
состояние охраны;27.09.2025 10:13:33;1;0.0;1;unknown;weak_rule;conservative_pair_rule_v2
состояние охраны;27.09.2025 13:37:42;1;0.0;1;unknown;weak_rule;conservative_pair_rule_v2
состояние охраны;27.09.2025 21:14:43;1;0.0;1;unknown;weak_rule;conservative_pair_rule_v2
состояние охраны;28.09.2025 00:04:00;1;0.0;1;unknown;weak_rule;conservative_pair_rule_v2
состояние охраны;28.09.2025 08:01:26;1;0.0;1;unknown;weak_rule;conservative_pair_rule_v2
состояние охраны;28.09.2025 08:37:21;1;0.0;1;unknown;weak_rule;conservative_pair_rule_v2
состояние охраны;28.09.2025 08:43:09;1;0.0;1;unknown;weak_rule;conservative_pair_rule_v2
состояние охраны;29.09.2025 16:44:49;1;0.0;1;unknown;weak_rule;conservative_pair_rule_v2
состояние охраны;29.09.2025 17:07:53;1;0.0;1;unknown;weak_rule;conservative_pair_rule_v2
состояние охраны;29.09.2025 17:20:52;1;0.0;1;unknown;weak_rule;conservative_pair_rule_v2
состояние охраны;29.09.2025 19:15:27;1;0.0;1;unknown;weak_rule;conservative_pair_rule_v2
состояние охраны;29.09.2025 19:15:33;1;0.0;1;unknown;weak_rule;conservative_pair_rule_v2
состояние охраны;29.09.2025 19:17:22;1;0.0;1;unknown;weak_rule;conservative_pair_rule_v2
состояние охраны;29.09.2025 19:37:43;1;0.0;1;unknown;weak_rule;conservative_pair_rule_v2
состояние охраны;29.09.2025 20:05:33;1;0.0;1;unknown;weak_rule;conservative_pair_rule_v2
состояние охраны;29.09.2025 21:23:40;1;0.0;1;unknown;weak_rule;conservative_pair_rule_v2
состояние охраны;29.09.2025 21:40:44;1;0.0;1;unknown;weak_rule;conservative_pair_rule_v2
состояние охраны;29.09.2025 22:32:23;1;0.0;1;unknown;weak_rule;conservative_pair_rule_v2
состояние охраны;29.09.2025 23:06:40;1;0.0;1;unknown;weak_rule;conservative_pair_rule_v2
состояние охраны;30.09.2025 07:10:35;1;0.0;1;unknown;weak_rule;conservative_pair_rule_v2
состояние охраны;30.09.2025 08:24:59;1;0.0;1;unknown;weak_rule;conservative_pair_rule_v2
состояние охраны;05.10.2025 20:03:45;1;0.0;1;unknown;weak_rule;conservative_pair_rule_v2
состояние охраны;09.10.2025 08:13:21;1;0.0;1;unknown;weak_rule;conservative_pair_rule_v2
состояние охраны;09.10.2025 09:21:56;1;0.0;1;unknown;weak_rule;conservative_pair_rule_v2
состояние охраны;09.10.2025 09:30:55;1;0.0;1;unknown;weak_rule;conservative_pair_rule_v2
состояние охраны;09.10.2025 13:04:17;1;0.0;1;unknown;weak_rule;conservative_pair_rule_v2
состояние охраны;09.10.2025 16:01:44;1;0.0;1;unknown;weak_rule;conservative_pair_rule_v2
состояние охраны;09.10.2025 16:19:35;1;0.0;1;unknown;weak_rule;conservative_pair_rule_v2
состояние охраны;09.10.2025 16:48:36;1;0.0;1;unknown;weak_rule;conservative_pair_rule_v2
состояние охраны;12.10.2025 08:00:12;1;0.0;1;unknown;weak_rule;conservative_pair_rule_v2
состояние охраны;12.10.2025 09:19:10;1;0.0;1;unknown;weak_rule;conservative_pair_rule_v2
состояние охраны;12.10.2025 12:00:58;1;0.0;1;unknown;weak_rule;conservative_pair_rule_v2
состояние охраны;17.10.2025 14:57:58;1;0.0;1;unknown;weak_rule;conservative_pair_rule_v2
состояние охраны;17.10.2025 14:58:06;1;0.0;1;unknown;weak_rule;conservative_pair_rule_v2
состояние охраны;17.10.2025 17:49:02;1;0.0;1;unknown;weak_rule;conservative_pair_rule_v2
состояние охраны;17.10.2025 21:31:31;1;0.0;1;unknown;weak_rule;conservative_pair_rule_v2
состояние охраны;17.10.2025 21:35:47;1;0.0;1;unknown;weak_rule;conservative_pair_rule_v2
состояние охраны;18.10.2025 12:55:18;1;0.0;1;unknown;weak_rule;conservative_pair_rule_v2
состояние охраны;21.10.2025 07:49:01;1;0.0;1;unknown;weak_rule;conservative_pair_rule_v2
состояние охраны;21.10.2025 07:54:53;1;0.0;1;unknown;weak_rule;conservative_pair_rule_v2
состояние охраны;21.10.2025 08:02:22;1;0.0;1;unknown;weak_rule;conservative_pair_rule_v2
состояние охраны;21.10.2025 08:19:02;1;0.0;1;unknown;weak_rule;conservative_pair_rule_v2
состояние охраны;21.10.2025 10:28:15;1;0.0;1;unknown;weak_rule;conservative_pair_rule_v2
состояние охраны;21.10.2025 14:26:40;1;0.0;1;unknown;weak_rule;conservative_pair_rule_v2
состояние охраны;21.10.2025 15:55:25;1;0.0;1;unknown;weak_rule;conservative_pair_rule_v2
состояние охраны;21.10.2025 16:47:44;1;0.0;1;unknown;weak_rule;conservative_pair_rule_v2
состояние охраны;26.10.2025 08:03:49;1;0.0;1;unknown;weak_rule;conservative_pair_rule_v2
состояние охраны;26.10.2025 19:32:04;1;0.0;1;unknown;weak_rule;conservative_pair_rule_v2
состояние охраны;27.10.2025 07:20:16;1;0.0;1;unknown;weak_rule;conservative_pair_rule_v2
состояние охраны;27.10.2025 08:02:24;1;0.0;1;unknown;weak_rule;conservative_pair_rule_v2
состояние охраны;27.10.2025 10:37:29;1;0.0;1;unknown;weak_rule;conservative_pair_rule_v2
состояние охраны;28.10.2025 16:38:16;1;0.0;1;unknown;weak_rule;conservative_pair_rule_v2
состояние охраны;28.10.2025 16:38:20;1;0.0;1;unknown;weak_rule;conservative_pair_rule_v2
состояние охраны;28.10.2025 16:50:30;1;0.0;1;unknown;weak_rule;conservative_pair_rule_v2
состояние охраны;28.10.2025 17:21:08;1;0.0;1;unknown;weak_rule;conservative_pair_rule_v2
состояние охраны;28.10.2025 22:55:52;1;0.0;1;unknown;weak_rule;conservative_pair_rule_v2
состояние охраны;28.10.2025 23:10:02;1;0.0;1;unknown;weak_rule;conservative_pair_rule_v2
состояние охраны;29.10.2025 07:35:25;1;0.0;1;unknown;weak_rule;conservative_pair_rule_v2
состояние охраны;29.10.2025 08:04:27;1;0.0;1;unknown;weak_rule;conservative_pair_rule_v2
состояние охраны;29.10.2025 09:10:41;1;0.0;1;unknown;weak_rule;conservative_pair_rule_v2
состояние охраны;03.11.2025 08:03:24;1;0.0;1;unknown;weak_rule;conservative_pair_rule_v2
состояние охраны;03.11.2025 08:29:18;1;0.0;1;unknown;weak_rule;conservative_pair_rule_v2
состояние охраны;04.11.2025 07:30:33;1;0.0;1;unknown;weak_rule;conservative_pair_rule_v2
состояние охраны;06.11.2025 16:39:00;1;0.0;1;unknown;weak_rule;conservative_pair_rule_v2
состояние охраны;06.11.2025 16:53:11;1;0.0;1;unknown;weak_rule;conservative_pair_rule_v2
состояние охраны;06.11.2025 16:53:19;1;0.0;1;unknown;weak_rule;conservative_pair_rule_v2
состояние охраны;06.11.2025 17:00:37;1;0.0;1;unknown;weak_rule;conservative_pair_rule_v2
состояние охраны;06.11.2025 18:33:26;1;0.0;1;unknown;weak_rule;conservative_pair_rule_v2
состояние охраны;06.11.2025 20:03:54;1;0.0;1;unknown;weak_rule;conservative_pair_rule_v2
состояние охраны;07.11.2025 08:06:47;1;0.0;1;unknown;weak_rule;conservative_pair_rule_v2
состояние охраны;07.11.2025 12:49:38;1;0.0;1;unknown;weak_rule;conservative_pair_rule_v2
состояние охраны;07.11.2025 15:59:04;1;0.0;1;unknown;weak_rule;conservative_pair_rule_v2
состояние охраны;17.11.2025 16:52:04;1;0.0;1;unknown;weak_rule;conservative_pair_rule_v2
состояние охраны;17.11.2025 20:02:28;1;0.0;1;unknown;weak_rule;conservative_pair_rule_v2
состояние охраны;17.11.2025 20:49:14;1;0.0;1;unknown;weak_rule;conservative_pair_rule_v2
состояние охраны;17.11.2025 21:20:29;1;0.0;1;unknown;weak_rule;conservative_pair_rule_v2
состояние охраны;17.11.2025 21:50:56;1;0.0;1;unknown;weak_rule;conservative_pair_rule_v2
состояние охраны;18.11.2025 07:44:55;1;0.0;1;unknown;weak_rule;conservative_pair_rule_v2
состояние охраны;18.11.2025 08:09:47;1;0.0;1;unknown;weak_rule;conservative_pair_rule_v2
состояние охраны;18.11.2025 08:22:15;1;0.0;1;unknown;weak_rule;conservative_pair_rule_v2
состояние охраны;18.11.2025 08:46:12;1;0.0;1;unknown;weak_rule;conservative_pair_rule_v2
состояние охраны;20.11.2025 20:08:39;1;0.0;1;unknown;weak_rule;conservative_pair_rule_v2
состояние охраны;21.11.2025 12:26:41;1;0.0;1;unknown;weak_rule;conservative_pair_rule_v2
состояние охраны;21.11.2025 16:27:01;1;0.0;1;unknown;weak_rule;conservative_pair_rule_v2
состояние охраны;21.11.2025 17:01:04;1;0.0;1;unknown;weak_rule;conservative_pair_rule_v2
состояние охраны;24.11.2025 15:27:26;1;0.0;1;unknown;weak_rule;conservative_pair_rule_v2
состояние охраны;24.11.2025 16:37:51;1;0.0;1;unknown;weak_rule;conservative_pair_rule_v2
состояние охраны;24.11.2025 23:20:04;1;0.0;1;unknown;weak_rule;conservative_pair_rule_v2
состояние охраны;24.11.2025 23:44:59;1;0.0;1;unknown;weak_rule;conservative_pair_rule_v2
состояние охраны;25.11.2025 07:16:53;1;0.0;1;unknown;weak_rule;conservative_pair_rule_v2
состояние охраны;25.11.2025 07:58:12;1;0.0;1;unknown;weak_rule;conservative_pair_rule_v2
состояние охраны;25.11.2025 07:58:46;1;0.0;1;unknown;weak_rule;conservative_pair_rule_v2
состояние охраны;25.11.2025 07:59:55;1;0.0;1;unknown;weak_rule;conservative_pair_rule_v2
состояние охраны;25.11.2025 07:59:57;1;0.0;1;unknown;weak_rule;conservative_pair_rule_v2
состояние охраны;25.11.2025 08:04:08;1;0.0;1;unknown;weak_rule;conservative_pair_rule_v2
датчик температуры;-3276;1;0.0;1;unknown;weak_rule;conservative_pair_rule_v2
состояние охраны;28.11.2025 16:31:48;1;0.0;1;unknown;weak_rule;conservative_pair_rule_v2
состояние охраны;28.11.2025 17:06:44;1;0.0;1;unknown;weak_rule;conservative_pair_rule_v2
состояние охраны;28.11.2025 17:41:25;1;0.0;1;unknown;weak_rule;conservative_pair_rule_v2
состояние охраны;29.11.2025 07:57:12;1;0.0;1;unknown;weak_rule;conservative_pair_rule_v2
состояние охраны;29.11.2025 16:08:46;1;0.0;1;unknown;weak_rule;conservative_pair_rule_v2
состояние охраны;29.11.2025 16:45:41;1;0.0;1;unknown;weak_rule;conservative_pair_rule_v2
состояние охраны;04.12.2025 13:32:33;1;0.0;1;unknown;weak_rule;conservative_pair_rule_v2
состояние охраны;08.12.2025 07:51:13;1;0.0;1;unknown;weak_rule;conservative_pair_rule_v2
состояние охраны;08.12.2025 08:01:19;1;0.0;1;unknown;weak_rule;conservative_pair_rule_v2
состояние охраны;08.12.2025 08:03:36;1;0.0;1;unknown;weak_rule;conservative_pair_rule_v2
состояние охраны;08.12.2025 08:04:33;1;0.0;1;unknown;weak_rule;conservative_pair_rule_v2
состояние охраны;08.12.2025 14:15:23;1;0.0;1;unknown;weak_rule;conservative_pair_rule_v2
состояние охраны;08.12.2025 16:48:58;1;0.0;1;unknown;weak_rule;conservative_pair_rule_v2
состояние охраны;08.12.2025 18:42:51;1;0.0;1;unknown;weak_rule;conservative_pair_rule_v2
состояние охраны;08.12.2025 20:07:56;1;0.0;1;unknown;weak_rule;conservative_pair_rule_v2
состояние охраны;08.12.2025 22:55:34;1;0.0;1;unknown;weak_rule;conservative_pair_rule_v2
состояние охраны;12.12.2025 08:19:36;1;0.0;1;unknown;weak_rule;conservative_pair_rule_v2
состояние охраны;12.12.2025 16:24:23;1;0.0;1;unknown;weak_rule;conservative_pair_rule_v2
состояние охраны;12.12.2025 17:06:30;1;0.0;1;unknown;weak_rule;conservative_pair_rule_v2
состояние охраны;12.12.2025 21:12:04;1;0.0;1;unknown;weak_rule;conservative_pair_rule_v2
состояние охраны;15.12.2025 12:50:44;1;0.0;1;unknown;weak_rule;conservative_pair_rule_v2
состояние охраны;15.12.2025 16:43:59;1;0.0;1;unknown;weak_rule;conservative_pair_rule_v2
состояние охраны;21.12.2025 11:51:20;1;0.0;1;unknown;weak_rule;conservative_pair_rule_v2
состояние охраны;21.12.2025 12:27:44;1;0.0;1;unknown;weak_rule;conservative_pair_rule_v2
состояние охраны;21.12.2025 17:58:01;1;0.0;1;unknown;weak_rule;conservative_pair_rule_v2
состояние охраны;21.12.2025 22:04:55;1;0.0;1;unknown;weak_rule;conservative_pair_rule_v2
состояние охраны;22.12.2025 08:01:28;1;0.0;1;unknown;weak_rule;conservative_pair_rule_v2
состояние охраны;22.12.2025 08:03:27;1;0.0;1;unknown;weak_rule;conservative_pair_rule_v2
состояние охраны;22.12.2025 08:03:34;1;0.0;1;unknown;weak_rule;conservative_pair_rule_v2
состояние охраны;26.12.2025 15:20:13;1;0.0;1;unknown;weak_rule;conservative_pair_rule_v2
состояние охраны;26.12.2025 16:20:05;1;0.0;1;unknown;weak_rule;conservative_pair_rule_v2
состояние охраны;26.12.2025 16:20:20;1;0.0;1;unknown;weak_rule;conservative_pair_rule_v2
состояние охраны;26.12.2025 17:00:47;1;0.0;1;unknown;weak_rule;conservative_pair_rule_v2
состояние охраны;27.12.2025 07:49:35;1;0.0;1;unknown;weak_rule;conservative_pair_rule_v2
состояние охраны;27.12.2025 11:49:33;1;0.0;1;unknown;weak_rule;conservative_pair_rule_v2
состояние охраны;27.12.2025 11:58:28;1;0.0;1;unknown;weak_rule;conservative_pair_rule_v2
состояние охраны;29.12.2025 07:52:55;1;0.0;1;unknown;weak_rule;conservative_pair_rule_v2
состояние охраны;29.12.2025 08:32:53;1;0.0;1;unknown;weak_rule;conservative_pair_rule_v2
состояние охраны;29.12.2025 09:28:47;1;0.0;1;unknown;weak_rule;conservative_pair_rule_v2
состояние охраны;29.12.2025 11:16:50;1;0.0;1;unknown;weak_rule;conservative_pair_rule_v2
состояние охраны;29.12.2025 15:40:31;1;0.0;1;unknown;weak_rule;conservative_pair_rule_v2
состояние охраны;29.12.2025 16:42:16;1;0.0;1;unknown;weak_rule;conservative_pair_rule_v2
состояние охраны;29.12.2025 18:22:34;1;0.0;1;unknown;weak_rule;conservative_pair_rule_v2
состояние охраны;29.12.2025 18:23:44;1;0.0;1;unknown;weak_rule;conservative_pair_rule_v2
состояние охраны;03.01.2025 19:59:59;1;0.0;1;unknown;weak_rule;conservative_pair_rule_v2
состояние охраны;04.01.2025 16:45:57;1;0.0;1;unknown;weak_rule;conservative_pair_rule_v2
состояние охраны;08.01.2025 01:00:21;1;0.0;1;unknown;weak_rule;conservative_pair_rule_v2
состояние охраны;08.01.2025 12:03:32;1;0.0;1;unknown;weak_rule;conservative_pair_rule_v2
состояние охраны;08.01.2025 15:06:23;1;0.0;1;unknown;weak_rule;conservative_pair_rule_v2
состояние охраны;12.01.2025 16:41:37;1;0.0;1;unknown;weak_rule;conservative_pair_rule_v2
состояние охраны;15.01.2025 07:09:24;1;0.0;1;unknown;weak_rule;conservative_pair_rule_v2
состояние охраны;15.01.2025 07:53:17;1;0.0;1;unknown;weak_rule;conservative_pair_rule_v2
состояние охраны;15.01.2025 07:56:34;1;0.0;1;unknown;weak_rule;conservative_pair_rule_v2
состояние охраны;15.01.2025 14:27:19;1;0.0;1;unknown;weak_rule;conservative_pair_rule_v2
состояние охраны;15.01.2025 16:18:01;1;0.0;1;unknown;weak_rule;conservative_pair_rule_v2
состояние охраны;15.01.2025 16:25:07;1;0.0;1;unknown;weak_rule;conservative_pair_rule_v2
состояние охраны;15.01.2025 21:46:41;1;0.0;1;unknown;weak_rule;conservative_pair_rule_v2
состояние охраны;19.01.2025 21:01:00;1;0.0;1;unknown;weak_rule;conservative_pair_rule_v2
состояние охраны;20.01.2025 07:30:44;1;0.0;1;unknown;weak_rule;conservative_pair_rule_v2
состояние охраны;20.01.2025 08:02:35;1;0.0;1;unknown;weak_rule;conservative_pair_rule_v2
состояние охраны;20.01.2025 08:02:42;1;0.0;1;unknown;weak_rule;conservative_pair_rule_v2
состояние охраны;20.01.2025 09:00:32;1;0.0;1;unknown;weak_rule;conservative_pair_rule_v2
состояние охраны;20.01.2025 13:51:38;1;0.0;1;unknown;weak_rule;conservative_pair_rule_v2
состояние охраны;26.01.2025 07:46:02;1;0.0;1;unknown;weak_rule;conservative_pair_rule_v2
состояние охраны;31.01.2025 14:53:09;1;0.0;1;unknown;weak_rule;conservative_pair_rule_v2
состояние охраны;31.01.2025 17:00:05;1;0.0;1;unknown;weak_rule;conservative_pair_rule_v2
состояние охраны;31.01.2025 20:01:56;1;0.0;1;unknown;weak_rule;conservative_pair_rule_v2
состояние охраны;31.01.2025 21:03:06;1;0.0;1;unknown;weak_rule;conservative_pair_rule_v2
состояние охраны;01.02.2025 09:04:06;1;0.0;1;unknown;weak_rule;conservative_pair_rule_v2
состояние охраны;02.02.2025 18:49:16;1;0.0;1;unknown;weak_rule;conservative_pair_rule_v2
состояние охраны;02.02.2025 20:03:42;1;0.0;1;unknown;weak_rule;conservative_pair_rule_v2
состояние охраны;02.02.2025 20:43:56;1;0.0;1;unknown;weak_rule;conservative_pair_rule_v2
состояние охраны;03.02.2025 09:04:33;1;0.0;1;unknown;weak_rule;conservative_pair_rule_v2
состояние охраны;03.02.2025 09:05:49;1;0.0;1;unknown;weak_rule;conservative_pair_rule_v2
состояние охраны;03.02.2025 15:50:00;1;0.0;1;unknown;weak_rule;conservative_pair_rule_v2
состояние охраны;08.02.2025 08:50:04;1;0.0;1;unknown;weak_rule;conservative_pair_rule_v2
состояние охраны;08.02.2025 21:03:44;1;0.0;1;unknown;weak_rule;conservative_pair_rule_v2
состояние охраны;10.02.2025 21:00:07;1;0.0;1;unknown;weak_rule;conservative_pair_rule_v2
состояние охраны;11.02.2025 07:56:21;1;0.0;1;unknown;weak_rule;conservative_pair_rule_v2
состояние охраны;11.02.2025 07:57:16;1;0.0;1;unknown;weak_rule;conservative_pair_rule_v2
состояние охраны;18.02.2025 07:34:35;1;0.0;1;unknown;weak_rule;conservative_pair_rule_v2
состояние охраны;18.02.2025 08:03:25;1;0.0;1;unknown;weak_rule;conservative_pair_rule_v2
состояние охраны;18.02.2025 08:05:37;1;0.0;1;unknown;weak_rule;conservative_pair_rule_v2
состояние охраны;18.02.2025 08:29:28;1;0.0;1;unknown;weak_rule;conservative_pair_rule_v2
состояние охраны;18.02.2025 08:49:37;1;0.0;1;unknown;weak_rule;conservative_pair_rule_v2
состояние охраны;18.02.2025 12:40:08;1;0.0;1;unknown;weak_rule;conservative_pair_rule_v2
состояние охраны;19.02.2025 07:06:56;1;0.0;1;unknown;weak_rule;conservative_pair_rule_v2
состояние охраны;23.02.2025 20:02:59;1;0.0;1;unknown;weak_rule;conservative_pair_rule_v2
состояние охраны;25.02.2025 07:55:36;1;0.0;1;unknown;weak_rule;conservative_pair_rule_v2
состояние охраны;25.02.2025 08:07:27;1;0.0;1;unknown;weak_rule;conservative_pair_rule_v2
состояние охраны;25.02.2025 08:19:04;1;0.0;1;unknown;weak_rule;conservative_pair_rule_v2
состояние охраны;25.02.2025 16:04:21;1;0.0;1;unknown;weak_rule;conservative_pair_rule_v2
состояние охраны;25.02.2025 16:31:42;1;0.0;1;unknown;weak_rule;conservative_pair_rule_v2
состояние охраны;25.02.2025 18:36:55;1;0.0;1;unknown;weak_rule;conservative_pair_rule_v2
состояние охраны;25.02.2025 20:08:04;1;0.0;1;unknown;weak_rule;conservative_pair_rule_v2
состояние охраны;26.02.2025 04:10:21;1;0.0;1;unknown;weak_rule;conservative_pair_rule_v2
состояние охраны;26.02.2025 07:48:20;1;0.0;1;unknown;weak_rule;conservative_pair_rule_v2
состояние охраны;26.02.2025 08:25:07;1;0.0;1;unknown;weak_rule;conservative_pair_rule_v2
состояние охраны;28.02.2025 09:17:44;1;0.0;1;unknown;weak_rule;conservative_pair_rule_v2
состояние охраны;28.02.2025 23:03:27;1;0.0;1;unknown;weak_rule;conservative_pair_rule_v2
состояние охраны;01.03.2025 08:21:29;1;0.0;1;unknown;weak_rule;conservative_pair_rule_v2
состояние охраны;05.03.2025 07:16:13;1;0.0;1;unknown;weak_rule;conservative_pair_rule_v2
состояние охраны;05.03.2025 07:57:52;1;0.0;1;unknown;weak_rule;conservative_pair_rule_v2
состояние охраны;05.03.2025 08:03:26;1;0.0;1;unknown;weak_rule;conservative_pair_rule_v2
состояние охраны;05.03.2025 08:40:18;1;0.0;1;unknown;weak_rule;conservative_pair_rule_v2
состояние охраны;05.03.2025 10:30:50;1;0.0;1;unknown;weak_rule;conservative_pair_rule_v2
состояние охраны;11.03.2025 07:33:54;1;0.0;1;unknown;weak_rule;conservative_pair_rule_v2
состояние охраны;11.03.2025 07:34:00;1;0.0;1;unknown;weak_rule;conservative_pair_rule_v2
состояние охраны;11.03.2025 08:19:37;1;0.0;1;unknown;weak_rule;conservative_pair_rule_v2
состояние охраны;11.03.2025 18:44:34;1;0.0;1;unknown;weak_rule;conservative_pair_rule_v2
состояние охраны;11.03.2025 19:59:48;1;0.0;1;unknown;weak_rule;conservative_pair_rule_v2
состояние охраны;14.03.2025 07:59:27;1;0.0;1;unknown;weak_rule;conservative_pair_rule_v2
состояние охраны;14.03.2025 08:15:33;1;0.0;1;unknown;weak_rule;conservative_pair_rule_v2
состояние охраны;14.03.2025 08:56:34;1;0.0;1;unknown;weak_rule;conservative_pair_rule_v2
состояние охраны;14.03.2025 12:57:37;1;0.0;1;unknown;weak_rule;conservative_pair_rule_v2
состояние охраны;15.03.2025 07:46:50;1;0.0;1;unknown;weak_rule;conservative_pair_rule_v2
состояние охраны;15.03.2025 08:27:05;1;0.0;1;unknown;weak_rule;conservative_pair_rule_v2
состояние охраны;21.03.2025 07:44:37;1;0.0;1;unknown;weak_rule;conservative_pair_rule_v2
состояние охраны;21.03.2025 07:58:58;1;0.0;1;unknown;weak_rule;conservative_pair_rule_v2
состояние охраны;21.03.2025 08:03:54;1;0.0;1;unknown;weak_rule;conservative_pair_rule_v2
состояние охраны;21.03.2025 08:25:19;1;0.0;1;unknown;weak_rule;conservative_pair_rule_v2
состояние охраны;21.03.2025 14:14:53;1;0.0;1;unknown;weak_rule;conservative_pair_rule_v2
состояние охраны;21.03.2025 14:14:55;1;0.0;1;unknown;weak_rule;conservative_pair_rule_v2
состояние охраны;21.03.2025 15:32:39;1;0.0;1;unknown;weak_rule;conservative_pair_rule_v2
состояние охраны;21.03.2025 20:03:55;1;0.0;1;unknown;weak_rule;conservative_pair_rule_v2
состояние охраны;22.03.2025 07:21:43;1;0.0;1;unknown;weak_rule;conservative_pair_rule_v2
состояние охраны;22.03.2025 08:04:47;1;0.0;1;unknown;weak_rule;conservative_pair_rule_v2
состояние охраны;22.03.2025 08:18:35;1;0.0;1;unknown;weak_rule;conservative_pair_rule_v2
состояние охраны;22.03.2025 08:30:59;1;0.0;1;unknown;weak_rule;conservative_pair_rule_v2
состояние охраны;25.03.2025 07:57:49;1;0.0;1;unknown;weak_rule;conservative_pair_rule_v2
состояние охраны;25.03.2025 08:05:09;1;0.0;1;unknown;weak_rule;conservative_pair_rule_v2
состояние охраны;25.03.2025 08:05:13;1;0.0;1;unknown;weak_rule;conservative_pair_rule_v2
состояние охраны;25.03.2025 08:05:17;1;0.0;1;unknown;weak_rule;conservative_pair_rule_v2
состояние охраны;25.03.2025 08:06:54;1;0.0;1;unknown;weak_rule;conservative_pair_rule_v2
состояние охраны;25.03.2025 09:09:40;1;0.0;1;unknown;weak_rule;conservative_pair_rule_v2
состояние охраны;25.03.2025 15:57:18;1;0.0;1;unknown;weak_rule;conservative_pair_rule_v2
состояние охраны;25.03.2025 16:06:56;1;0.0;1;unknown;weak_rule;conservative_pair_rule_v2
состояние охраны;25.03.2025 17:01:15;1;0.0;1;unknown;weak_rule;conservative_pair_rule_v2
состояние охраны;25.03.2025 17:06:13;1;0.0;1;unknown;weak_rule;conservative_pair_rule_v2
состояние охраны;25.03.2025 18:18:43;1;0.0;1;unknown;weak_rule;conservative_pair_rule_v2
состояние охраны;26.03.2025 08:04:45;1;0.0;1;unknown;weak_rule;conservative_pair_rule_v2
состояние охраны;26.03.2025 08:14:41;1;0.0;1;unknown;weak_rule;conservative_pair_rule_v2
состояние охраны;26.03.2025 08:36:12;1;0.0;1;unknown;weak_rule;conservative_pair_rule_v2
состояние охраны;26.03.2025 08:36:18;1;0.0;1;unknown;weak_rule;conservative_pair_rule_v2
состояние охраны;31.03.2025 14:38:40;1;0.0;1;unknown;weak_rule;conservative_pair_rule_v2
состояние охраны;31.03.2025 16:23:27;1;0.0;1;unknown;weak_rule;conservative_pair_rule_v2
состояние охраны;31.03.2025 16:23:33;1;0.0;1;unknown;weak_rule;conservative_pair_rule_v2
состояние охраны;01.04.2025 07:58:20;1;0.0;1;unknown;weak_rule;conservative_pair_rule_v2
состояние охраны;01.04.2025 07:59:51;1;0.0;1;unknown;weak_rule;conservative_pair_rule_v2
состояние охраны;01.04.2025 09:43:49;1;0.0;1;unknown;weak_rule;conservative_pair_rule_v2
состояние охраны;01.04.2025 15:47:19;1;0.0;1;unknown;weak_rule;conservative_pair_rule_v2
состояние охраны;01.04.2025 15:47:23;1;0.0;1;unknown;weak_rule;conservative_pair_rule_v2
состояние охраны;03.04.2025 07:29:21;1;0.0;1;unknown;weak_rule;conservative_pair_rule_v2
состояние охраны;03.04.2025 07:43:58;1;0.0;1;unknown;weak_rule;conservative_pair_rule_v2
состояние охраны;03.04.2025 08:00:20;1;0.0;1;unknown;weak_rule;conservative_pair_rule_v2
состояние охраны;03.04.2025 08:14:38;1;0.0;1;unknown;weak_rule;conservative_pair_rule_v2
состояние охраны;03.04.2025 16:34:02;1;0.0;1;unknown;weak_rule;conservative_pair_rule_v2
состояние охраны;10.04.2025 07:58:55;1;0.0;1;unknown;weak_rule;conservative_pair_rule_v2
состояние охраны;10.04.2025 08:02:42;1;0.0;1;unknown;weak_rule;conservative_pair_rule_v2
состояние охраны;10.04.2025 09:06:17;1;0.0;1;unknown;weak_rule;conservative_pair_rule_v2
состояние охраны;10.04.2025 15:24:11;1;0.0;1;unknown;weak_rule;conservative_pair_rule_v2
состояние охраны;10.04.2025 16:03:58;1;0.0;1;unknown;weak_rule;conservative_pair_rule_v2
состояние охраны;16.04.2025 07:51:20;1;0.0;1;unknown;weak_rule;conservative_pair_rule_v2
состояние охраны;16.04.2025 08:03:38;1;0.0;1;unknown;weak_rule;conservative_pair_rule_v2
состояние охраны;16.04.2025 08:07:46;1;0.0;1;unknown;weak_rule;conservative_pair_rule_v2
состояние охраны;16.04.2025 08:20:47;1;0.0;1;unknown;weak_rule;conservative_pair_rule_v2
состояние охраны;16.04.2025 08:48:02;1;0.0;1;unknown;weak_rule;conservative_pair_rule_v2
состояние охраны;16.04.2025 08:53:49;1;0.0;1;unknown;weak_rule;conservative_pair_rule_v2
состояние охраны;16.04.2025 13:14:45;1;0.0;1;unknown;weak_rule;conservative_pair_rule_v2
состояние охраны;16.04.2025 16:14:09;1;0.0;1;unknown;weak_rule;conservative_pair_rule_v2
состояние охраны;16.04.2025 18:32:44;1;0.0;1;unknown;weak_rule;conservative_pair_rule_v2
состояние охраны;21.04.2025 07:12:26;1;0.0;1;unknown;weak_rule;conservative_pair_rule_v2
состояние охраны;21.04.2025 07:28:39;1;0.0;1;unknown;weak_rule;conservative_pair_rule_v2
состояние охраны;21.04.2025 07:43:59;1;0.0;1;unknown;weak_rule;conservative_pair_rule_v2
состояние охраны;21.04.2025 07:59:58;1;0.0;1;unknown;weak_rule;conservative_pair_rule_v2
состояние охраны;21.04.2025 08:52:45;1;0.0;1;unknown;weak_rule;conservative_pair_rule_v2
состояние охраны;21.04.2025 15:45:29;1;0.0;1;unknown;weak_rule;conservative_pair_rule_v2
состояние охраны;21.04.2025 15:48:57;1;0.0;1;unknown;weak_rule;conservative_pair_rule_v2
состояние охраны;21.04.2025 16:14:58;1;0.0;1;unknown;weak_rule;conservative_pair_rule_v2
состояние охраны;21.04.2025 16:28:45;1;0.0;1;unknown;weak_rule;conservative_pair_rule_v2
состояние охраны;21.04.2025 16:45:38;1;0.0;1;unknown;weak_rule;conservative_pair_rule_v2
состояние охраны;25.04.2025 11:11:50;1;0.0;1;unknown;weak_rule;conservative_pair_rule_v2
состояние охраны;25.04.2025 15:12:14;1;0.0;1;unknown;weak_rule;conservative_pair_rule_v2
состояние охраны;25.04.2025 15:54:20;1;0.0;1;unknown;weak_rule;conservative_pair_rule_v2
состояние охраны;26.04.2025 08:11:23;1;0.0;1;unknown;weak_rule;conservative_pair_rule_v2
состояние охраны;26.04.2025 08:11:30;1;0.0;1;unknown;weak_rule;conservative_pair_rule_v2
состояние охраны;26.04.2025 09:01:09;1;0.0;1;unknown;weak_rule;conservative_pair_rule_v2
состояние охраны;26.04.2025 11:10:10;1;0.0;1;unknown;weak_rule;conservative_pair_rule_v2
состояние охраны;29.04.2025 08:56:19;1;0.0;1;unknown;weak_rule;conservative_pair_rule_v2
состояние охраны;29.04.2025 09:04:10;1;0.0;1;unknown;weak_rule;conservative_pair_rule_v2
состояние охраны;29.04.2025 10:41:19;1;0.0;1;unknown;weak_rule;conservative_pair_rule_v2
состояние охраны;29.04.2025 17:51:19;1;0.0;1;unknown;weak_rule;conservative_pair_rule_v2
состояние охраны;30.04.2025 07:17:03;1;0.0;1;unknown;weak_rule;conservative_pair_rule_v2
состояние охраны;30.04.2025 07:53:08;1;0.0;1;unknown;weak_rule;conservative_pair_rule_v2
состояние охраны;30.04.2025 08:00:13;1;0.0;1;unknown;weak_rule;conservative_pair_rule_v2
состояние охраны;04.05.2025 20:01:38;1;0.0;1;unknown;weak_rule;conservative_pair_rule_v2
состояние охраны;05.05.2025 07:44:07;1;0.0;1;unknown;weak_rule;conservative_pair_rule_v2
состояние охраны;05.05.2025 08:00:11;1;0.0;1;unknown;weak_rule;conservative_pair_rule_v2
состояние охраны;05.05.2025 16:28:09;1;0.0;1;unknown;weak_rule;conservative_pair_rule_v2
состояние охраны;05.05.2025 16:30:36;1;0.0;1;unknown;weak_rule;conservative_pair_rule_v2
состояние охраны;05.05.2025 18:51:22;1;0.0;1;unknown;weak_rule;conservative_pair_rule_v2
состояние охраны;11.05.2025 07:43:51;1;0.0;1;unknown;weak_rule;conservative_pair_rule_v2
состояние охраны;11.05.2025 08:01:19;1;0.0;1;unknown;weak_rule;conservative_pair_rule_v2
состояние охраны;15.05.2025 07:46:47;1;0.0;1;unknown;weak_rule;conservative_pair_rule_v2
состояние охраны;15.05.2025 07:56:50;1;0.0;1;unknown;weak_rule;conservative_pair_rule_v2
состояние охраны;15.05.2025 08:09:49;1;0.0;1;unknown;weak_rule;conservative_pair_rule_v2
состояние охраны;15.05.2025 15:09:03;1;0.0;1;unknown;weak_rule;conservative_pair_rule_v2
состояние охраны;15.05.2025 15:09:12;1;0.0;1;unknown;weak_rule;conservative_pair_rule_v2
состояние охраны;15.05.2025 15:17:55;1;0.0;1;unknown;weak_rule;conservative_pair_rule_v2
состояние охраны;17.05.2025 07:28:49;1;0.0;1;unknown;weak_rule;conservative_pair_rule_v2
состояние охраны;17.05.2025 07:59:43;1;0.0;1;unknown;weak_rule;conservative_pair_rule_v2
состояние охраны;17.05.2025 08:31:51;1;0.0;1;unknown;weak_rule;conservative_pair_rule_v2
состояние охраны;17.05.2025 12:27:34;1;0.0;1;unknown;weak_rule;conservative_pair_rule_v2
состояние охраны;17.05.2025 12:52:23;1;0.0;1;unknown;weak_rule;conservative_pair_rule_v2
состояние охраны;18.05.2025 07:52:56;1;0.0;1;unknown;weak_rule;conservative_pair_rule_v2
состояние охраны;25.05.2025 04:05:11;1;0.0;1;unknown;weak_rule;conservative_pair_rule_v2
состояние охраны;25.05.2025 04:05:43;1;0.0;1;unknown;weak_rule;conservative_pair_rule_v2
состояние охраны;25.05.2025 08:30:45;1;0.0;1;unknown;weak_rule;conservative_pair_rule_v2
состояние охраны;25.05.2025 13:14:24;1;0.0;1;unknown;weak_rule;conservative_pair_rule_v2
состояние охраны;25.05.2025 23:00:19;1;0.0;1;unknown;weak_rule;conservative_pair_rule_v2
состояние охраны;26.05.2025 01:02:35;1;0.0;1;unknown;weak_rule;conservative_pair_rule_v2
состояние охраны;26.05.2025 04:35:02;1;0.0;1;unknown;weak_rule;conservative_pair_rule_v2
состояние охраны;26.05.2025 07:52:41;1;0.0;1;unknown;weak_rule;conservative_pair_rule_v2
состояние охраны;29.05.2025 05:34:17;1;0.0;1;unknown;weak_rule;conservative_pair_rule_v2
состояние охраны;29.05.2025 08:14:50;1;0.0;1;unknown;weak_rule;conservative_pair_rule_v2
состояние охраны;29.05.2025 08:16:32;1;0.0;1;unknown;weak_rule;conservative_pair_rule_v2
состояние охраны;29.05.2025 10:32:39;1;0.0;1;unknown;weak_rule;conservative_pair_rule_v2
состояние охраны;29.05.2025 14:59:16;1;0.0;1;unknown;weak_rule;conservative_pair_rule_v2
состояние охраны;29.05.2025 15:08:05;1;0.0;1;unknown;weak_rule;conservative_pair_rule_v2
состояние охраны;29.05.2025 17:08:40;1;0.0;1;unknown;weak_rule;conservative_pair_rule_v2
состояние охраны;02.06.2025 07:54:19;1;0.0;1;unknown;weak_rule;conservative_pair_rule_v2
состояние охраны;02.06.2025 07:58:27;1;0.0;1;unknown;weak_rule;conservative_pair_rule_v2
состояние охраны;02.06.2025 08:03:27;1;0.0;1;unknown;weak_rule;conservative_pair_rule_v2
состояние охраны;02.06.2025 08:31:26;1;0.0;1;unknown;weak_rule;conservative_pair_rule_v2
состояние охраны;02.06.2025 13:30:24;1;0.0;1;unknown;weak_rule;conservative_pair_rule_v2
состояние охраны;02.06.2025 20:06:16;1;0.0;1;unknown;weak_rule;conservative_pair_rule_v2
состояние охраны;02.06.2025 21:35:51;1;0.0;1;unknown;weak_rule;conservative_pair_rule_v2
состояние охраны;02.06.2025 22:09:16;1;0.0;1;unknown;weak_rule;conservative_pair_rule_v2
состояние охраны;02.06.2025 22:12:06;1;0.0;1;unknown;weak_rule;conservative_pair_rule_v2
состояние охраны;06.06.2025 13:35:05;1;0.0;1;unknown;weak_rule;conservative_pair_rule_v2
состояние охраны;06.06.2025 19:14:00;1;0.0;1;unknown;weak_rule;conservative_pair_rule_v2
состояние охраны;10.06.2025 16:46:49;1;0.0;1;unknown;weak_rule;conservative_pair_rule_v2
состояние охраны;13.06.2025 22:56:49;1;0.0;1;unknown;weak_rule;conservative_pair_rule_v2
состояние охраны;14.06.2025 01:02:54;1;0.0;1;unknown;weak_rule;conservative_pair_rule_v2
состояние охраны;17.06.2025 15:59:55;1;0.0;1;unknown;weak_rule;conservative_pair_rule_v2
состояние охраны;17.06.2025 16:40:59;1;0.0;1;unknown;weak_rule;conservative_pair_rule_v2
состояние охраны;17.06.2025 17:01:44;1;0.0;1;unknown;weak_rule;conservative_pair_rule_v2
состояние охраны;17.06.2025 20:28:11;1;0.0;1;unknown;weak_rule;conservative_pair_rule_v2
состояние охраны;17.06.2025 21:13:44;1;0.0;1;unknown;weak_rule;conservative_pair_rule_v2
состояние охраны;18.06.2025 07:42:30;1;0.0;1;unknown;weak_rule;conservative_pair_rule_v2
состояние охраны;22.06.2025 11:32:15;1;0.0;1;unknown;weak_rule;conservative_pair_rule_v2
состояние охраны;22.06.2025 18:17:51;1;0.0;1;unknown;weak_rule;conservative_pair_rule_v2
состояние охраны;26.06.2025 07:06:00;1;0.0;1;unknown;weak_rule;conservative_pair_rule_v2
состояние охраны;26.06.2025 07:53:33;1;0.0;1;unknown;weak_rule;conservative_pair_rule_v2
состояние охраны;26.06.2025 08:06:01;1;0.0;1;unknown;weak_rule;conservative_pair_rule_v2
состояние охраны;26.06.2025 08:41:03;1;0.0;1;unknown;weak_rule;conservative_pair_rule_v2
состояние охраны;26.06.2025 12:13:16;1;0.0;1;unknown;weak_rule;conservative_pair_rule_v2
состояние охраны;26.06.2025 14:09:03;1;0.0;1;unknown;weak_rule;conservative_pair_rule_v2
состояние охраны;26.06.2025 14:49:53;1;0.0;1;unknown;weak_rule;conservative_pair_rule_v2
состояние охраны;26.06.2025 15:59:41;1;0.0;1;unknown;weak_rule;conservative_pair_rule_v2
состояние охраны;26.06.2025 17:03:25;1;0.0;1;unknown;weak_rule;conservative_pair_rule_v2
состояние охраны;26.06.2025 21:22:15;1;0.0;1;unknown;weak_rule;conservative_pair_rule_v2
состояние охраны;30.06.2025 22:16:34;1;0.0;1;unknown;weak_rule;conservative_pair_rule_v2
состояние охраны;01.07.2025 07:50:21;1;0.0;1;unknown;weak_rule;conservative_pair_rule_v2
состояние охраны;01.07.2025 16:19:20;1;0.0;1;unknown;weak_rule;conservative_pair_rule_v2
состояние охраны;01.07.2025 16:47:10;1;0.0;1;unknown;weak_rule;conservative_pair_rule_v2
состояние охраны;02.07.2025 20:28:02;1;0.0;1;unknown;weak_rule;conservative_pair_rule_v2
состояние охраны;03.07.2025 07:12:50;1;0.0;1;unknown;weak_rule;conservative_pair_rule_v2
состояние охраны;03.07.2025 07:27:31;1;0.0;1;unknown;weak_rule;conservative_pair_rule_v2
состояние охраны;03.07.2025 07:55:27;1;0.0;1;unknown;weak_rule;conservative_pair_rule_v2
состояние охраны;03.07.2025 07:58:08;1;0.0;1;unknown;weak_rule;conservative_pair_rule_v2
состояние охраны;03.07.2025 08:12:26;1;0.0;1;unknown;weak_rule;conservative_pair_rule_v2
состояние охраны;05.07.2025 17:51:34;1;0.0;1;unknown;weak_rule;conservative_pair_rule_v2
состояние охраны;05.07.2025 20:01:34;1;0.0;1;unknown;weak_rule;conservative_pair_rule_v2
состояние охраны;10.07.2025 11:46:21;1;0.0;1;unknown;weak_rule;conservative_pair_rule_v2
состояние охраны;10.07.2025 16:37:12;1;0.0;1;unknown;weak_rule;conservative_pair_rule_v2
состояние охраны;10.07.2025 16:38:52;1;0.0;1;unknown;weak_rule;conservative_pair_rule_v2
состояние охраны;10.07.2025 23:41:31;1;0.0;1;unknown;weak_rule;conservative_pair_rule_v2
состояние охраны;14.07.2025 00:50:53;1;0.0;1;unknown;weak_rule;conservative_pair_rule_v2
состояние охраны;17.07.2025 19:21:09;1;0.0;1;unknown;weak_rule;conservative_pair_rule_v2
состояние охраны;18.07.2025 07:27:46;1;0.0;1;unknown;weak_rule;conservative_pair_rule_v2
состояние охраны;18.07.2025 08:00:27;1;0.0;1;unknown;weak_rule;conservative_pair_rule_v2
состояние охраны;18.07.2025 08:05:45;1;0.0;1;unknown;weak_rule;conservative_pair_rule_v2
состояние охраны;18.07.2025 08:53:30;1;0.0;1;unknown;weak_rule;conservative_pair_rule_v2
состояние охраны;18.07.2025 09:00:00;1;0.0;1;unknown;weak_rule;conservative_pair_rule_v2
состояние охраны;18.07.2025 09:07:22;1;0.0;1;unknown;weak_rule;conservative_pair_rule_v2
состояние охраны;18.07.2025 11:22:35;1;0.0;1;unknown;weak_rule;conservative_pair_rule_v2
состояние охраны;18.07.2025 13:56:39;1;0.0;1;unknown;weak_rule;conservative_pair_rule_v2
состояние охраны;18.07.2025 14:04:45;1;0.0;1;unknown;weak_rule;conservative_pair_rule_v2
состояние охраны;22.07.2025 12:02:11;1;0.0;1;unknown;weak_rule;conservative_pair_rule_v2
состояние охраны;22.07.2025 13:47:41;1;0.0;1;unknown;weak_rule;conservative_pair_rule_v2
состояние охраны;22.07.2025 13:48:50;1;0.0;1;unknown;weak_rule;conservative_pair_rule_v2
состояние охраны;22.07.2025 16:46:43;1;0.0;1;unknown;weak_rule;conservative_pair_rule_v2
состояние охраны;22.07.2025 17:00:23;1;0.0;1;unknown;weak_rule;conservative_pair_rule_v2
состояние охраны;22.07.2025 17:02:32;1;0.0;1;unknown;weak_rule;conservative_pair_rule_v2
состояние охраны;22.07.2025 17:05:10;1;0.0;1;unknown;weak_rule;conservative_pair_rule_v2
состояние охраны;22.07.2025 19:54:34;1;0.0;1;unknown;weak_rule;conservative_pair_rule_v2
состояние охраны;23.07.2025 00:33:24;1;0.0;1;unknown;weak_rule;conservative_pair_rule_v2
состояние охраны;23.07.2025 01:12:00;1;0.0;1;unknown;weak_rule;conservative_pair_rule_v2
состояние охраны;24.07.2025 06:23:53;1;0.0;1;unknown;weak_rule;conservative_pair_rule_v2
состояние охраны;24.07.2025 07:06:42;1;0.0;1;unknown;weak_rule;conservative_pair_rule_v2
состояние охраны;24.07.2025 12:43:01;1;0.0;1;unknown;weak_rule;conservative_pair_rule_v2
состояние охраны;24.07.2025 16:08:08;1;0.0;1;unknown;weak_rule;conservative_pair_rule_v2
состояние охраны;24.07.2025 17:00:32;1;0.0;1;unknown;weak_rule;conservative_pair_rule_v2
состояние охраны;24.07.2025 17:06:45;1;0.0;1;unknown;weak_rule;conservative_pair_rule_v2
состояние охраны;24.07.2025 17:09:41;1;0.0;1;unknown;weak_rule;conservative_pair_rule_v2
состояние охраны;24.07.2025 18:54:46;1;0.0;1;unknown;weak_rule;conservative_pair_rule_v2
состояние охраны;24.07.2025 18:56:04;1;0.0;1;unknown;weak_rule;conservative_pair_rule_v2
состояние охраны;28.07.2025 05:39:44;1;0.0;1;unknown;weak_rule;conservative_pair_rule_v2
состояние охраны;28.07.2025 07:50:30;1;0.0;1;unknown;weak_rule;conservative_pair_rule_v2
состояние охраны;28.07.2025 07:59:02;1;0.0;1;unknown;weak_rule;conservative_pair_rule_v2
состояние охраны;28.07.2025 08:06:20;1;0.0;1;unknown;weak_rule;conservative_pair_rule_v2
состояние охраны;28.07.2025 16:32:53;1;0.0;1;unknown;weak_rule;conservative_pair_rule_v2
состояние охраны;28.07.2025 16:39:45;1;0.0;1;unknown;weak_rule;conservative_pair_rule_v2
состояние охраны;28.07.2025 16:39:53;1;0.0;1;unknown;weak_rule;conservative_pair_rule_v2
состояние охраны;29.07.2025 00:00:38;1;0.0;1;unknown;weak_rule;conservative_pair_rule_v2
состояние охраны;31.07.2025 17:01:40;1;0.0;1;unknown;weak_rule;conservative_pair_rule_v2
состояние охраны;31.07.2025 18:42:58;1;0.0;1;unknown;weak_rule;conservative_pair_rule_v2
состояние охраны;31.07.2025 19:11:23;1;0.0;1;unknown;weak_rule;conservative_pair_rule_v2
состояние охраны;01.08.2025 07:43:54;1;0.0;1;unknown;weak_rule;conservative_pair_rule_v2
состояние охраны;01.08.2025 08:23:24;1;0.0;1;unknown;weak_rule;conservative_pair_rule_v2
состояние охраны;01.08.2025 09:41:57;1;0.0;1;unknown;weak_rule;conservative_pair_rule_v2
состояние охраны;04.08.2025 09:11:29;1;0.0;1;unknown;weak_rule;conservative_pair_rule_v2
состояние охраны;04.08.2025 13:05:34;1;0.0;1;unknown;weak_rule;conservative_pair_rule_v2
состояние охраны;04.08.2025 16:48:25;1;0.0;1;unknown;weak_rule;conservative_pair_rule_v2
состояние охраны;04.08.2025 17:01:46;1;0.0;1;unknown;weak_rule;conservative_pair_rule_v2
состояние охраны;04.08.2025 17:50:47;1;0.0;1;unknown;weak_rule;conservative_pair_rule_v2
состояние охраны;04.08.2025 18:03:57;1;0.0;1;unknown;weak_rule;conservative_pair_rule_v2
состояние охраны;08.08.2025 20:01:44;1;0.0;1;unknown;weak_rule;conservative_pair_rule_v2
состояние охраны;08.08.2025 21:14:22;1;0.0;1;unknown;weak_rule;conservative_pair_rule_v2
состояние охраны;09.08.2025 08:31:08;1;0.0;1;unknown;weak_rule;conservative_pair_rule_v2
состояние охраны;09.08.2025 08:36:57;1;0.0;1;unknown;weak_rule;conservative_pair_rule_v2
состояние охраны;09.08.2025 08:42:29;1;0.0;1;unknown;weak_rule;conservative_pair_rule_v2
состояние охраны;13.08.2025 07:37:03;1;0.0;1;unknown;weak_rule;conservative_pair_rule_v2
состояние охраны;13.08.2025 07:39:49;1;0.0;1;unknown;weak_rule;conservative_pair_rule_v2
состояние охраны;13.08.2025 07:58:13;1;0.0;1;unknown;weak_rule;conservative_pair_rule_v2
состояние охраны;13.08.2025 08:46:50;1;0.0;1;unknown;weak_rule;conservative_pair_rule_v2
состояние охраны;13.08.2025 09:26:17;1;0.0;1;unknown;weak_rule;conservative_pair_rule_v2
состояние охраны;13.08.2025 09:38:03;1;0.0;1;unknown;weak_rule;conservative_pair_rule_v2
состояние охраны;13.08.2025 12:24:59;1;0.0;1;unknown;weak_rule;conservative_pair_rule_v2
состояние охраны;13.08.2025 13:02:39;1;0.0;1;unknown;weak_rule;conservative_pair_rule_v2
состояние охраны;13.08.2025 16:09:28;1;0.0;1;unknown;weak_rule;conservative_pair_rule_v2
состояние охраны;14.08.2025 08:03:26;1;0.0;1;unknown;weak_rule;conservative_pair_rule_v2
состояние охраны;14.08.2025 22:25:39;1;0.0;1;unknown;weak_rule;conservative_pair_rule_v2
состояние охраны;15.08.2025 07:47:06;1;0.0;1;unknown;weak_rule;conservative_pair_rule_v2
состояние охраны;18.08.2025 12:13:14;1;0.0;1;unknown;weak_rule;conservative_pair_rule_v2
состояние охраны;18.08.2025 16:25:46;1;0.0;1;unknown;weak_rule;conservative_pair_rule_v2
состояние охраны;18.08.2025 17:21:58;1;0.0;1;unknown;weak_rule;conservative_pair_rule_v2
состояние охраны;18.08.2025 20:02:30;1;0.0;1;unknown;weak_rule;conservative_pair_rule_v2
состояние охраны;18.08.2025 22:05:37;1;0.0;1;unknown;weak_rule;conservative_pair_rule_v2
состояние охраны;19.08.2025 06:22:07;1;0.0;1;unknown;weak_rule;conservative_pair_rule_v2
состояние охраны;22.08.2025 07:28:50;1;0.0;1;unknown;weak_rule;conservative_pair_rule_v2
состояние охраны;22.08.2025 08:00:06;1;0.0;1;unknown;weak_rule;conservative_pair_rule_v2
состояние охраны;22.08.2025 14:04:57;1;0.0;1;unknown;weak_rule;conservative_pair_rule_v2
состояние охраны;22.08.2025 14:46:50;1;0.0;1;unknown;weak_rule;conservative_pair_rule_v2
состояние охраны;25.08.2025 02:20:43;1;0.0;1;unknown;weak_rule;conservative_pair_rule_v2
состояние охраны;25.08.2025 02:32:17;1;0.0;1;unknown;weak_rule;conservative_pair_rule_v2
состояние охраны;25.08.2025 08:39:28;1;0.0;1;unknown;weak_rule;conservative_pair_rule_v2
состояние охраны;25.08.2025 20:01:28;1;0.0;1;unknown;weak_rule;conservative_pair_rule_v2
состояние охраны;28.08.2025 07:54:57;1;0.0;1;unknown;weak_rule;conservative_pair_rule_v2
состояние охраны;28.08.2025 12:41:34;1;0.0;1;unknown;weak_rule;conservative_pair_rule_v2
состояние охраны;30.08.2025 20:01:38;1;0.0;1;unknown;weak_rule;conservative_pair_rule_v2
состояние охраны;31.08.2025 08:00:33;1;0.0;1;unknown;weak_rule;conservative_pair_rule_v2
состояние охраны;31.08.2025 11:22:29;1;0.0;1;unknown;weak_rule;conservative_pair_rule_v2
состояние охраны;03.09.2025 16:04:51;1;0.0;1;unknown;weak_rule;conservative_pair_rule_v2
состояние охраны;03.09.2025 16:19:20;1;0.0;1;unknown;weak_rule;conservative_pair_rule_v2
состояние охраны;03.09.2025 17:00:40;1;0.0;1;unknown;weak_rule;conservative_pair_rule_v2
состояние охраны;03.09.2025 20:00:25;1;0.0;1;unknown;weak_rule;conservative_pair_rule_v2
состояние охраны;03.09.2025 20:03:01;1;0.0;1;unknown;weak_rule;conservative_pair_rule_v2
состояние охраны;04.09.2025 07:20:44;1;0.0;1;unknown;weak_rule;conservative_pair_rule_v2
состояние охраны;04.09.2025 07:48:05;1;0.0;1;unknown;weak_rule;conservative_pair_rule_v2
состояние охраны;04.09.2025 08:14:53;1;0.0;1;unknown;weak_rule;conservative_pair_rule_v2
состояние охраны;04.09.2025 09:38:22;1;0.0;1;unknown;weak_rule;conservative_pair_rule_v2
состояние охраны;07.09.2025 08:46:18;1;0.0;1;unknown;weak_rule;conservative_pair_rule_v2
состояние охраны;07.09.2025 11:44:23;1;0.0;1;unknown;weak_rule;conservative_pair_rule_v2
состояние охраны;10.09.2025 15:46:37;1;0.0;1;unknown;weak_rule;conservative_pair_rule_v2
состояние охраны;10.09.2025 21:45:16;1;0.0;1;unknown;weak_rule;conservative_pair_rule_v2
состояние охраны;10.09.2025 21:56:20;1;0.0;1;unknown;weak_rule;conservative_pair_rule_v2
состояние охраны;11.09.2025 07:34:21;1;0.0;1;unknown;weak_rule;conservative_pair_rule_v2
состояние охраны;11.09.2025 07:56:46;1;0.0;1;unknown;weak_rule;conservative_pair_rule_v2
состояние охраны;11.09.2025 07:59:26;1;0.0;1;unknown;weak_rule;conservative_pair_rule_v2
состояние охраны;11.09.2025 08:21:23;1;0.0;1;unknown;weak_rule;conservative_pair_rule_v2
состояние охраны;15.09.2025 09:33:25;1;0.0;1;unknown;weak_rule;conservative_pair_rule_v2
состояние охраны;15.09.2025 14:50:43;1;0.0;1;unknown;weak_rule;conservative_pair_rule_v2
состояние охраны;15.09.2025 17:25:52;1;0.0;1;unknown;weak_rule;conservative_pair_rule_v2
состояние охраны;15.09.2025 18:13:28;1;0.0;1;unknown;weak_rule;conservative_pair_rule_v2
состояние охраны;19.09.2025 08:03:59;1;0.0;1;unknown;weak_rule;conservative_pair_rule_v2
состояние охраны;19.09.2025 08:46:12;1;0.0;1;unknown;weak_rule;conservative_pair_rule_v2
состояние охраны;23.09.2025 16:39:16;1;0.0;1;unknown;weak_rule;conservative_pair_rule_v2
состояние охраны;23.09.2025 17:01:19;1;0.0;1;unknown;weak_rule;conservative_pair_rule_v2
состояние охраны;23.09.2025 17:04:32;1;0.0;1;unknown;weak_rule;conservative_pair_rule_v2
состояние охраны;23.09.2025 20:54:38;1;0.0;1;unknown;weak_rule;conservative_pair_rule_v2
состояние охраны;24.09.2025 07:12:01;1;0.0;1;unknown;weak_rule;conservative_pair_rule_v2
состояние охраны;24.09.2025 07:47:08;1;0.0;1;unknown;weak_rule;conservative_pair_rule_v2
состояние охраны;24.09.2025 08:22:20;1;0.0;1;unknown;weak_rule;conservative_pair_rule_v2
состояние охраны;24.09.2025 12:35:28;1;0.0;1;unknown;weak_rule;conservative_pair_rule_v2
состояние охраны;25.09.2025 16:06:01;1;0.0;1;unknown;weak_rule;conservative_pair_rule_v2
состояние охраны;25.09.2025 16:22:12;1;0.0;1;unknown;weak_rule;conservative_pair_rule_v2
состояние охраны;25.09.2025 18:28:35;1;0.0;1;unknown;weak_rule;conservative_pair_rule_v2
состояние охраны;25.09.2025 19:39:11;1;0.0;1;unknown;weak_rule;conservative_pair_rule_v2
состояние охраны;26.09.2025 07:52:17;1;0.0;1;unknown;weak_rule;conservative_pair_rule_v2
состояние охраны;26.09.2025 07:57:50;1;0.0;1;unknown;weak_rule;conservative_pair_rule_v2
состояние охраны;26.09.2025 07:57:54;1;0.0;1;unknown;weak_rule;conservative_pair_rule_v2
состояние охраны;30.09.2025 16:20:02;1;0.0;1;unknown;weak_rule;conservative_pair_rule_v2
состояние охраны;30.09.2025 20:04:12;1;0.0;1;unknown;weak_rule;conservative_pair_rule_v2
состояние охраны;30.09.2025 20:05:59;1;0.0;1;unknown;weak_rule;conservative_pair_rule_v2
состояние охраны;30.09.2025 21:11:24;1;0.0;1;unknown;weak_rule;conservative_pair_rule_v2
состояние охраны;30.09.2025 22:53:40;1;0.0;1;unknown;weak_rule;conservative_pair_rule_v2
состояние охраны;01.10.2025 08:03:14;1;0.0;1;unknown;weak_rule;conservative_pair_rule_v2
состояние охраны;06.10.2025 07:46:07;1;0.0;1;unknown;weak_rule;conservative_pair_rule_v2
состояние охраны;06.10.2025 07:59:42;1;0.0;1;unknown;weak_rule;conservative_pair_rule_v2
состояние охраны;06.10.2025 08:03:54;1;0.0;1;unknown;weak_rule;conservative_pair_rule_v2
состояние охраны;06.10.2025 08:28:20;1;0.0;1;unknown;weak_rule;conservative_pair_rule_v2
состояние охраны;06.10.2025 08:28:24;1;0.0;1;unknown;weak_rule;conservative_pair_rule_v2
состояние охраны;06.10.2025 11:10:54;1;0.0;1;unknown;weak_rule;conservative_pair_rule_v2
состояние охраны;06.10.2025 15:25:17;1;0.0;1;unknown;weak_rule;conservative_pair_rule_v2
состояние охраны;06.10.2025 17:00:01;1;0.0;1;unknown;weak_rule;conservative_pair_rule_v2
состояние охраны;06.10.2025 20:02:23;1;0.0;1;unknown;weak_rule;conservative_pair_rule_v2
состояние охраны;07.10.2025 05:10:44;1;0.0;1;unknown;weak_rule;conservative_pair_rule_v2
состояние охраны;07.10.2025 07:10:38;1;0.0;1;unknown;weak_rule;conservative_pair_rule_v2
состояние охраны;07.10.2025 07:54:52;1;0.0;1;unknown;weak_rule;conservative_pair_rule_v2
состояние охраны;07.10.2025 08:00:58;1;0.0;1;unknown;weak_rule;conservative_pair_rule_v2
состояние охраны;08.10.2025 09:15:31;1;0.0;1;unknown;weak_rule;conservative_pair_rule_v2
состояние охраны;08.10.2025 14:25:29;1;0.0;1;unknown;weak_rule;conservative_pair_rule_v2
состояние охраны;08.10.2025 16:39:26;1;0.0;1;unknown;weak_rule;conservative_pair_rule_v2
состояние охраны;08.10.2025 17:01:20;1;0.0;1;unknown;weak_rule;conservative_pair_rule_v2
состояние охраны;08.10.2025 17:06:49;1;0.0;1;unknown;weak_rule;conservative_pair_rule_v2
состояние охраны;08.10.2025 20:03:45;1;0.0;1;unknown;weak_rule;conservative_pair_rule_v2
состояние охраны;09.10.2025 07:11:03;1;0.0;1;unknown;weak_rule;conservative_pair_rule_v2
состояние охраны;12.10.2025 20:04:23;1;0.0;1;unknown;weak_rule;conservative_pair_rule_v2
состояние охраны;13.10.2025 03:35:54;1;0.0;1;unknown;weak_rule;conservative_pair_rule_v2
состояние охраны;13.10.2025 05:43:33;1;0.0;1;unknown;weak_rule;conservative_pair_rule_v2
состояние охраны;13.10.2025 07:08:28;1;0.0;1;unknown;weak_rule;conservative_pair_rule_v2
состояние охраны;13.10.2025 07:46:26;1;0.0;1;unknown;weak_rule;conservative_pair_rule_v2
состояние охраны;13.10.2025 08:08:24;1;0.0;1;unknown;weak_rule;conservative_pair_rule_v2
состояние охраны;13.10.2025 09:32:21;1;0.0;1;unknown;weak_rule;conservative_pair_rule_v2
состояние охраны;13.10.2025 15:13:14;1;0.0;1;unknown;weak_rule;conservative_pair_rule_v2
состояние охраны;15.10.2025 16:25:26;1;0.0;1;unknown;weak_rule;conservative_pair_rule_v2
состояние охраны;15.10.2025 16:34:57;1;0.0;1;unknown;weak_rule;conservative_pair_rule_v2
состояние охраны;15.10.2025 19:23:04;1;0.0;1;unknown;weak_rule;conservative_pair_rule_v2
состояние охраны;15.10.2025 19:29:47;1;0.0;1;unknown;weak_rule;conservative_pair_rule_v2
состояние охраны;15.10.2025 19:41:24;1;0.0;1;unknown;weak_rule;conservative_pair_rule_v2
состояние охраны;15.10.2025 19:43:51;1;0.0;1;unknown;weak_rule;conservative_pair_rule_v2
состояние охраны;16.10.2025 00:22:25;1;0.0;1;unknown;weak_rule;conservative_pair_rule_v2
состояние охраны;16.10.2025 07:52:02;1;0.0;1;unknown;weak_rule;conservative_pair_rule_v2
состояние охраны;16.10.2025 08:42:21;1;0.0;1;unknown;weak_rule;conservative_pair_rule_v2
состояние охраны;22.10.2025 17:05:46;1;0.0;1;unknown;weak_rule;conservative_pair_rule_v2
состояние охраны;22.10.2025 17:08:26;1;0.0;1;unknown;weak_rule;conservative_pair_rule_v2
состояние охраны;22.10.2025 22:23:17;1;0.0;1;unknown;weak_rule;conservative_pair_rule_v2
состояние охраны;25.10.2025 01:21:50;1;0.0;1;unknown;weak_rule;conservative_pair_rule_v2
состояние охраны;30.10.2025 07:54:58;1;0.0;1;unknown;weak_rule;conservative_pair_rule_v2
состояние охраны;30.10.2025 07:56:33;1;0.0;1;unknown;weak_rule;conservative_pair_rule_v2
состояние охраны;30.10.2025 08:00:30;1;0.0;1;unknown;weak_rule;conservative_pair_rule_v2
состояние охраны;30.10.2025 08:02:43;1;0.0;1;unknown;weak_rule;conservative_pair_rule_v2
состояние охраны;10.11.2025 16:38:09;1;0.0;1;unknown;weak_rule;conservative_pair_rule_v2
состояние охраны;11.11.2025 08:15:15;1;0.0;1;unknown;weak_rule;conservative_pair_rule_v2
состояние охраны;11.11.2025 08:36:18;1;0.0;1;unknown;weak_rule;conservative_pair_rule_v2
состояние охраны;11.11.2025 09:28:27;1;0.0;1;unknown;weak_rule;conservative_pair_rule_v2
состояние охраны;11.11.2025 15:48:33;1;0.0;1;unknown;weak_rule;conservative_pair_rule_v2
состояние охраны;11.11.2025 16:17:37;1;0.0;1;unknown;weak_rule;conservative_pair_rule_v2
состояние охраны;11.11.2025 16:38:56;1;0.0;1;unknown;weak_rule;conservative_pair_rule_v2
состояние охраны;12.11.2025 08:10:33;1;0.0;1;unknown;weak_rule;conservative_pair_rule_v2
состояние охраны;12.11.2025 08:35:19;1;0.0;1;unknown;weak_rule;conservative_pair_rule_v2
состояние охраны;12.11.2025 16:41:15;1;0.0;1;unknown;weak_rule;conservative_pair_rule_v2
состояние охраны;15.11.2025 03:30:18;1;0.0;1;unknown;weak_rule;conservative_pair_rule_v2
состояние охраны;15.11.2025 07:45:24;1;0.0;1;unknown;weak_rule;conservative_pair_rule_v2
состояние охраны;15.11.2025 17:45:31;1;0.0;1;unknown;weak_rule;conservative_pair_rule_v2
состояние охраны;15.11.2025 22:53:02;1;0.0;1;unknown;weak_rule;conservative_pair_rule_v2
состояние охраны;19.11.2025 17:00:22;1;0.0;1;unknown;weak_rule;conservative_pair_rule_v2
состояние охраны;19.11.2025 17:42:45;1;0.0;1;unknown;weak_rule;conservative_pair_rule_v2
состояние охраны;20.11.2025 07:14:10;1;0.0;1;unknown;weak_rule;conservative_pair_rule_v2
состояние охраны;20.11.2025 07:53:47;1;0.0;1;unknown;weak_rule;conservative_pair_rule_v2
состояние охраны;20.11.2025 07:53:50;1;0.0;1;unknown;weak_rule;conservative_pair_rule_v2
состояние охраны;20.11.2025 09:28:44;1;0.0;1;unknown;weak_rule;conservative_pair_rule_v2
состояние охраны;20.11.2025 09:50:16;1;0.0;1;unknown;weak_rule;conservative_pair_rule_v2
состояние охраны;20.11.2025 16:04:50;1;0.0;1;unknown;weak_rule;conservative_pair_rule_v2
состояние охраны;20.11.2025 16:17:12;1;0.0;1;unknown;weak_rule;conservative_pair_rule_v2
состояние охраны;20.11.2025 16:17:18;1;0.0;1;unknown;weak_rule;conservative_pair_rule_v2
состояние охраны;20.11.2025 16:23:03;1;0.0;1;unknown;weak_rule;conservative_pair_rule_v2
состояние охраны;20.11.2025 16:52:52;1;0.0;1;unknown;weak_rule;conservative_pair_rule_v2
состояние охраны;20.11.2025 16:59:01;1;0.0;1;unknown;weak_rule;conservative_pair_rule_v2
состояние охраны;25.11.2025 15:44:41;1;0.0;1;unknown;weak_rule;conservative_pair_rule_v2
состояние охраны;25.11.2025 16:00:14;1;0.0;1;unknown;weak_rule;conservative_pair_rule_v2
состояние охраны;25.11.2025 17:00:52;1;0.0;1;unknown;weak_rule;conservative_pair_rule_v2
состояние охраны;25.11.2025 17:07:57;1;0.0;1;unknown;weak_rule;conservative_pair_rule_v2
состояние охраны;25.11.2025 21:23:00;1;0.0;1;unknown;weak_rule;conservative_pair_rule_v2
состояние охраны;26.11.2025 07:48:02;1;0.0;1;unknown;weak_rule;conservative_pair_rule_v2
состояние охраны;26.11.2025 07:48:45;1;0.0;1;unknown;weak_rule;conservative_pair_rule_v2
состояние охраны;26.11.2025 08:17:57;1;0.0;1;unknown;weak_rule;conservative_pair_rule_v2
газовый датчик;2.11;1;0.0;1;unknown;weak_rule;conservative_pair_rule_v2
состояние охраны;01.12.2025 08:36:40;1;0.0;1;unknown;weak_rule;conservative_pair_rule_v2
состояние охраны;01.12.2025 13:49:26;1;0.0;1;unknown;weak_rule;conservative_pair_rule_v2
состояние охраны;01.12.2025 16:43:09;1;0.0;1;unknown;weak_rule;conservative_pair_rule_v2
состояние охраны;01.12.2025 20:04:41;1;0.0;1;unknown;weak_rule;conservative_pair_rule_v2
состояние охраны;02.12.2025 08:28:26;1;0.0;1;unknown;weak_rule;conservative_pair_rule_v2
состояние охраны;02.12.2025 08:31:27;1;0.0;1;unknown;weak_rule;conservative_pair_rule_v2
состояние охраны;02.12.2025 08:35:00;1;0.0;1;unknown;weak_rule;conservative_pair_rule_v2
состояние охраны;02.12.2025 08:45:26;1;0.0;1;unknown;weak_rule;conservative_pair_rule_v2
состояние охраны;02.12.2025 08:45:37;1;0.0;1;unknown;weak_rule;conservative_pair_rule_v2
состояние охраны;05.12.2025 07:56:30;1;0.0;1;unknown;weak_rule;conservative_pair_rule_v2
состояние охраны;07.12.2025 22:20:50;1;0.0;1;unknown;weak_rule;conservative_pair_rule_v2
состояние охраны;11.12.2025 07:15:44;1;0.0;1;unknown;weak_rule;conservative_pair_rule_v2
состояние охраны;11.12.2025 07:56:21;1;0.0;1;unknown;weak_rule;conservative_pair_rule_v2
состояние охраны;11.12.2025 08:00:32;1;0.0;1;unknown;weak_rule;conservative_pair_rule_v2
состояние охраны;11.12.2025 08:01:10;1;0.0;1;unknown;weak_rule;conservative_pair_rule_v2
состояние охраны;11.12.2025 08:03:23;1;0.0;1;unknown;weak_rule;conservative_pair_rule_v2
состояние охраны;11.12.2025 09:13:33;1;0.0;1;unknown;weak_rule;conservative_pair_rule_v2
состояние охраны;11.12.2025 18:05:51;1;0.0;1;unknown;weak_rule;conservative_pair_rule_v2
состояние охраны;16.12.2025 15:14:16;1;0.0;1;unknown;weak_rule;conservative_pair_rule_v2
состояние охраны;16.12.2025 16:07:34;1;0.0;1;unknown;weak_rule;conservative_pair_rule_v2
состояние охраны;16.12.2025 16:07:36;1;0.0;1;unknown;weak_rule;conservative_pair_rule_v2
состояние охраны;16.12.2025 16:24:00;1;0.0;1;unknown;weak_rule;conservative_pair_rule_v2
состояние охраны;16.12.2025 22:28:09;1;0.0;1;unknown;weak_rule;conservative_pair_rule_v2
состояние охраны;22.12.2025 09:48:44;1;0.0;1;unknown;weak_rule;conservative_pair_rule_v2
состояние охраны;22.12.2025 09:48:48;1;0.0;1;unknown;weak_rule;conservative_pair_rule_v2
состояние охраны;22.12.2025 16:38:06;1;0.0;1;unknown;weak_rule;conservative_pair_rule_v2
состояние охраны;22.12.2025 17:13:09;1;0.0;1;unknown;weak_rule;conservative_pair_rule_v2
состояние охраны;24.12.2025 16:26:16;1;0.0;1;unknown;weak_rule;conservative_pair_rule_v2
состояние охраны;24.12.2025 17:01:26;1;0.0;1;unknown;weak_rule;conservative_pair_rule_v2
состояние охраны;25.12.2025 07:59:12;1;0.0;1;unknown;weak_rule;conservative_pair_rule_v2
состояние охраны;25.12.2025 12:06:58;1;0.0;1;unknown;weak_rule;conservative_pair_rule_v2
состояние охраны;30.12.2025 08:19:01;1;0.0;1;unknown;weak_rule;conservative_pair_rule_v2
состояние охраны;30.12.2025 08:42:04;1;0.0;1;unknown;weak_rule;conservative_pair_rule_v2
газовый датчик;4.83;1;0.0;1;unknown;weak_rule;conservative_pair_rule_v2
газовый датчик;4.21;1;0.0;1;unknown;weak_rule;conservative_pair_rule_v2
состояние охраны;15.05.2025 08:48:25;1;0.0;1;unknown;weak_rule;conservative_pair_rule_v2
состояние охраны;15.05.2025 15:34:34;1;0.0;1;unknown;weak_rule;conservative_pair_rule_v2
состояние охраны;15.05.2025 16:56:17;1;0.0;1;unknown;weak_rule;conservative_pair_rule_v2
состояние охраны;17.05.2025 07:53:37;1;0.0;1;unknown;weak_rule;conservative_pair_rule_v2
состояние охраны;17.05.2025 09:42:48;1;0.0;1;unknown;weak_rule;conservative_pair_rule_v2
состояние охраны;17.05.2025 20:04:58;1;0.0;1;unknown;weak_rule;conservative_pair_rule_v2
состояние охраны;18.05.2025 08:30:22;1;0.0;1;unknown;weak_rule;conservative_pair_rule_v2
состояние охраны;26.05.2025 01:00:02;1;0.0;1;unknown;weak_rule;conservative_pair_rule_v2
состояние охраны;26.05.2025 07:18:49;1;0.0;1;unknown;weak_rule;conservative_pair_rule_v2
состояние охраны;26.05.2025 07:49:14;1;0.0;1;unknown;weak_rule;conservative_pair_rule_v2
состояние охраны;29.05.2025 07:07:24;1;0.0;1;unknown;weak_rule;conservative_pair_rule_v2
состояние охраны;29.05.2025 07:47:16;1;0.0;1;unknown;weak_rule;conservative_pair_rule_v2
состояние охраны;29.05.2025 07:54:56;1;0.0;1;unknown;weak_rule;conservative_pair_rule_v2
состояние охраны;29.05.2025 08:49:39;1;0.0;1;unknown;weak_rule;conservative_pair_rule_v2
состояние охраны;29.05.2025 09:00:22;1;0.0;1;unknown;weak_rule;conservative_pair_rule_v2
состояние охраны;29.05.2025 14:57:51;1;0.0;1;unknown;weak_rule;conservative_pair_rule_v2
состояние охраны;29.05.2025 15:01:17;1;0.0;1;unknown;weak_rule;conservative_pair_rule_v2
состояние охраны;29.05.2025 15:09:28;1;0.0;1;unknown;weak_rule;conservative_pair_rule_v2
состояние охраны;29.05.2025 15:09:34;1;0.0;1;unknown;weak_rule;conservative_pair_rule_v2
состояние охраны;29.05.2025 16:29:45;1;0.0;1;unknown;weak_rule;conservative_pair_rule_v2
состояние охраны;29.05.2025 16:39:00;1;0.0;1;unknown;weak_rule;conservative_pair_rule_v2
состояние охраны;29.05.2025 16:47:00;1;0.0;1;unknown;weak_rule;conservative_pair_rule_v2
состояние охраны;29.05.2025 16:47:40;1;0.0;1;unknown;weak_rule;conservative_pair_rule_v2
состояние охраны;29.05.2025 19:22:56;1;0.0;1;unknown;weak_rule;conservative_pair_rule_v2
состояние охраны;29.05.2025 21:56:31;1;0.0;1;unknown;weak_rule;conservative_pair_rule_v2
состояние охраны;29.05.2025 23:25:07;1;0.0;1;unknown;weak_rule;conservative_pair_rule_v2
состояние охраны;02.06.2025 07:54:53;1;0.0;1;unknown;weak_rule;conservative_pair_rule_v2
состояние охраны;02.06.2025 08:01:55;1;0.0;1;unknown;weak_rule;conservative_pair_rule_v2
состояние охраны;02.06.2025 21:51:23;1;0.0;1;unknown;weak_rule;conservative_pair_rule_v2
состояние охраны;02.06.2025 23:23:24;1;0.0;1;unknown;weak_rule;conservative_pair_rule_v2
состояние охраны;06.06.2025 15:28:42;1;0.0;1;unknown;weak_rule;conservative_pair_rule_v2
состояние охраны;06.06.2025 19:14:09;1;0.0;1;unknown;weak_rule;conservative_pair_rule_v2
состояние охраны;10.06.2025 10:10:52;1;0.0;1;unknown;weak_rule;conservative_pair_rule_v2
состояние охраны;10.06.2025 18:02:33;1;0.0;1;unknown;weak_rule;conservative_pair_rule_v2
состояние охраны;10.06.2025 19:19:54;1;0.0;1;unknown;weak_rule;conservative_pair_rule_v2
состояние охраны;13.06.2025 11:25:21;1;0.0;1;unknown;weak_rule;conservative_pair_rule_v2
состояние охраны;17.06.2025 15:12:58;1;0.0;1;unknown;weak_rule;conservative_pair_rule_v2
состояние охраны;17.06.2025 16:40:19;1;0.0;1;unknown;weak_rule;conservative_pair_rule_v2
состояние охраны;17.06.2025 16:40:20;1;0.0;1;unknown;weak_rule;conservative_pair_rule_v2
состояние охраны;17.06.2025 20:53:54;1;0.0;1;unknown;weak_rule;conservative_pair_rule_v2
состояние охраны;17.06.2025 22:47:29;1;0.0;1;unknown;weak_rule;conservative_pair_rule_v2
состояние охраны;17.06.2025 23:27:42;1;0.0;1;unknown;weak_rule;conservative_pair_rule_v2
состояние охраны;18.06.2025 02:22:57;1;0.0;1;unknown;weak_rule;conservative_pair_rule_v2
состояние охраны;18.06.2025 02:58:05;1;0.0;1;unknown;weak_rule;conservative_pair_rule_v2
состояние охраны;18.06.2025 07:19:11;1;0.0;1;unknown;weak_rule;conservative_pair_rule_v2
состояние охраны;22.06.2025 01:35:47;1;0.0;1;unknown;weak_rule;conservative_pair_rule_v2
состояние охраны;22.06.2025 11:51:50;1;0.0;1;unknown;weak_rule;conservative_pair_rule_v2
состояние охраны;22.06.2025 11:51:52;1;0.0;1;unknown;weak_rule;conservative_pair_rule_v2
состояние охраны;22.06.2025 18:17:49;1;0.0;1;unknown;weak_rule;conservative_pair_rule_v2
состояние охраны;22.06.2025 19:15:51;1;0.0;1;unknown;weak_rule;conservative_pair_rule_v2
состояние охраны;25.06.2025 21:46:46;1;0.0;1;unknown;weak_rule;conservative_pair_rule_v2
состояние охраны;26.06.2025 05:02:08;1;0.0;1;unknown;weak_rule;conservative_pair_rule_v2
состояние охраны;26.06.2025 10:16:00;1;0.0;1;unknown;weak_rule;conservative_pair_rule_v2
состояние охраны;26.06.2025 11:48:02;1;0.0;1;unknown;weak_rule;conservative_pair_rule_v2
состояние охраны;26.06.2025 13:04:30;1;0.0;1;unknown;weak_rule;conservative_pair_rule_v2
состояние охраны;26.06.2025 15:06:07;1;0.0;1;unknown;weak_rule;conservative_pair_rule_v2
состояние охраны;26.06.2025 16:19:30;1;0.0;1;unknown;weak_rule;conservative_pair_rule_v2
состояние охраны;26.06.2025 16:41:49;1;0.0;1;unknown;weak_rule;conservative_pair_rule_v2
состояние охраны;26.06.2025 20:08:06;1;0.0;1;unknown;weak_rule;conservative_pair_rule_v2
состояние охраны;26.06.2025 20:08:09;1;0.0;1;unknown;weak_rule;conservative_pair_rule_v2
состояние охраны;01.07.2025 07:50:27;1;0.0;1;unknown;weak_rule;conservative_pair_rule_v2
состояние охраны;01.07.2025 08:12:28;1;0.0;1;unknown;weak_rule;conservative_pair_rule_v2
состояние охраны;01.07.2025 17:01:06;1;0.0;1;unknown;weak_rule;conservative_pair_rule_v2
состояние охраны;01.07.2025 17:11:08;1;0.0;1;unknown;weak_rule;conservative_pair_rule_v2
состояние охраны;01.07.2025 18:01:45;1;0.0;1;unknown;weak_rule;conservative_pair_rule_v2
состояние охраны;02.07.2025 22:27:04;1;0.0;1;unknown;weak_rule;conservative_pair_rule_v2
состояние охраны;02.07.2025 22:28:00;1;0.0;1;unknown;weak_rule;conservative_pair_rule_v2
состояние охраны;02.07.2025 22:29:50;1;0.0;1;unknown;weak_rule;conservative_pair_rule_v2
состояние охраны;03.07.2025 07:08:40;1;0.0;1;unknown;weak_rule;conservative_pair_rule_v2
состояние охраны;03.07.2025 07:58:10;1;0.0;1;unknown;weak_rule;conservative_pair_rule_v2
состояние охраны;03.07.2025 12:55:37;1;0.0;1;unknown;weak_rule;conservative_pair_rule_v2
состояние охраны;06.07.2025 07:56:25;1;0.0;1;unknown;weak_rule;conservative_pair_rule_v2
состояние охраны;06.07.2025 08:05:41;1;0.0;1;unknown;weak_rule;conservative_pair_rule_v2
состояние охраны;06.07.2025 08:26:51;1;0.0;1;unknown;weak_rule;conservative_pair_rule_v2
состояние охраны;06.07.2025 09:41:27;1;0.0;1;unknown;weak_rule;conservative_pair_rule_v2
состояние охраны;10.07.2025 23:43:04;1;0.0;1;unknown;weak_rule;conservative_pair_rule_v2
состояние охраны;11.07.2025 07:16:36;1;0.0;1;unknown;weak_rule;conservative_pair_rule_v2
состояние охраны;11.07.2025 07:39:41;1;0.0;1;unknown;weak_rule;conservative_pair_rule_v2
состояние охраны;11.07.2025 07:39:49;1;0.0;1;unknown;weak_rule;conservative_pair_rule_v2
состояние охраны;17.07.2025 19:41:05;1;0.0;1;unknown;weak_rule;conservative_pair_rule_v2
состояние охраны;17.07.2025 22:21:55;1;0.0;1;unknown;weak_rule;conservative_pair_rule_v2
состояние охраны;18.07.2025 13:09:07;1;0.0;1;unknown;weak_rule;conservative_pair_rule_v2
состояние охраны;18.07.2025 14:04:42;1;0.0;1;unknown;weak_rule;conservative_pair_rule_v2
состояние охраны;18.07.2025 14:10:51;1;0.0;1;unknown;weak_rule;conservative_pair_rule_v2
состояние охраны;22.07.2025 13:48:12;1;0.0;1;unknown;weak_rule;conservative_pair_rule_v2
состояние охраны;22.07.2025 13:48:17;1;0.0;1;unknown;weak_rule;conservative_pair_rule_v2
состояние охраны;22.07.2025 16:01:45;1;0.0;1;unknown;weak_rule;conservative_pair_rule_v2
состояние охраны;22.07.2025 16:04:06;1;0.0;1;unknown;weak_rule;conservative_pair_rule_v2
состояние охраны;22.07.2025 16:26:00;1;0.0;1;unknown;weak_rule;conservative_pair_rule_v2
состояние охраны;22.07.2025 22:10:51;1;0.0;1;unknown;weak_rule;conservative_pair_rule_v2
состояние охраны;22.07.2025 23:00:54;1;0.0;1;unknown;weak_rule;conservative_pair_rule_v2
состояние охраны;22.07.2025 23:22:21;1;0.0;1;unknown;weak_rule;conservative_pair_rule_v2
состояние охраны;23.07.2025 04:21:53;1;0.0;1;unknown;weak_rule;conservative_pair_rule_v2
состояние охраны;24.07.2025 07:47:46;1;0.0;1;unknown;weak_rule;conservative_pair_rule_v2
состояние охраны;24.07.2025 07:52:29;1;0.0;1;unknown;weak_rule;conservative_pair_rule_v2
состояние охраны;24.07.2025 08:08:54;1;0.0;1;unknown;weak_rule;conservative_pair_rule_v2
состояние охраны;24.07.2025 08:32:03;1;0.0;1;unknown;weak_rule;conservative_pair_rule_v2
состояние охраны;24.07.2025 16:06:44;1;0.0;1;unknown;weak_rule;conservative_pair_rule_v2
состояние охраны;24.07.2025 16:40:39;1;0.0;1;unknown;weak_rule;conservative_pair_rule_v2
состояние охраны;28.07.2025 07:33:11;1;0.0;1;unknown;weak_rule;conservative_pair_rule_v2
состояние охраны;28.07.2025 08:04:36;1;0.0;1;unknown;weak_rule;conservative_pair_rule_v2
состояние охраны;28.07.2025 14:43:06;1;0.0;1;unknown;weak_rule;conservative_pair_rule_v2
состояние охраны;28.07.2025 14:43:10;1;0.0;1;unknown;weak_rule;conservative_pair_rule_v2
состояние охраны;28.07.2025 17:00:40;1;0.0;1;unknown;weak_rule;conservative_pair_rule_v2
состояние охраны;28.07.2025 18:45:43;1;0.0;1;unknown;weak_rule;conservative_pair_rule_v2
состояние охраны;28.07.2025 21:30:01;1;0.0;1;unknown;weak_rule;conservative_pair_rule_v2
состояние охраны;28.07.2025 23:37:46;1;0.0;1;unknown;weak_rule;conservative_pair_rule_v2
состояние охраны;28.07.2025 23:50:25;1;0.0;1;unknown;weak_rule;conservative_pair_rule_v2
состояние охраны;29.07.2025 00:02:25;1;0.0;1;unknown;weak_rule;conservative_pair_rule_v2
состояние охраны;31.07.2025 14:09:53;1;0.0;1;unknown;weak_rule;conservative_pair_rule_v2
состояние охраны;31.07.2025 16:27:13;1;0.0;1;unknown;weak_rule;conservative_pair_rule_v2
состояние охраны;31.07.2025 18:36:41;1;0.0;1;unknown;weak_rule;conservative_pair_rule_v2
состояние охраны;31.07.2025 20:04:51;1;0.0;1;unknown;weak_rule;conservative_pair_rule_v2
состояние охраны;31.07.2025 21:15:08;1;0.0;1;unknown;weak_rule;conservative_pair_rule_v2
состояние охраны;01.08.2025 02:16:10;1;0.0;1;unknown;weak_rule;conservative_pair_rule_v2
состояние охраны;01.08.2025 06:01:37;1;0.0;1;unknown;weak_rule;conservative_pair_rule_v2
состояние охраны;01.08.2025 07:43:50;1;0.0;1;unknown;weak_rule;conservative_pair_rule_v2
состояние охраны;01.08.2025 08:01:26;1;0.0;1;unknown;weak_rule;conservative_pair_rule_v2
состояние охраны;06.12.2024 12:00:24;1;0.0;1;unknown;weak_rule;conservative_pair_rule_v2
состояние охраны;04.08.2025 08:34:15;1;0.0;1;unknown;weak_rule;conservative_pair_rule_v2
состояние охраны;04.08.2025 14:57:58;1;0.0;1;unknown;weak_rule;conservative_pair_rule_v2
состояние охраны;04.08.2025 14:58:01;1;0.0;1;unknown;weak_rule;conservative_pair_rule_v2
состояние охраны;04.08.2025 15:03:42;1;0.0;1;unknown;weak_rule;conservative_pair_rule_v2
состояние охраны;04.08.2025 15:20:32;1;0.0;1;unknown;weak_rule;conservative_pair_rule_v2
состояние охраны;04.08.2025 16:22:26;1;0.0;1;unknown;weak_rule;conservative_pair_rule_v2
состояние охраны;04.08.2025 16:22:34;1;0.0;1;unknown;weak_rule;conservative_pair_rule_v2
состояние охраны;04.08.2025 19:35:33;1;0.0;1;unknown;weak_rule;conservative_pair_rule_v2
состояние охраны;04.08.2025 20:01:36;1;0.0;1;unknown;weak_rule;conservative_pair_rule_v2
состояние охраны;04.08.2025 21:03:09;1;0.0;1;unknown;weak_rule;conservative_pair_rule_v2
состояние охраны;04.08.2025 22:53:54;1;0.0;1;unknown;weak_rule;conservative_pair_rule_v2
состояние охраны;04.08.2025 23:48:16;1;0.0;1;unknown;weak_rule;conservative_pair_rule_v2
состояние охраны;08.08.2025 15:46:03;1;0.0;1;unknown;weak_rule;conservative_pair_rule_v2
состояние охраны;09.08.2025 07:56:59;1;0.0;1;unknown;weak_rule;conservative_pair_rule_v2
состояние охраны;09.08.2025 08:00:21;1;0.0;1;unknown;weak_rule;conservative_pair_rule_v2
состояние охраны;13.08.2025 04:15:40;1;0.0;1;unknown;weak_rule;conservative_pair_rule_v2
состояние охраны;13.08.2025 04:16:44;1;0.0;1;unknown;weak_rule;conservative_pair_rule_v2
состояние охраны;13.08.2025 07:39:45;1;0.0;1;unknown;weak_rule;conservative_pair_rule_v2
состояние охраны;13.08.2025 13:52:53;1;0.0;1;unknown;weak_rule;conservative_pair_rule_v2
состояние охраны;13.08.2025 14:42:02;1;0.0;1;unknown;weak_rule;conservative_pair_rule_v2
состояние охраны;13.08.2025 16:09:25;1;0.0;1;unknown;weak_rule;conservative_pair_rule_v2
состояние охраны;13.08.2025 18:46:21;1;0.0;1;unknown;weak_rule;conservative_pair_rule_v2
состояние охраны;13.08.2025 20:01:13;1;0.0;1;unknown;weak_rule;conservative_pair_rule_v2
состояние охраны;13.08.2025 21:14:54;1;0.0;1;unknown;weak_rule;conservative_pair_rule_v2
состояние охраны;14.08.2025 07:26:55;1;0.0;1;unknown;weak_rule;conservative_pair_rule_v2
состояние охраны;14.08.2025 07:36:18;1;0.0;1;unknown;weak_rule;conservative_pair_rule_v2
состояние охраны;14.08.2025 08:07:37;1;0.0;1;unknown;weak_rule;conservative_pair_rule_v2
состояние охраны;14.08.2025 09:30:21;1;0.0;1;unknown;weak_rule;conservative_pair_rule_v2
состояние охраны;14.08.2025 16:09:17;1;0.0;1;unknown;weak_rule;conservative_pair_rule_v2
состояние охраны;14.08.2025 16:29:54;1;0.0;1;unknown;weak_rule;conservative_pair_rule_v2
состояние охраны;14.08.2025 20:03:56;1;0.0;1;unknown;weak_rule;conservative_pair_rule_v2
состояние охраны;14.08.2025 21:57:28;1;0.0;1;unknown;weak_rule;conservative_pair_rule_v2
состояние охраны;15.08.2025 07:17:57;1;0.0;1;unknown;weak_rule;conservative_pair_rule_v2
состояние охраны;15.08.2025 07:29:13;1;0.0;1;unknown;weak_rule;conservative_pair_rule_v2
состояние охраны;15.08.2025 07:29:18;1;0.0;1;unknown;weak_rule;conservative_pair_rule_v2
состояние охраны;15.08.2025 08:18:05;1;0.0;1;unknown;weak_rule;conservative_pair_rule_v2
состояние охраны;18.08.2025 12:22:41;1;0.0;1;unknown;weak_rule;conservative_pair_rule_v2
состояние охраны;18.08.2025 12:22:47;1;0.0;1;unknown;weak_rule;conservative_pair_rule_v2
состояние охраны;18.08.2025 16:25:49;1;0.0;1;unknown;weak_rule;conservative_pair_rule_v2
состояние охраны;18.08.2025 17:00:25;1;0.0;1;unknown;weak_rule;conservative_pair_rule_v2
состояние охраны;22.08.2025 07:36:24;1;0.0;1;unknown;weak_rule;conservative_pair_rule_v2
состояние охраны;22.08.2025 07:49:52;1;0.0;1;unknown;weak_rule;conservative_pair_rule_v2
состояние охраны;22.08.2025 08:01:42;1;0.0;1;unknown;weak_rule;conservative_pair_rule_v2
состояние охраны;22.08.2025 08:02:08;1;0.0;1;unknown;weak_rule;conservative_pair_rule_v2
состояние охраны;22.08.2025 09:05:15;1;0.0;1;unknown;weak_rule;conservative_pair_rule_v2
состояние охраны;22.08.2025 13:45:27;1;0.0;1;unknown;weak_rule;conservative_pair_rule_v2
состояние охраны;25.08.2025 09:33:40;1;0.0;1;unknown;weak_rule;conservative_pair_rule_v2
состояние охраны;25.08.2025 11:57:24;1;0.0;1;unknown;weak_rule;conservative_pair_rule_v2
состояние охраны;25.08.2025 12:43:53;1;0.0;1;unknown;weak_rule;conservative_pair_rule_v2
состояние охраны;25.08.2025 15:45:43;1;0.0;1;unknown;weak_rule;conservative_pair_rule_v2
состояние охраны;25.08.2025 15:51:08;1;0.0;1;unknown;weak_rule;conservative_pair_rule_v2
состояние охраны;25.08.2025 16:59:09;1;0.0;1;unknown;weak_rule;conservative_pair_rule_v2
состояние охраны;25.08.2025 17:00:22;1;0.0;1;unknown;weak_rule;conservative_pair_rule_v2
состояние охраны;31.08.2025 10:44:59;1;0.0;1;unknown;weak_rule;conservative_pair_rule_v2
состояние охраны;31.08.2025 19:05:25;1;0.0;1;unknown;weak_rule;conservative_pair_rule_v2
состояние охраны;03.09.2025 16:04:25;1;0.0;1;unknown;weak_rule;conservative_pair_rule_v2
состояние охраны;03.09.2025 16:04:34;1;0.0;1;unknown;weak_rule;conservative_pair_rule_v2
состояние охраны;03.09.2025 16:13:56;1;0.0;1;unknown;weak_rule;conservative_pair_rule_v2
состояние охраны;03.09.2025 16:27:35;1;0.0;1;unknown;weak_rule;conservative_pair_rule_v2
состояние охраны;03.09.2025 16:46:36;1;0.0;1;unknown;weak_rule;conservative_pair_rule_v2
состояние охраны;03.09.2025 22:12:10;1;0.0;1;unknown;weak_rule;conservative_pair_rule_v2
состояние охраны;04.09.2025 08:58:11;1;0.0;1;unknown;weak_rule;conservative_pair_rule_v2
состояние охраны;07.09.2025 08:32:07;1;0.0;1;unknown;weak_rule;conservative_pair_rule_v2
состояние охраны;07.09.2025 20:02:12;1;0.0;1;unknown;weak_rule;conservative_pair_rule_v2
состояние охраны;10.09.2025 16:04:45;1;0.0;1;unknown;weak_rule;conservative_pair_rule_v2
состояние охраны;10.09.2025 16:44:11;1;0.0;1;unknown;weak_rule;conservative_pair_rule_v2
состояние охраны;10.09.2025 19:45:06;1;0.0;1;unknown;weak_rule;conservative_pair_rule_v2
состояние охраны;15.09.2025 14:49:41;1;0.0;1;unknown;weak_rule;conservative_pair_rule_v2
состояние охраны;15.09.2025 16:45:44;1;0.0;1;unknown;weak_rule;conservative_pair_rule_v2
состояние охраны;15.09.2025 16:48:33;1;0.0;1;unknown;weak_rule;conservative_pair_rule_v2
состояние охраны;15.09.2025 17:05:40;1;0.0;1;unknown;weak_rule;conservative_pair_rule_v2
состояние охраны;19.09.2025 07:42:19;1;0.0;1;unknown;weak_rule;conservative_pair_rule_v2
состояние охраны;19.09.2025 07:51:29;1;0.0;1;unknown;weak_rule;conservative_pair_rule_v2
состояние охраны;19.09.2025 08:51:37;1;0.0;1;unknown;weak_rule;conservative_pair_rule_v2
состояние охраны;19.09.2025 09:04:12;1;0.0;1;unknown;weak_rule;conservative_pair_rule_v2
состояние охраны;19.09.2025 14:34:54;1;0.0;1;unknown;weak_rule;conservative_pair_rule_v2
состояние охраны;19.09.2025 14:43:21;1;0.0;1;unknown;weak_rule;conservative_pair_rule_v2
состояние охраны;19.09.2025 14:43:27;1;0.0;1;unknown;weak_rule;conservative_pair_rule_v2
состояние охраны;19.09.2025 14:43:35;1;0.0;1;unknown;weak_rule;conservative_pair_rule_v2
состояние охраны;19.09.2025 14:54:54;1;0.0;1;unknown;weak_rule;conservative_pair_rule_v2
состояние охраны;19.09.2025 15:24:30;1;0.0;1;unknown;weak_rule;conservative_pair_rule_v2
состояние охраны;19.09.2025 17:10:01;1;0.0;1;unknown;weak_rule;conservative_pair_rule_v2
состояние охраны;23.09.2025 17:00:25;1;0.0;1;unknown;weak_rule;conservative_pair_rule_v2
состояние охраны;23.09.2025 17:01:07;1;0.0;1;unknown;weak_rule;conservative_pair_rule_v2
состояние охраны;23.09.2025 18:11:50;1;0.0;1;unknown;weak_rule;conservative_pair_rule_v2
состояние охраны;23.09.2025 22:53:23;1;0.0;1;unknown;weak_rule;conservative_pair_rule_v2
состояние охраны;24.09.2025 00:58:02;1;0.0;1;unknown;weak_rule;conservative_pair_rule_v2
состояние охраны;24.09.2025 07:19:26;1;0.0;1;unknown;weak_rule;conservative_pair_rule_v2
состояние охраны;24.09.2025 07:35:43;1;0.0;1;unknown;weak_rule;conservative_pair_rule_v2
состояние охраны;24.09.2025 07:38:10;1;0.0;1;unknown;weak_rule;conservative_pair_rule_v2
состояние охраны;24.09.2025 07:48:30;1;0.0;1;unknown;weak_rule;conservative_pair_rule_v2
состояние охраны;24.09.2025 08:04:25;1;0.0;1;unknown;weak_rule;conservative_pair_rule_v2
состояние охраны;24.09.2025 10:16:23;1;0.0;1;unknown;weak_rule;conservative_pair_rule_v2
состояние охраны;25.09.2025 11:53:44;1;0.0;1;unknown;weak_rule;conservative_pair_rule_v2
состояние охраны;25.09.2025 15:43:42;1;0.0;1;unknown;weak_rule;conservative_pair_rule_v2
состояние охраны;25.09.2025 16:36:46;1;0.0;1;unknown;weak_rule;conservative_pair_rule_v2
состояние охраны;25.09.2025 16:48:46;1;0.0;1;unknown;weak_rule;conservative_pair_rule_v2
состояние охраны;25.09.2025 17:00:24;1;0.0;1;unknown;weak_rule;conservative_pair_rule_v2
состояние охраны;25.09.2025 17:02:58;1;0.0;1;unknown;weak_rule;conservative_pair_rule_v2
состояние охраны;26.09.2025 08:03:24;1;0.0;1;unknown;weak_rule;conservative_pair_rule_v2
состояние охраны;26.09.2025 08:08:08;1;0.0;1;unknown;weak_rule;conservative_pair_rule_v2
состояние охраны;30.09.2025 12:05:42;1;0.0;1;unknown;weak_rule;conservative_pair_rule_v2
состояние охраны;30.09.2025 12:29:54;1;0.0;1;unknown;weak_rule;conservative_pair_rule_v2
состояние охраны;30.09.2025 16:29:58;1;0.0;1;unknown;weak_rule;conservative_pair_rule_v2
состояние охраны;30.09.2025 17:27:54;1;0.0;1;unknown;weak_rule;conservative_pair_rule_v2
состояние охраны;30.09.2025 17:52:36;1;0.0;1;unknown;weak_rule;conservative_pair_rule_v2
состояние охраны;30.09.2025 18:22:55;1;0.0;1;unknown;weak_rule;conservative_pair_rule_v2
состояние охраны;30.09.2025 20:22:31;1;0.0;1;unknown;weak_rule;conservative_pair_rule_v2
состояние охраны;01.10.2025 07:44:55;1;0.0;1;unknown;weak_rule;conservative_pair_rule_v2
состояние охраны;01.10.2025 08:01:05;1;0.0;1;unknown;weak_rule;conservative_pair_rule_v2
состояние охраны;06.10.2025 15:25:13;1;0.0;1;unknown;weak_rule;conservative_pair_rule_v2
состояние охраны;06.10.2025 16:46:38;1;0.0;1;unknown;weak_rule;conservative_pair_rule_v2
состояние охраны;06.10.2025 16:57:53;1;0.0;1;unknown;weak_rule;conservative_pair_rule_v2
состояние охраны;07.10.2025 07:37:44;1;0.0;1;unknown;weak_rule;conservative_pair_rule_v2
состояние охраны;07.10.2025 07:51:30;1;0.0;1;unknown;weak_rule;conservative_pair_rule_v2
состояние охраны;07.10.2025 07:59:30;1;0.0;1;unknown;weak_rule;conservative_pair_rule_v2
состояние охраны;07.10.2025 08:00:12;1;0.0;1;unknown;weak_rule;conservative_pair_rule_v2
состояние охраны;08.10.2025 10:07:09;1;0.0;1;unknown;weak_rule;conservative_pair_rule_v2
состояние охраны;08.10.2025 16:42:21;1;0.0;1;unknown;weak_rule;conservative_pair_rule_v2
состояние охраны;09.10.2025 07:59:21;1;0.0;1;unknown;weak_rule;conservative_pair_rule_v2
состояние охраны;13.10.2025 08:01:19;1;0.0;1;unknown;weak_rule;conservative_pair_rule_v2
состояние охраны;13.10.2025 08:01:35;1;0.0;1;unknown;weak_rule;conservative_pair_rule_v2
состояние охраны;13.10.2025 15:13:10;1;0.0;1;unknown;weak_rule;conservative_pair_rule_v2
состояние охраны;15.10.2025 17:00:29;1;0.0;1;unknown;weak_rule;conservative_pair_rule_v2
состояние охраны;15.10.2025 18:07:48;1;0.0;1;unknown;weak_rule;conservative_pair_rule_v2
состояние охраны;15.10.2025 19:02:49;1;0.0;1;unknown;weak_rule;conservative_pair_rule_v2
состояние охраны;16.10.2025 00:13:40;1;0.0;1;unknown;weak_rule;conservative_pair_rule_v2
состояние охраны;16.10.2025 07:46:34;1;0.0;1;unknown;weak_rule;conservative_pair_rule_v2
состояние охраны;16.10.2025 08:00:46;1;0.0;1;unknown;weak_rule;conservative_pair_rule_v2
состояние охраны;16.10.2025 08:01:03;1;0.0;1;unknown;weak_rule;conservative_pair_rule_v2
состояние охраны;16.10.2025 08:35:29;1;0.0;1;unknown;weak_rule;conservative_pair_rule_v2
состояние охраны;22.10.2025 07:52:19;1;0.0;1;unknown;weak_rule;conservative_pair_rule_v2
состояние охраны;22.10.2025 07:57:25;1;0.0;1;unknown;weak_rule;conservative_pair_rule_v2
состояние охраны;22.10.2025 08:01:06;1;0.0;1;unknown;weak_rule;conservative_pair_rule_v2
состояние охраны;22.10.2025 08:06:59;1;0.0;1;unknown;weak_rule;conservative_pair_rule_v2
состояние охраны;22.10.2025 16:48:24;1;0.0;1;unknown;weak_rule;conservative_pair_rule_v2
состояние охраны;22.10.2025 17:04:36;1;0.0;1;unknown;weak_rule;conservative_pair_rule_v2
состояние охраны;25.10.2025 00:55:38;1;0.0;1;unknown;weak_rule;conservative_pair_rule_v2
состояние охраны;25.10.2025 16:52:03;1;0.0;1;unknown;weak_rule;conservative_pair_rule_v2
состояние охраны;30.10.2025 07:07:00;1;0.0;1;unknown;weak_rule;conservative_pair_rule_v2
состояние охраны;30.10.2025 08:17:11;1;0.0;1;unknown;weak_rule;conservative_pair_rule_v2
состояние охраны;30.10.2025 08:58:03;1;0.0;1;unknown;weak_rule;conservative_pair_rule_v2
состояние охраны;30.10.2025 09:10:58;1;0.0;1;unknown;weak_rule;conservative_pair_rule_v2
состояние охраны;01.11.2025 18:38:13;1;0.0;1;unknown;weak_rule;conservative_pair_rule_v2
состояние охраны;01.11.2025 20:04:46;1;0.0;1;unknown;weak_rule;conservative_pair_rule_v2
состояние охраны;01.11.2025 23:03:43;1;0.0;1;unknown;weak_rule;conservative_pair_rule_v2
состояние охраны;01.11.2025 23:05:07;1;0.0;1;unknown;weak_rule;conservative_pair_rule_v2
состояние охраны;10.11.2025 16:07:52;1;0.0;1;unknown;weak_rule;conservative_pair_rule_v2
состояние охраны;10.11.2025 16:30:32;1;0.0;1;unknown;weak_rule;conservative_pair_rule_v2
состояние охраны;10.11.2025 16:30:35;1;0.0;1;unknown;weak_rule;conservative_pair_rule_v2
состояние охраны;10.11.2025 16:47:42;1;0.0;1;unknown;weak_rule;conservative_pair_rule_v2
состояние охраны;10.11.2025 20:03:28;1;0.0;1;unknown;weak_rule;conservative_pair_rule_v2
состояние охраны;11.11.2025 07:53:24;1;0.0;1;unknown;weak_rule;conservative_pair_rule_v2
состояние охраны;11.11.2025 08:01:38;1;0.0;1;unknown;weak_rule;conservative_pair_rule_v2
состояние охраны;11.11.2025 08:07:41;1;0.0;1;unknown;weak_rule;conservative_pair_rule_v2
состояние охраны;11.11.2025 09:28:23;1;0.0;1;unknown;weak_rule;conservative_pair_rule_v2
состояние охраны;11.11.2025 16:21:50;1;0.0;1;unknown;weak_rule;conservative_pair_rule_v2
состояние охраны;11.11.2025 16:39:00;1;0.0;1;unknown;weak_rule;conservative_pair_rule_v2
состояние охраны;11.11.2025 16:53:13;1;0.0;1;unknown;weak_rule;conservative_pair_rule_v2
состояние охраны;11.11.2025 20:11:42;1;0.0;1;unknown;weak_rule;conservative_pair_rule_v2
состояние охраны;12.11.2025 07:15:18;1;0.0;1;unknown;weak_rule;conservative_pair_rule_v2
состояние охраны;12.11.2025 07:40:22;1;0.0;1;unknown;weak_rule;conservative_pair_rule_v2
состояние охраны;12.11.2025 08:08:40;1;0.0;1;unknown;weak_rule;conservative_pair_rule_v2
состояние охраны;12.11.2025 08:35:15;1;0.0;1;unknown;weak_rule;conservative_pair_rule_v2
состояние охраны;12.11.2025 13:45:57;1;0.0;1;unknown;weak_rule;conservative_pair_rule_v2
состояние охраны;12.11.2025 13:46:05;1;0.0;1;unknown;weak_rule;conservative_pair_rule_v2
состояние охраны;12.11.2025 16:18:04;1;0.0;1;unknown;weak_rule;conservative_pair_rule_v2
состояние охраны;12.11.2025 16:55:14;1;0.0;1;unknown;weak_rule;conservative_pair_rule_v2
состояние охраны;15.11.2025 08:02:41;1;0.0;1;unknown;weak_rule;conservative_pair_rule_v2
состояние охраны;15.11.2025 14:39:32;1;0.0;1;unknown;weak_rule;conservative_pair_rule_v2
состояние охраны;15.11.2025 17:34:35;1;0.0;1;unknown;weak_rule;conservative_pair_rule_v2
состояние охраны;20.11.2025 07:36:24;1;0.0;1;unknown;weak_rule;conservative_pair_rule_v2
состояние охраны;20.11.2025 16:56:04;1;0.0;1;unknown;weak_rule;conservative_pair_rule_v2
состояние охраны;25.11.2025 16:15:55;1;0.0;1;unknown;weak_rule;conservative_pair_rule_v2
состояние охраны;25.11.2025 21:29:23;1;0.0;1;unknown;weak_rule;conservative_pair_rule_v2
состояние охраны;26.11.2025 07:18:40;1;0.0;1;unknown;weak_rule;conservative_pair_rule_v2
состояние охраны;26.11.2025 08:03:37;1;0.0;1;unknown;weak_rule;conservative_pair_rule_v2
состояние охраны;26.11.2025 09:07:10;1;0.0;1;unknown;weak_rule;conservative_pair_rule_v2
состояние охраны;01.12.2025 09:38:12;1;0.0;1;unknown;weak_rule;conservative_pair_rule_v2
состояние охраны;01.12.2025 13:49:33;1;0.0;1;unknown;weak_rule;conservative_pair_rule_v2
состояние охраны;01.12.2025 15:52:17;1;0.0;1;unknown;weak_rule;conservative_pair_rule_v2
состояние охраны;01.12.2025 18:54:36;1;0.0;1;unknown;weak_rule;conservative_pair_rule_v2
состояние охраны;01.12.2025 23:23:13;1;0.0;1;unknown;weak_rule;conservative_pair_rule_v2
состояние охраны;01.12.2025 23:39:39;1;0.0;1;unknown;weak_rule;conservative_pair_rule_v2
состояние охраны;02.12.2025 08:08:11;1;0.0;1;unknown;weak_rule;conservative_pair_rule_v2
состояние охраны;05.12.2025 04:26:36;1;0.0;1;unknown;weak_rule;conservative_pair_rule_v2
состояние охраны;05.12.2025 07:10:23;1;0.0;1;unknown;weak_rule;conservative_pair_rule_v2
состояние охраны;05.12.2025 07:49:59;1;0.0;1;unknown;weak_rule;conservative_pair_rule_v2
состояние охраны;05.12.2025 08:01:17;1;0.0;1;unknown;weak_rule;conservative_pair_rule_v2
состояние охраны;05.12.2025 11:28:59;1;0.0;1;unknown;weak_rule;conservative_pair_rule_v2
состояние охраны;07.12.2025 07:26:43;1;0.0;1;unknown;weak_rule;conservative_pair_rule_v2
состояние охраны;07.12.2025 08:00:21;1;0.0;1;unknown;weak_rule;conservative_pair_rule_v2
состояние охраны;11.12.2025 11:34:27;1;0.0;1;unknown;weak_rule;conservative_pair_rule_v2
состояние охраны;11.12.2025 16:37:35;1;0.0;1;unknown;weak_rule;conservative_pair_rule_v2
состояние охраны;11.12.2025 16:37:39;1;0.0;1;unknown;weak_rule;conservative_pair_rule_v2
состояние охраны;16.12.2025 15:11:20;1;0.0;1;unknown;weak_rule;conservative_pair_rule_v2
состояние охраны;16.12.2025 16:24:06;1;0.0;1;unknown;weak_rule;conservative_pair_rule_v2
состояние охраны;16.12.2025 16:43:57;1;0.0;1;unknown;weak_rule;conservative_pair_rule_v2
состояние охраны;16.12.2025 17:35:01;1;0.0;1;unknown;weak_rule;conservative_pair_rule_v2
состояние охраны;16.12.2025 17:35:05;1;0.0;1;unknown;weak_rule;conservative_pair_rule_v2
состояние охраны;17.12.2025 07:17:54;1;0.0;1;unknown;weak_rule;conservative_pair_rule_v2
состояние охраны;17.12.2025 07:39:28;1;0.0;1;unknown;weak_rule;conservative_pair_rule_v2
состояние охраны;17.12.2025 07:49:54;1;0.0;1;unknown;weak_rule;conservative_pair_rule_v2
состояние охраны;17.12.2025 08:00:33;1;0.0;1;unknown;weak_rule;conservative_pair_rule_v2
состояние охраны;17.12.2025 08:00:39;1;0.0;1;unknown;weak_rule;conservative_pair_rule_v2
состояние охраны;17.12.2025 08:02:55;1;0.0;1;unknown;weak_rule;conservative_pair_rule_v2
состояние охраны;17.12.2025 10:31:00;1;0.0;1;unknown;weak_rule;conservative_pair_rule_v2
состояние охраны;22.12.2025 08:48:07;1;0.0;1;unknown;weak_rule;conservative_pair_rule_v2
состояние охраны;22.12.2025 13:37:34;1;0.0;1;unknown;weak_rule;conservative_pair_rule_v2
состояние охраны;22.12.2025 15:13:59;1;0.0;1;unknown;weak_rule;conservative_pair_rule_v2
состояние охраны;22.12.2025 15:20:19;1;0.0;1;unknown;weak_rule;conservative_pair_rule_v2
состояние охраны;22.12.2025 16:27:10;1;0.0;1;unknown;weak_rule;conservative_pair_rule_v2
состояние охраны;22.12.2025 16:32:29;1;0.0;1;unknown;weak_rule;conservative_pair_rule_v2
состояние охраны;22.12.2025 16:32:34;1;0.0;1;unknown;weak_rule;conservative_pair_rule_v2
состояние охраны;22.12.2025 20:02:02;1;0.0;1;unknown;weak_rule;conservative_pair_rule_v2
состояние охраны;23.12.2025 07:16:24;1;0.0;1;unknown;weak_rule;conservative_pair_rule_v2
состояние охраны;23.12.2025 10:15:19;1;0.0;1;unknown;weak_rule;conservative_pair_rule_v2
состояние охраны;24.12.2025 13:09:46;1;0.0;1;unknown;weak_rule;conservative_pair_rule_v2
состояние охраны;24.12.2025 16:26:13;1;0.0;1;unknown;weak_rule;conservative_pair_rule_v2
состояние охраны;24.12.2025 17:05:06;1;0.0;1;unknown;weak_rule;conservative_pair_rule_v2
состояние охраны;24.12.2025 17:26:35;1;0.0;1;unknown;weak_rule;conservative_pair_rule_v2
состояние охраны;25.12.2025 09:29:20;1;0.0;1;unknown;weak_rule;conservative_pair_rule_v2
состояние охраны;25.12.2025 09:29:24;1;0.0;1;unknown;weak_rule;conservative_pair_rule_v2
состояние охраны;30.12.2025 07:09:11;1;0.0;1;unknown;weak_rule;conservative_pair_rule_v2
состояние охраны;30.12.2025 07:58:16;1;0.0;1;unknown;weak_rule;conservative_pair_rule_v2
состояние охраны;30.12.2025 08:06:43;1;0.0;1;unknown;weak_rule;conservative_pair_rule_v2
состояние охраны;30.12.2025 12:13:18;1;0.0;1;unknown;weak_rule;conservative_pair_rule_v2
состояние охраны;30.12.2025 12:13:24;1;0.0;1;unknown;weak_rule;conservative_pair_rule_v2
состояние охраны;30.12.2025 12:30:05;1;0.0;1;unknown;weak_rule;conservative_pair_rule_v2
состояние охраны;30.12.2025 18:34:43;1;0.0;1;unknown;weak_rule;conservative_pair_rule_v2
состояние охраны;02.01.2025 08:19:39;1;0.0;1;unknown;weak_rule;conservative_pair_rule_v2
состояние охраны;02.01.2025 09:17:02;1;0.0;1;unknown;weak_rule;conservative_pair_rule_v2
состояние охраны;02.01.2025 17:57:10;1;0.0;1;unknown;weak_rule;conservative_pair_rule_v2
состояние охраны;02.01.2025 18:24:38;1;0.0;1;unknown;weak_rule;conservative_pair_rule_v2
состояние охраны;03.01.2025 07:25:13;1;0.0;1;unknown;weak_rule;conservative_pair_rule_v2
состояние охраны;03.01.2025 07:48:58;1;0.0;1;unknown;weak_rule;conservative_pair_rule_v2
состояние охраны;10.01.2025 08:30:01;1;0.0;1;unknown;weak_rule;conservative_pair_rule_v2
состояние охраны;10.01.2025 08:31:54;1;0.0;1;unknown;weak_rule;conservative_pair_rule_v2
состояние охраны;10.01.2025 09:03:57;1;0.0;1;unknown;weak_rule;conservative_pair_rule_v2
состояние охраны;10.01.2025 13:37:58;1;0.0;1;unknown;weak_rule;conservative_pair_rule_v2
состояние охраны;10.01.2025 14:35:56;1;0.0;1;unknown;weak_rule;conservative_pair_rule_v2
состояние охраны;14.01.2025 05:13:46;1;0.0;1;unknown;weak_rule;conservative_pair_rule_v2
состояние охраны;14.01.2025 08:10:20;1;0.0;1;unknown;weak_rule;conservative_pair_rule_v2
состояние охраны;14.01.2025 08:24:19;1;0.0;1;unknown;weak_rule;conservative_pair_rule_v2
состояние охраны;14.01.2025 08:36:47;1;0.0;1;unknown;weak_rule;conservative_pair_rule_v2
состояние охраны;14.01.2025 08:58:31;1;0.0;1;unknown;weak_rule;conservative_pair_rule_v2
состояние охраны;14.01.2025 13:30:42;1;0.0;1;unknown;weak_rule;conservative_pair_rule_v2
состояние охраны;14.01.2025 15:33:31;1;0.0;1;unknown;weak_rule;conservative_pair_rule_v2
состояние охраны;14.01.2025 16:28:21;1;0.0;1;unknown;weak_rule;conservative_pair_rule_v2
состояние охраны;14.01.2025 16:58:01;1;0.0;1;unknown;weak_rule;conservative_pair_rule_v2
состояние охраны;14.01.2025 19:49:42;1;0.0;1;unknown;weak_rule;conservative_pair_rule_v2
состояние охраны;18.01.2025 10:05:01;1;0.0;1;unknown;weak_rule;conservative_pair_rule_v2
состояние охраны;18.01.2025 10:19:09;1;0.0;1;unknown;weak_rule;conservative_pair_rule_v2
состояние охраны;18.01.2025 13:34:33;1;0.0;1;unknown;weak_rule;conservative_pair_rule_v2
состояние охраны;18.01.2025 19:41:39;1;0.0;1;unknown;weak_rule;conservative_pair_rule_v2
состояние охраны;18.01.2025 21:00:57;1;0.0;1;unknown;weak_rule;conservative_pair_rule_v2
состояние охраны;19.01.2025 07:47:44;1;0.0;1;unknown;weak_rule;conservative_pair_rule_v2
состояние охраны;22.01.2025 19:58:48;1;0.0;1;unknown;weak_rule;conservative_pair_rule_v2
состояние охраны;23.01.2025 07:04:52;1;0.0;1;unknown;weak_rule;conservative_pair_rule_v2
состояние охраны;23.01.2025 07:43:23;1;0.0;1;unknown;weak_rule;conservative_pair_rule_v2
состояние охраны;23.01.2025 08:39:32;1;0.0;1;unknown;weak_rule;conservative_pair_rule_v2
состояние охраны;23.01.2025 12:57:35;1;0.0;1;unknown;weak_rule;conservative_pair_rule_v2
состояние охраны;23.01.2025 13:31:46;1;0.0;1;unknown;weak_rule;conservative_pair_rule_v2
состояние охраны;23.01.2025 16:51:48;1;0.0;1;unknown;weak_rule;conservative_pair_rule_v2
состояние охраны;23.01.2025 16:58:31;1;0.0;1;unknown;weak_rule;conservative_pair_rule_v2
состояние охраны;24.01.2025 20:46:53;1;0.0;1;unknown;weak_rule;conservative_pair_rule_v2
состояние охраны;30.01.2025 16:40:15;1;0.0;1;unknown;weak_rule;conservative_pair_rule_v2
состояние охраны;30.01.2025 16:46:32;1;0.0;1;unknown;weak_rule;conservative_pair_rule_v2
состояние охраны;30.01.2025 17:01:04;1;0.0;1;unknown;weak_rule;conservative_pair_rule_v2
состояние охраны;05.02.2025 06:08:40;1;0.0;1;unknown;weak_rule;conservative_pair_rule_v2
состояние охраны;05.02.2025 07:34:18;1;0.0;1;unknown;weak_rule;conservative_pair_rule_v2
состояние охраны;05.02.2025 08:04:07;1;0.0;1;unknown;weak_rule;conservative_pair_rule_v2
состояние охраны;05.02.2025 08:47:20;1;0.0;1;unknown;weak_rule;conservative_pair_rule_v2
состояние охраны;05.02.2025 08:54:40;1;0.0;1;unknown;weak_rule;conservative_pair_rule_v2
состояние охраны;05.02.2025 12:34:52;1;0.0;1;unknown;weak_rule;conservative_pair_rule_v2
состояние охраны;05.02.2025 16:41:45;1;0.0;1;unknown;weak_rule;conservative_pair_rule_v2
состояние охраны;05.02.2025 16:59:26;1;0.0;1;unknown;weak_rule;conservative_pair_rule_v2
состояние охраны;09.02.2025 10:40:02;1;0.0;1;unknown;weak_rule;conservative_pair_rule_v2
состояние охраны;09.02.2025 23:48:37;1;0.0;1;unknown;weak_rule;conservative_pair_rule_v2
состояние охраны;10.02.2025 00:18:14;1;0.0;1;unknown;weak_rule;conservative_pair_rule_v2
состояние охраны;10.02.2025 08:01:42;1;0.0;1;unknown;weak_rule;conservative_pair_rule_v2
состояние охраны;10.02.2025 08:33:23;1;0.0;1;unknown;weak_rule;conservative_pair_rule_v2
состояние охраны;11.02.2025 13:34:29;1;0.0;1;unknown;weak_rule;conservative_pair_rule_v2
состояние охраны;11.02.2025 16:58:16;1;0.0;1;unknown;weak_rule;conservative_pair_rule_v2
состояние охраны;14.02.2025 13:10:16;1;0.0;1;unknown;weak_rule;conservative_pair_rule_v2
состояние охраны;14.02.2025 18:50:55;1;0.0;1;unknown;weak_rule;conservative_pair_rule_v2
состояние охраны;14.02.2025 20:06:32;1;0.0;1;unknown;weak_rule;conservative_pair_rule_v2
состояние охраны;15.02.2025 16:45:47;1;0.0;1;unknown;weak_rule;conservative_pair_rule_v2
состояние охраны;15.02.2025 16:50:50;1;0.0;1;unknown;weak_rule;conservative_pair_rule_v2
состояние охраны;21.02.2025 15:57:18;1;0.0;1;unknown;weak_rule;conservative_pair_rule_v2
состояние охраны;21.02.2025 17:01:21;1;0.0;1;unknown;weak_rule;conservative_pair_rule_v2
состояние охраны;22.02.2025 09:29:30;1;0.0;1;unknown;weak_rule;conservative_pair_rule_v2
состояние охраны;22.02.2025 13:50:31;1;0.0;1;unknown;weak_rule;conservative_pair_rule_v2
состояние охраны;26.02.2025 10:17:40;1;0.0;1;unknown;weak_rule;conservative_pair_rule_v2
газовый датчик;2.03;1;0.0;1;unknown;weak_rule;conservative_pair_rule_v2
газовый датчик;2.02;1;0.0;1;unknown;weak_rule;conservative_pair_rule_v2
газовый датчик;2.46;1;0.0;1;unknown;weak_rule;conservative_pair_rule_v2
газовый датчик;3.46;1;0.0;1;unknown;weak_rule;conservative_pair_rule_v2
газовый датчик;4.16;1;0.0;1;unknown;weak_rule;conservative_pair_rule_v2
газовый датчик;5.22;1;0.0;1;unknown;weak_rule;conservative_pair_rule_v2
газовый датчик;5.04;1;0.0;1;unknown;weak_rule;conservative_pair_rule_v2
газовый датчик;6.18;1;0.0;1;unknown;weak_rule;conservative_pair_rule_v2
газовый датчик;6.82;1;0.0;1;unknown;weak_rule;conservative_pair_rule_v2
газовый датчик;8.67;1;0.0;1;unknown;weak_rule;conservative_pair_rule_v2
газовый датчик;8.06;1;0.0;1;unknown;weak_rule;conservative_pair_rule_v2
газовый датчик;10.21;1;0.0;1;unknown;weak_rule;conservative_pair_rule_v2
газовый датчик;9.19;1;0.0;1;unknown;weak_rule;conservative_pair_rule_v2
газовый датчик;9.59;1;0.0;1;unknown;weak_rule;conservative_pair_rule_v2
газовый датчик;12.35;1;0.0;1;unknown;weak_rule;conservative_pair_rule_v2
газовый датчик;15.77;1;0.0;1;unknown;weak_rule;conservative_pair_rule_v2
газовый датчик;15.26;1;0.0;1;unknown;weak_rule;conservative_pair_rule_v2
газовый датчик;17.65;1;0.0;1;unknown;weak_rule;conservative_pair_rule_v2
газовый датчик;16.61;1;0.0;1;unknown;weak_rule;conservative_pair_rule_v2
газовый датчик;20.59;1;0.0;1;unknown;weak_rule;conservative_pair_rule_v2
газовый датчик;25.35;1;0.0;1;unknown;weak_rule;conservative_pair_rule_v2
газовый датчик;24.14;1;0.0;1;unknown;weak_rule;conservative_pair_rule_v2
газовый датчик;24.85;1;0.0;1;unknown;weak_rule;conservative_pair_rule_v2
газовый датчик;27.66;1;0.0;1;unknown;weak_rule;conservative_pair_rule_v2
газовый датчик;26.08;1;0.0;1;unknown;weak_rule;conservative_pair_rule_v2
газовый датчик;26.77;1;0.0;1;unknown;weak_rule;conservative_pair_rule_v2
газовый датчик;9.40;1;0.0;1;unknown;weak_rule;conservative_pair_rule_v2
газовый датчик;25.57;1;0.0;1;unknown;weak_rule;conservative_pair_rule_v2
газовый датчик;10.44;1;0.0;1;unknown;weak_rule;conservative_pair_rule_v2
газовый датчик;11.35;1;0.0;1;unknown;weak_rule;conservative_pair_rule_v2
газовый датчик;9.82;1;0.0;1;unknown;weak_rule;conservative_pair_rule_v2
газовый датчик;9.66;1;0.0;1;unknown;weak_rule;conservative_pair_rule_v2
газовый датчик;11.31;1;0.0;1;unknown;weak_rule;conservative_pair_rule_v2
газовый датчик;12.18;1;0.0;1;unknown;weak_rule;conservative_pair_rule_v2
газовый датчик;11.49;1;0.0;1;unknown;weak_rule;conservative_pair_rule_v2
газовый датчик;14.85;1;0.0;1;unknown;weak_rule;conservative_pair_rule_v2
газовый датчик;13.99;1;0.0;1;unknown;weak_rule;conservative_pair_rule_v2
газовый датчик;14.43;1;0.0;1;unknown;weak_rule;conservative_pair_rule_v2
газовый датчик;17.31;1;0.0;1;unknown;weak_rule;conservative_pair_rule_v2
газовый датчик;16.44;1;0.0;1;unknown;weak_rule;conservative_pair_rule_v2
газовый датчик;16.53;1;0.0;1;unknown;weak_rule;conservative_pair_rule_v2
газовый датчик;18.26;1;0.0;1;unknown;weak_rule;conservative_pair_rule_v2
газовый датчик;20.30;1;0.0;1;unknown;weak_rule;conservative_pair_rule_v2
газовый датчик;20.14;1;0.0;1;unknown;weak_rule;conservative_pair_rule_v2
газовый датчик;20.40;1;0.0;1;unknown;weak_rule;conservative_pair_rule_v2
газовый датчик;18.91;1;0.0;1;unknown;weak_rule;conservative_pair_rule_v2
газовый датчик;21.25;1;0.0;1;unknown;weak_rule;conservative_pair_rule_v2
газовый датчик;22.78;1;0.0;1;unknown;weak_rule;conservative_pair_rule_v2
газовый датчик;21.62;1;0.0;1;unknown;weak_rule;conservative_pair_rule_v2
газовый датчик;28.74;1;0.0;1;unknown;weak_rule;conservative_pair_rule_v2
газовый датчик;21.76;1;0.0;1;unknown;weak_rule;conservative_pair_rule_v2
газовый датчик;28.46;1;0.0;1;unknown;weak_rule;conservative_pair_rule_v2
газовый датчик;25.92;1;0.0;1;unknown;weak_rule;conservative_pair_rule_v2
газовый датчик;24.27;1;0.0;1;unknown;weak_rule;conservative_pair_rule_v2
газовый датчик;29.71;1;0.0;1;unknown;weak_rule;conservative_pair_rule_v2
газовый датчик;24.20;1;0.0;1;unknown;weak_rule;conservative_pair_rule_v2
газовый датчик;27.14;1;0.0;1;unknown;weak_rule;conservative_pair_rule_v2
газовый датчик;29.95;1;0.0;1;unknown;weak_rule;conservative_pair_rule_v2
газовый датчик;33.09;1;0.0;1;unknown;weak_rule;conservative_pair_rule_v2
газовый датчик;28.19;1;0.0;1;unknown;weak_rule;conservative_pair_rule_v2
газовый датчик;30.40;1;0.0;1;unknown;weak_rule;conservative_pair_rule_v2
газовый датчик;27.10;1;0.0;1;unknown;weak_rule;conservative_pair_rule_v2
газовый датчик;27.68;1;0.0;1;unknown;weak_rule;conservative_pair_rule_v2
газовый датчик;26.45;1;0.0;1;unknown;weak_rule;conservative_pair_rule_v2
газовый датчик;35.42;1;0.0;1;unknown;weak_rule;conservative_pair_rule_v2
газовый датчик;26.15;1;0.0;1;unknown;weak_rule;conservative_pair_rule_v2
газовый датчик;33.66;1;0.0;1;unknown;weak_rule;conservative_pair_rule_v2
газовый датчик;31.98;1;0.0;1;unknown;weak_rule;conservative_pair_rule_v2
газовый датчик;35.91;1;0.0;1;unknown;weak_rule;conservative_pair_rule_v2
газовый датчик;39.80;1;0.0;1;unknown;weak_rule;conservative_pair_rule_v2
газовый датчик;40.57;1;0.0;1;unknown;weak_rule;conservative_pair_rule_v2
газовый датчик;39.42;1;0.0;1;unknown;weak_rule;conservative_pair_rule_v2
газовый датчик;34.18;1;0.0;1;unknown;weak_rule;conservative_pair_rule_v2
газовый датчик;47.79;1;0.0;1;unknown;weak_rule;conservative_pair_rule_v2
газовый датчик;31.31;1;0.0;1;unknown;weak_rule;conservative_pair_rule_v2
газовый датчик;39.38;1;0.0;1;unknown;weak_rule;conservative_pair_rule_v2
газовый датчик;48.31;1;0.0;1;unknown;weak_rule;conservative_pair_rule_v2
газовый датчик;36.32;1;0.0;1;unknown;weak_rule;conservative_pair_rule_v2
газовый датчик;35.37;1;0.0;1;unknown;weak_rule;conservative_pair_rule_v2
газовый датчик;37.74;1;0.0;1;unknown;weak_rule;conservative_pair_rule_v2
газовый датчик;61.76;1;0.0;1;unknown;weak_rule;conservative_pair_rule_v2
газовый датчик;38.81;1;0.0;1;unknown;weak_rule;conservative_pair_rule_v2
газовый датчик;42.02;1;0.0;1;unknown;weak_rule;conservative_pair_rule_v2
газовый датчик;49.58;1;0.0;1;unknown;weak_rule;conservative_pair_rule_v2
газовый датчик;43.06;1;0.0;1;unknown;weak_rule;conservative_pair_rule_v2
газовый датчик;52.32;1;0.0;1;unknown;weak_rule;conservative_pair_rule_v2
газовый датчик;39.24;1;0.0;1;unknown;weak_rule;conservative_pair_rule_v2
газовый датчик;47.84;1;0.0;1;unknown;weak_rule;conservative_pair_rule_v2
газовый датчик;55.46;1;0.0;1;unknown;weak_rule;conservative_pair_rule_v2
газовый датчик;32.71;1;0.0;1;unknown;weak_rule;conservative_pair_rule_v2
газовый датчик;50.48;1;0.0;1;unknown;weak_rule;conservative_pair_rule_v2
газовый датчик;35.06;1;0.0;1;unknown;weak_rule;conservative_pair_rule_v2
газовый датчик;44.31;1;0.0;1;unknown;weak_rule;conservative_pair_rule_v2
газовый датчик;38.62;1;0.0;1;unknown;weak_rule;conservative_pair_rule_v2
газовый датчик;34.14;1;0.0;1;unknown;weak_rule;conservative_pair_rule_v2
газовый датчик;47.63;1;0.0;1;unknown;weak_rule;conservative_pair_rule_v2
газовый датчик;34.58;1;0.0;1;unknown;weak_rule;conservative_pair_rule_v2
газовый датчик;47.74;1;0.0;1;unknown;weak_rule;conservative_pair_rule_v2
газовый датчик;39.57;1;0.0;1;unknown;weak_rule;conservative_pair_rule_v2
газовый датчик;38.58;1;0.0;1;unknown;weak_rule;conservative_pair_rule_v2
газовый датчик;48.84;1;0.0;1;unknown;weak_rule;conservative_pair_rule_v2
газовый датчик;45.27;1;0.0;1;unknown;weak_rule;conservative_pair_rule_v2
газовый датчик;51.56;1;0.0;1;unknown;weak_rule;conservative_pair_rule_v2
газовый датчик;41.88;1;0.0;1;unknown;weak_rule;conservative_pair_rule_v2
газовый датчик;54.74;1;0.0;1;unknown;weak_rule;conservative_pair_rule_v2
газовый датчик;32.11;1;0.0;1;unknown;weak_rule;conservative_pair_rule_v2
газовый датчик;44.76;1;0.0;1;unknown;weak_rule;conservative_pair_rule_v2
газовый датчик;56.59;1;0.0;1;unknown;weak_rule;conservative_pair_rule_v2
газовый датчик;50.86;1;0.0;1;unknown;weak_rule;conservative_pair_rule_v2
газовый датчик;45.06;1;0.0;1;unknown;weak_rule;conservative_pair_rule_v2
газовый датчик;50.22;1;0.0;1;unknown;weak_rule;conservative_pair_rule_v2
газовый датчик;42.37;1;0.0;1;unknown;weak_rule;conservative_pair_rule_v2
газовый датчик;39.61;1;0.0;1;unknown;weak_rule;conservative_pair_rule_v2
газовый датчик;33.61;1;0.0;1;unknown;weak_rule;conservative_pair_rule_v2
газовый датчик;45.62;1;0.0;1;unknown;weak_rule;conservative_pair_rule_v2
газовый датчик;35.69;1;0.0;1;unknown;weak_rule;conservative_pair_rule_v2
состояние охраны;27.02.2025 07:54:10;1;0.0;1;unknown;weak_rule;conservative_pair_rule_v2
состояние охраны;27.02.2025 07:55:27;1;0.0;1;unknown;weak_rule;conservative_pair_rule_v2
состояние охраны;27.02.2025 07:57:07;1;0.0;1;unknown;weak_rule;conservative_pair_rule_v2
состояние охраны;27.02.2025 07:58:15;1;0.0;1;unknown;weak_rule;conservative_pair_rule_v2
состояние охраны;01.03.2025 15:41:30;1;0.0;1;unknown;weak_rule;conservative_pair_rule_v2
состояние охраны;01.03.2025 20:05:33;1;0.0;1;unknown;weak_rule;conservative_pair_rule_v2
состояние охраны;01.03.2025 21:15:03;1;0.0;1;unknown;weak_rule;conservative_pair_rule_v2
состояние охраны;01.03.2025 22:38:32;1;0.0;1;unknown;weak_rule;conservative_pair_rule_v2
состояние охраны;07.03.2025 07:27:47;1;0.0;1;unknown;weak_rule;conservative_pair_rule_v2
состояние охраны;07.03.2025 07:27:50;1;0.0;1;unknown;weak_rule;conservative_pair_rule_v2
состояние охраны;07.03.2025 09:27:28;1;0.0;1;unknown;weak_rule;conservative_pair_rule_v2
состояние охраны;07.03.2025 13:53:05;1;0.0;1;unknown;weak_rule;conservative_pair_rule_v2
состояние охраны;07.03.2025 16:00:46;1;0.0;1;unknown;weak_rule;conservative_pair_rule_v2
состояние охраны;10.03.2025 06:02:44;1;0.0;1;unknown;weak_rule;conservative_pair_rule_v2
состояние охраны;10.03.2025 06:13:50;1;0.0;1;unknown;weak_rule;conservative_pair_rule_v2
состояние охраны;10.03.2025 08:14:53;1;0.0;1;unknown;weak_rule;conservative_pair_rule_v2
состояние охраны;10.03.2025 09:41:38;1;0.0;1;unknown;weak_rule;conservative_pair_rule_v2
состояние охраны;10.03.2025 09:52:31;1;0.0;1;unknown;weak_rule;conservative_pair_rule_v2
состояние охраны;10.03.2025 16:13:17;1;0.0;1;unknown;weak_rule;conservative_pair_rule_v2
состояние охраны;10.03.2025 17:25:14;1;0.0;1;unknown;weak_rule;conservative_pair_rule_v2
состояние охраны;10.03.2025 18:40:04;1;0.0;1;unknown;weak_rule;conservative_pair_rule_v2
состояние охраны;10.03.2025 19:20:36;1;0.0;1;unknown;weak_rule;conservative_pair_rule_v2
состояние охраны;16.03.2025 20:03:49;1;0.0;1;unknown;weak_rule;conservative_pair_rule_v2
состояние охраны;17.03.2025 07:48:08;1;0.0;1;unknown;weak_rule;conservative_pair_rule_v2
состояние охраны;17.03.2025 07:59:23;1;0.0;1;unknown;weak_rule;conservative_pair_rule_v2
состояние охраны;17.03.2025 08:14:10;1;0.0;1;unknown;weak_rule;conservative_pair_rule_v2
состояние охраны;17.03.2025 11:25:53;1;0.0;1;unknown;weak_rule;conservative_pair_rule_v2
состояние охраны;17.03.2025 11:56:18;1;0.0;1;unknown;weak_rule;conservative_pair_rule_v2
состояние охраны;17.03.2025 14:12:11;1;0.0;1;unknown;weak_rule;conservative_pair_rule_v2
состояние охраны;17.03.2025 16:23:03;1;0.0;1;unknown;weak_rule;conservative_pair_rule_v2
состояние охраны;17.03.2025 16:51:28;1;0.0;1;unknown;weak_rule;conservative_pair_rule_v2
состояние охраны;17.03.2025 20:04:11;1;0.0;1;unknown;weak_rule;conservative_pair_rule_v2
состояние охраны;19.03.2025 07:33:30;1;0.0;1;unknown;weak_rule;conservative_pair_rule_v2
состояние охраны;19.03.2025 12:27:59;1;0.0;1;unknown;weak_rule;conservative_pair_rule_v2
состояние охраны;19.03.2025 16:35:39;1;0.0;1;unknown;weak_rule;conservative_pair_rule_v2
состояние охраны;26.03.2025 17:01:01;1;0.0;1;unknown;weak_rule;conservative_pair_rule_v2
состояние охраны;27.03.2025 08:00:40;1;0.0;1;unknown;weak_rule;conservative_pair_rule_v2
состояние охраны;28.03.2025 18:23:41;1;0.0;1;unknown;weak_rule;conservative_pair_rule_v2
состояние охраны;29.03.2025 14:37:14;1;0.0;1;unknown;weak_rule;conservative_pair_rule_v2
состояние охраны;29.03.2025 23:40:57;1;0.0;1;unknown;weak_rule;conservative_pair_rule_v2
состояние охраны;04.04.2025 06:59:27;1;0.0;1;unknown;weak_rule;conservative_pair_rule_v2
состояние охраны;04.04.2025 07:45:39;1;0.0;1;unknown;weak_rule;conservative_pair_rule_v2
состояние охраны;04.04.2025 07:45:48;1;0.0;1;unknown;weak_rule;conservative_pair_rule_v2
состояние охраны;04.04.2025 07:58:38;1;0.0;1;unknown;weak_rule;conservative_pair_rule_v2
состояние охраны;04.04.2025 08:01:35;1;0.0;1;unknown;weak_rule;conservative_pair_rule_v2
состояние охраны;04.04.2025 16:40:07;1;0.0;1;unknown;weak_rule;conservative_pair_rule_v2
состояние охраны;04.04.2025 20:02:41;1;0.0;1;unknown;weak_rule;conservative_pair_rule_v2
состояние охраны;04.04.2025 20:33:51;1;0.0;1;unknown;weak_rule;conservative_pair_rule_v2
состояние охраны;04.04.2025 23:35:33;1;0.0;1;unknown;weak_rule;conservative_pair_rule_v2
состояние охраны;07.04.2025 20:05:01;1;0.0;1;unknown;weak_rule;conservative_pair_rule_v2
состояние охраны;07.04.2025 20:05:10;1;0.0;1;unknown;weak_rule;conservative_pair_rule_v2
состояние охраны;08.04.2025 07:39:35;1;0.0;1;unknown;weak_rule;conservative_pair_rule_v2
состояние охраны;08.04.2025 07:39:39;1;0.0;1;unknown;weak_rule;conservative_pair_rule_v2
состояние охраны;08.04.2025 08:12:53;1;0.0;1;unknown;weak_rule;conservative_pair_rule_v2
состояние охраны;08.04.2025 08:12:56;1;0.0;1;unknown;weak_rule;conservative_pair_rule_v2
состояние охраны;08.04.2025 17:00:49;1;0.0;1;unknown;weak_rule;conservative_pair_rule_v2
состояние охраны;08.04.2025 20:06:18;1;0.0;1;unknown;weak_rule;conservative_pair_rule_v2
состояние охраны;12.04.2025 10:27:28;1;0.0;1;unknown;weak_rule;conservative_pair_rule_v2
состояние охраны;12.04.2025 16:59:44;1;0.0;1;unknown;weak_rule;conservative_pair_rule_v2
состояние охраны;13.04.2025 07:57:51;1;0.0;1;unknown;weak_rule;conservative_pair_rule_v2
состояние охраны;18.04.2025 09:59:34;1;0.0;1;unknown;weak_rule;conservative_pair_rule_v2
состояние охраны;18.04.2025 11:39:10;1;0.0;1;unknown;weak_rule;conservative_pair_rule_v2
состояние охраны;18.04.2025 15:39:06;1;0.0;1;unknown;weak_rule;conservative_pair_rule_v2
состояние охраны;19.04.2025 07:29:16;1;0.0;1;unknown;weak_rule;conservative_pair_rule_v2
состояние охраны;23.04.2025 07:58:26;1;0.0;1;unknown;weak_rule;conservative_pair_rule_v2
состояние охраны;23.04.2025 15:45:07;1;0.0;1;unknown;weak_rule;conservative_pair_rule_v2
состояние охраны;23.04.2025 16:08:09;1;0.0;1;unknown;weak_rule;conservative_pair_rule_v2
состояние охраны;23.04.2025 19:44:50;1;0.0;1;unknown;weak_rule;conservative_pair_rule_v2
состояние охраны;23.04.2025 20:01:23;1;0.0;1;unknown;weak_rule;conservative_pair_rule_v2
состояние охраны;30.04.2025 13:09:19;1;0.0;1;unknown;weak_rule;conservative_pair_rule_v2
состояние охраны;30.04.2025 13:09:26;1;0.0;1;unknown;weak_rule;conservative_pair_rule_v2
состояние охраны;30.04.2025 20:02:49;1;0.0;1;unknown;weak_rule;conservative_pair_rule_v2
состояние охраны;01.05.2025 07:57:00;1;0.0;1;unknown;weak_rule;conservative_pair_rule_v2
состояние охраны;06.05.2025 07:45:57;1;0.0;1;unknown;weak_rule;conservative_pair_rule_v2
состояние охраны;06.05.2025 07:54:33;1;0.0;1;unknown;weak_rule;conservative_pair_rule_v2
состояние охраны;06.05.2025 08:04:56;1;0.0;1;unknown;weak_rule;conservative_pair_rule_v2
состояние охраны;06.05.2025 13:43:53;1;0.0;1;unknown;weak_rule;conservative_pair_rule_v2
состояние охраны;06.05.2025 16:27:43;1;0.0;1;unknown;weak_rule;conservative_pair_rule_v2
состояние охраны;06.05.2025 17:01:50;1;0.0;1;unknown;weak_rule;conservative_pair_rule_v2
состояние охраны;06.05.2025 20:05:28;1;0.0;1;unknown;weak_rule;conservative_pair_rule_v2
состояние охраны;09.05.2025 22:53:46;1;0.0;1;unknown;weak_rule;conservative_pair_rule_v2
состояние охраны;13.05.2025 18:12:24;1;0.0;1;unknown;weak_rule;conservative_pair_rule_v2
состояние охраны;13.05.2025 20:05:55;1;0.0;1;unknown;weak_rule;conservative_pair_rule_v2
состояние охраны;14.05.2025 07:43:11;1;0.0;1;unknown;weak_rule;conservative_pair_rule_v2
состояние охраны;14.05.2025 07:48:43;1;0.0;1;unknown;weak_rule;conservative_pair_rule_v2
состояние охраны;14.05.2025 08:53:48;1;0.0;1;unknown;weak_rule;conservative_pair_rule_v2
состояние охраны;14.05.2025 08:53:51;1;0.0;1;unknown;weak_rule;conservative_pair_rule_v2
состояние охраны;14.05.2025 09:30:37;1;0.0;1;unknown;weak_rule;conservative_pair_rule_v2
состояние охраны;14.05.2025 11:16:30;1;0.0;1;unknown;weak_rule;conservative_pair_rule_v2
состояние охраны;14.05.2025 15:38:56;1;0.0;1;unknown;weak_rule;conservative_pair_rule_v2
состояние охраны;14.05.2025 16:35:34;1;0.0;1;unknown;weak_rule;conservative_pair_rule_v2
состояние охраны;14.05.2025 17:01:15;1;0.0;1;unknown;weak_rule;conservative_pair_rule_v2
состояние охраны;19.05.2025 07:19:04;1;0.0;1;unknown;weak_rule;conservative_pair_rule_v2
состояние охраны;19.05.2025 08:18:40;1;0.0;1;unknown;weak_rule;conservative_pair_rule_v2
состояние охраны;19.05.2025 08:37:14;1;0.0;1;unknown;weak_rule;conservative_pair_rule_v2
состояние охраны;22.05.2025 17:23:15;1;0.0;1;unknown;weak_rule;conservative_pair_rule_v2
состояние охраны;22.05.2025 22:21:26;1;0.0;1;unknown;weak_rule;conservative_pair_rule_v2
состояние охраны;23.05.2025 07:01:53;1;0.0;1;unknown;weak_rule;conservative_pair_rule_v2
состояние охраны;23.05.2025 07:15:59;1;0.0;1;unknown;weak_rule;conservative_pair_rule_v2
состояние охраны;23.05.2025 17:02:31;1;0.0;1;unknown;weak_rule;conservative_pair_rule_v2
состояние охраны;28.05.2025 07:30:16;1;0.0;1;unknown;weak_rule;conservative_pair_rule_v2
состояние охраны;28.05.2025 08:14:16;1;0.0;1;unknown;weak_rule;conservative_pair_rule_v2
состояние охраны;28.05.2025 09:26:42;1;0.0;1;unknown;weak_rule;conservative_pair_rule_v2
состояние охраны;28.05.2025 09:40:31;1;0.0;1;unknown;weak_rule;conservative_pair_rule_v2
состояние охраны;28.05.2025 15:43:34;1;0.0;1;unknown;weak_rule;conservative_pair_rule_v2
состояние охраны;28.05.2025 15:43:37;1;0.0;1;unknown;weak_rule;conservative_pair_rule_v2
состояние охраны;28.05.2025 17:23:56;1;0.0;1;unknown;weak_rule;conservative_pair_rule_v2
состояние охраны;28.05.2025 22:41:49;1;0.0;1;unknown;weak_rule;conservative_pair_rule_v2
состояние охраны;28.05.2025 22:41:51;1;0.0;1;unknown;weak_rule;conservative_pair_rule_v2
состояние охраны;31.05.2025 20:05:35;1;0.0;1;unknown;weak_rule;conservative_pair_rule_v2
состояние охраны;04.06.2025 07:56:59;1;0.0;1;unknown;weak_rule;conservative_pair_rule_v2
состояние охраны;04.06.2025 08:44:12;1;0.0;1;unknown;weak_rule;conservative_pair_rule_v2
состояние охраны;04.06.2025 08:52:34;1;0.0;1;unknown;weak_rule;conservative_pair_rule_v2
состояние охраны;04.06.2025 08:52:52;1;0.0;1;unknown;weak_rule;conservative_pair_rule_v2
состояние охраны;04.06.2025 09:28:33;1;0.0;1;unknown;weak_rule;conservative_pair_rule_v2
состояние охраны;04.06.2025 11:27:04;1;0.0;1;unknown;weak_rule;conservative_pair_rule_v2
состояние охраны;04.06.2025 17:10:17;1;0.0;1;unknown;weak_rule;conservative_pair_rule_v2
состояние охраны;05.06.2025 00:53:59;1;0.0;1;unknown;weak_rule;conservative_pair_rule_v2
состояние охраны;08.06.2025 21:19:21;1;0.0;1;unknown;weak_rule;conservative_pair_rule_v2
состояние охраны;08.06.2025 21:27:23;1;0.0;1;unknown;weak_rule;conservative_pair_rule_v2
состояние охраны;08.06.2025 22:23:12;1;0.0;1;unknown;weak_rule;conservative_pair_rule_v2
состояние охраны;09.06.2025 01:16:53;1;0.0;1;unknown;weak_rule;conservative_pair_rule_v2
состояние охраны;09.06.2025 01:51:43;1;0.0;1;unknown;weak_rule;conservative_pair_rule_v2
состояние охраны;09.06.2025 02:26:52;1;0.0;1;unknown;weak_rule;conservative_pair_rule_v2
состояние охраны;09.06.2025 02:47:31;1;0.0;1;unknown;weak_rule;conservative_pair_rule_v2
состояние охраны;09.06.2025 02:51:51;1;0.0;1;unknown;weak_rule;conservative_pair_rule_v2
состояние охраны;09.06.2025 09:49:46;1;0.0;1;unknown;weak_rule;conservative_pair_rule_v2
состояние охраны;09.06.2025 14:05:01;1;0.0;1;unknown;weak_rule;conservative_pair_rule_v2
состояние охраны;09.06.2025 14:49:07;1;0.0;1;unknown;weak_rule;conservative_pair_rule_v2
состояние охраны;09.06.2025 16:07:11;1;0.0;1;unknown;weak_rule;conservative_pair_rule_v2
состояние охраны;09.06.2025 16:24:55;1;0.0;1;unknown;weak_rule;conservative_pair_rule_v2
состояние охраны;09.06.2025 17:12:33;1;0.0;1;unknown;weak_rule;conservative_pair_rule_v2
состояние охраны;09.06.2025 17:12:34;1;0.0;1;unknown;weak_rule;conservative_pair_rule_v2
состояние охраны;09.06.2025 17:42:28;1;0.0;1;unknown;weak_rule;conservative_pair_rule_v2
состояние охраны;14.06.2025 09:13:34;1;0.0;1;unknown;weak_rule;conservative_pair_rule_v2
состояние охраны;15.06.2025 08:09:12;1;0.0;1;unknown;weak_rule;conservative_pair_rule_v2
состояние охраны;15.06.2025 09:50:38;1;0.0;1;unknown;weak_rule;conservative_pair_rule_v2
состояние охраны;18.06.2025 10:37:06;1;0.0;1;unknown;weak_rule;conservative_pair_rule_v2
состояние охраны;18.06.2025 12:06:32;1;0.0;1;unknown;weak_rule;conservative_pair_rule_v2
состояние охраны;18.06.2025 15:22:24;1;0.0;1;unknown;weak_rule;conservative_pair_rule_v2
состояние охраны;18.06.2025 15:48:33;1;0.0;1;unknown;weak_rule;conservative_pair_rule_v2
состояние охраны;18.06.2025 17:02:02;1;0.0;1;unknown;weak_rule;conservative_pair_rule_v2
состояние охраны;18.06.2025 19:34:52;1;0.0;1;unknown;weak_rule;conservative_pair_rule_v2
состояние охраны;19.06.2025 03:28:07;1;0.0;1;unknown;weak_rule;conservative_pair_rule_v2
состояние охраны;19.06.2025 04:15:05;1;0.0;1;unknown;weak_rule;conservative_pair_rule_v2
состояние охраны;19.06.2025 04:17:19;1;0.0;1;unknown;weak_rule;conservative_pair_rule_v2
состояние охраны;23.06.2025 07:58:02;1;0.0;1;unknown;weak_rule;conservative_pair_rule_v2
состояние охраны;23.06.2025 08:48:25;1;0.0;1;unknown;weak_rule;conservative_pair_rule_v2
состояние охраны;23.06.2025 13:44:33;1;0.0;1;unknown;weak_rule;conservative_pair_rule_v2
состояние охраны;23.06.2025 19:38:37;1;0.0;1;unknown;weak_rule;conservative_pair_rule_v2
состояние охраны;23.06.2025 19:58:02;1;0.0;1;unknown;weak_rule;conservative_pair_rule_v2
состояние охраны;25.06.2025 10:52:23;1;0.0;1;unknown;weak_rule;conservative_pair_rule_v2
состояние охраны;25.06.2025 12:06:04;1;0.0;1;unknown;weak_rule;conservative_pair_rule_v2
состояние охраны;25.06.2025 12:25:21;1;0.0;1;unknown;weak_rule;conservative_pair_rule_v2
состояние охраны;25.06.2025 12:25:23;1;0.0;1;unknown;weak_rule;conservative_pair_rule_v2
состояние охраны;25.06.2025 12:29:58;1;0.0;1;unknown;weak_rule;conservative_pair_rule_v2
состояние охраны;25.06.2025 18:07:05;1;0.0;1;unknown;weak_rule;conservative_pair_rule_v2
состояние охраны;25.06.2025 18:42:43;1;0.0;1;unknown;weak_rule;conservative_pair_rule_v2
состояние охраны;30.06.2025 08:00:17;1;0.0;1;unknown;weak_rule;conservative_pair_rule_v2
состояние охраны;30.06.2025 08:11:13;1;0.0;1;unknown;weak_rule;conservative_pair_rule_v2
состояние охраны;30.06.2025 09:57:34;1;0.0;1;unknown;weak_rule;conservative_pair_rule_v2
состояние охраны;30.06.2025 16:25:40;1;0.0;1;unknown;weak_rule;conservative_pair_rule_v2
состояние охраны;30.06.2025 17:19:39;1;0.0;1;unknown;weak_rule;conservative_pair_rule_v2
состояние охраны;03.07.2025 17:00:26;1;0.0;1;unknown;weak_rule;conservative_pair_rule_v2
состояние охраны;03.07.2025 17:23:06;1;0.0;1;unknown;weak_rule;conservative_pair_rule_v2
состояние охраны;03.07.2025 23:32:08;1;0.0;1;unknown;weak_rule;conservative_pair_rule_v2
состояние охраны;04.07.2025 07:34:57;1;0.0;1;unknown;weak_rule;conservative_pair_rule_v2
состояние охраны;04.07.2025 08:01:15;1;0.0;1;unknown;weak_rule;conservative_pair_rule_v2
газовый датчик;2.30;1;0.0;1;unknown;weak_rule;conservative_pair_rule_v2
газовый датчик;2.60;1;0.0;1;unknown;weak_rule;conservative_pair_rule_v2
газовый датчик;3.10;1;0.0;1;unknown;weak_rule;conservative_pair_rule_v2
газовый датчик;3.55;1;0.0;1;unknown;weak_rule;conservative_pair_rule_v2
состояние охраны;07.07.2025 19:00:56;1;0.0;1;unknown;weak_rule;conservative_pair_rule_v2
состояние охраны;07.07.2025 19:16:19;1;0.0;1;unknown;weak_rule;conservative_pair_rule_v2
состояние охраны;07.07.2025 20:02:20;1;0.0;1;unknown;weak_rule;conservative_pair_rule_v2
состояние охраны;08.07.2025 07:56:20;1;0.0;1;unknown;weak_rule;conservative_pair_rule_v2
состояние охраны;08.07.2025 08:06:14;1;0.0;1;unknown;weak_rule;conservative_pair_rule_v2
состояние охраны;09.07.2025 16:05:30;1;0.0;1;unknown;weak_rule;conservative_pair_rule_v2
состояние охраны;09.07.2025 18:38:44;1;0.0;1;unknown;weak_rule;conservative_pair_rule_v2
состояние охраны;09.07.2025 20:05:48;1;0.0;1;unknown;weak_rule;conservative_pair_rule_v2
состояние охраны;10.07.2025 07:05:02;1;0.0;1;unknown;weak_rule;conservative_pair_rule_v2
состояние охраны;10.07.2025 07:24:19;1;0.0;1;unknown;weak_rule;conservative_pair_rule_v2
состояние охраны;10.07.2025 07:25:44;1;0.0;1;unknown;weak_rule;conservative_pair_rule_v2
состояние охраны;10.07.2025 07:45:39;1;0.0;1;unknown;weak_rule;conservative_pair_rule_v2
состояние охраны;10.07.2025 08:04:39;1;0.0;1;unknown;weak_rule;conservative_pair_rule_v2
состояние охраны;10.07.2025 08:09:49;1;0.0;1;unknown;weak_rule;conservative_pair_rule_v2
состояние охраны;15.07.2025 06:49:45;1;0.0;1;unknown;weak_rule;conservative_pair_rule_v2
состояние охраны;15.07.2025 07:28:14;1;0.0;1;unknown;weak_rule;conservative_pair_rule_v2
состояние охраны;15.07.2025 16:09:46;1;0.0;1;unknown;weak_rule;conservative_pair_rule_v2
состояние охраны;17.07.2025 07:21:52;1;0.0;1;unknown;weak_rule;conservative_pair_rule_v2
состояние охраны;17.07.2025 08:01:10;1;0.0;1;unknown;weak_rule;conservative_pair_rule_v2
состояние охраны;17.07.2025 08:01:50;1;0.0;1;unknown;weak_rule;conservative_pair_rule_v2
состояние охраны;17.07.2025 09:01:00;1;0.0;1;unknown;weak_rule;conservative_pair_rule_v2
состояние охраны;17.07.2025 11:59:19;1;0.0;1;unknown;weak_rule;conservative_pair_rule_v2
состояние охраны;17.07.2025 14:02:10;1;0.0;1;unknown;weak_rule;conservative_pair_rule_v2
состояние охраны;17.07.2025 14:20:50;1;0.0;1;unknown;weak_rule;conservative_pair_rule_v2
состояние охраны;21.07.2025 12:30:53;1;0.0;1;unknown;weak_rule;conservative_pair_rule_v2
состояние охраны;25.07.2025 07:31:24;1;0.0;1;unknown;weak_rule;conservative_pair_rule_v2
состояние охраны;25.07.2025 08:04:16;1;0.0;1;unknown;weak_rule;conservative_pair_rule_v2
состояние охраны;25.07.2025 15:05:15;1;0.0;1;unknown;weak_rule;conservative_pair_rule_v2
состояние охраны;25.07.2025 15:57:57;1;0.0;1;unknown;weak_rule;conservative_pair_rule_v2
состояние охраны;25.07.2025 16:48:22;1;0.0;1;unknown;weak_rule;conservative_pair_rule_v2
состояние охраны;25.07.2025 17:00:54;1;0.0;1;unknown;weak_rule;conservative_pair_rule_v2
состояние охраны;31.07.2025 07:18:16;1;0.0;1;unknown;weak_rule;conservative_pair_rule_v2
состояние охраны;31.07.2025 07:19:10;1;0.0;1;unknown;weak_rule;conservative_pair_rule_v2
состояние охраны;31.07.2025 07:54:08;1;0.0;1;unknown;weak_rule;conservative_pair_rule_v2
состояние охраны;31.07.2025 08:00:31;1;0.0;1;unknown;weak_rule;conservative_pair_rule_v2
состояние охраны;31.07.2025 08:58:05;1;0.0;1;unknown;weak_rule;conservative_pair_rule_v2
состояние охраны;02.08.2025 16:58:30;1;0.0;1;unknown;weak_rule;conservative_pair_rule_v2
состояние охраны;05.08.2025 06:34:08;1;0.0;1;unknown;weak_rule;conservative_pair_rule_v2
состояние охраны;05.08.2025 06:34:18;1;0.0;1;unknown;weak_rule;conservative_pair_rule_v2
состояние охраны;05.08.2025 07:50:19;1;0.0;1;unknown;weak_rule;conservative_pair_rule_v2
состояние охраны;05.08.2025 07:57:34;1;0.0;1;unknown;weak_rule;conservative_pair_rule_v2
состояние охраны;05.08.2025 08:08:10;1;0.0;1;unknown;weak_rule;conservative_pair_rule_v2
состояние охраны;05.08.2025 16:33:02;1;0.0;1;unknown;weak_rule;conservative_pair_rule_v2
состояние охраны;05.08.2025 17:14:01;1;0.0;1;unknown;weak_rule;conservative_pair_rule_v2
состояние охраны;07.08.2025 16:32:21;1;0.0;1;unknown;weak_rule;conservative_pair_rule_v2
состояние охраны;11.08.2025 11:28:19;1;0.0;1;unknown;weak_rule;conservative_pair_rule_v2
состояние охраны;11.08.2025 13:55:38;1;0.0;1;unknown;weak_rule;conservative_pair_rule_v2
состояние охраны;11.08.2025 16:18:42;1;0.0;1;unknown;weak_rule;conservative_pair_rule_v2
состояние охраны;11.08.2025 16:33:40;1;0.0;1;unknown;weak_rule;conservative_pair_rule_v2
состояние охраны;16.08.2025 07:29:58;1;0.0;1;unknown;weak_rule;conservative_pair_rule_v2
состояние охраны;16.08.2025 19:56:17;1;0.0;1;unknown;weak_rule;conservative_pair_rule_v2
состояние охраны;16.08.2025 21:03:40;1;0.0;1;unknown;weak_rule;conservative_pair_rule_v2
состояние охраны;17.08.2025 07:26:09;1;0.0;1;unknown;weak_rule;conservative_pair_rule_v2
состояние охраны;17.08.2025 08:00:08;1;0.0;1;unknown;weak_rule;conservative_pair_rule_v2
состояние охраны;19.08.2025 07:21:44;1;0.0;1;unknown;weak_rule;conservative_pair_rule_v2
состояние охраны;19.08.2025 07:49:31;1;0.0;1;unknown;weak_rule;conservative_pair_rule_v2
состояние охраны;19.08.2025 08:05:16;1;0.0;1;unknown;weak_rule;conservative_pair_rule_v2
состояние охраны;19.08.2025 08:12:43;1;0.0;1;unknown;weak_rule;conservative_pair_rule_v2
состояние охраны;19.08.2025 09:30:17;1;0.0;1;unknown;weak_rule;conservative_pair_rule_v2
состояние охраны;19.08.2025 15:15:54;1;0.0;1;unknown;weak_rule;conservative_pair_rule_v2
состояние охраны;19.08.2025 15:17:56;1;0.0;1;unknown;weak_rule;conservative_pair_rule_v2
состояние охраны;20.08.2025 00:02:46;1;0.0;1;unknown;weak_rule;conservative_pair_rule_v2
состояние охраны;22.08.2025 23:13:39;1;0.0;1;unknown;weak_rule;conservative_pair_rule_v2
состояние охраны;23.08.2025 08:00:43;1;0.0;1;unknown;weak_rule;conservative_pair_rule_v2
состояние охраны;23.08.2025 20:04:36;1;0.0;1;unknown;weak_rule;conservative_pair_rule_v2
состояние охраны;27.08.2025 02:20:53;1;0.0;1;unknown;weak_rule;conservative_pair_rule_v2
состояние охраны;27.08.2025 02:26:41;1;0.0;1;unknown;weak_rule;conservative_pair_rule_v2
состояние охраны;27.08.2025 08:34:07;1;0.0;1;unknown;weak_rule;conservative_pair_rule_v2
состояние охраны;27.08.2025 08:45:19;1;0.0;1;unknown;weak_rule;conservative_pair_rule_v2
состояние охраны;27.08.2025 09:03:25;1;0.0;1;unknown;weak_rule;conservative_pair_rule_v2
состояние охраны;27.08.2025 09:09:50;1;0.0;1;unknown;weak_rule;conservative_pair_rule_v2
состояние охраны;27.08.2025 17:00:58;1;0.0;1;unknown;weak_rule;conservative_pair_rule_v2
состояние охраны;31.08.2025 22:35:43;1;0.0;1;unknown;weak_rule;conservative_pair_rule_v2
состояние охраны;01.09.2025 15:05:41;1;0.0;1;unknown;weak_rule;conservative_pair_rule_v2
состояние охраны;01.09.2025 16:20:21;1;0.0;1;unknown;weak_rule;conservative_pair_rule_v2
состояние охраны;01.09.2025 16:37:42;1;0.0;1;unknown;weak_rule;conservative_pair_rule_v2
состояние охраны;01.09.2025 16:50:39;1;0.0;1;unknown;weak_rule;conservative_pair_rule_v2
состояние охраны;01.09.2025 17:00:23;1;0.0;1;unknown;weak_rule;conservative_pair_rule_v2
состояние охраны;05.09.2025 12:41:21;1;0.0;1;unknown;weak_rule;conservative_pair_rule_v2
состояние охраны;05.09.2025 16:19:59;1;0.0;1;unknown;weak_rule;conservative_pair_rule_v2
состояние охраны;05.09.2025 18:09:14;1;0.0;1;unknown;weak_rule;conservative_pair_rule_v2
состояние охраны;05.09.2025 20:24:08;1;0.0;1;unknown;weak_rule;conservative_pair_rule_v2
состояние охраны;09.09.2025 07:15:15;1;0.0;1;unknown;weak_rule;conservative_pair_rule_v2
состояние охраны;09.09.2025 07:53:00;1;0.0;1;unknown;weak_rule;conservative_pair_rule_v2
состояние охраны;09.09.2025 08:21:17;1;0.0;1;unknown;weak_rule;conservative_pair_rule_v2
состояние охраны;09.09.2025 08:39:37;1;0.0;1;unknown;weak_rule;conservative_pair_rule_v2
состояние охраны;09.09.2025 08:39:41;1;0.0;1;unknown;weak_rule;conservative_pair_rule_v2
состояние охраны;09.09.2025 09:13:05;1;0.0;1;unknown;weak_rule;conservative_pair_rule_v2
состояние охраны;09.09.2025 09:13:44;1;0.0;1;unknown;weak_rule;conservative_pair_rule_v2
состояние охраны;09.09.2025 10:20:51;1;0.0;1;unknown;weak_rule;conservative_pair_rule_v2
состояние охраны;09.09.2025 12:12:53;1;0.0;1;unknown;weak_rule;conservative_pair_rule_v2
состояние охраны;11.09.2025 10:53:34;1;0.0;1;unknown;weak_rule;conservative_pair_rule_v2
состояние охраны;11.09.2025 11:00:22;1;0.0;1;unknown;weak_rule;conservative_pair_rule_v2
состояние охраны;11.09.2025 13:42:35;1;0.0;1;unknown;weak_rule;conservative_pair_rule_v2
состояние охраны;16.09.2025 07:54:37;1;0.0;1;unknown;weak_rule;conservative_pair_rule_v2
состояние охраны;16.09.2025 08:22:38;1;0.0;1;unknown;weak_rule;conservative_pair_rule_v2
состояние охраны;16.09.2025 09:55:54;1;0.0;1;unknown;weak_rule;conservative_pair_rule_v2
состояние охраны;16.09.2025 15:30:34;1;0.0;1;unknown;weak_rule;conservative_pair_rule_v2
состояние охраны;16.09.2025 15:33:44;1;0.0;1;unknown;weak_rule;conservative_pair_rule_v2
состояние охраны;16.09.2025 16:30:27;1;0.0;1;unknown;weak_rule;conservative_pair_rule_v2
состояние охраны;16.09.2025 17:36:14;1;0.0;1;unknown;weak_rule;conservative_pair_rule_v2
состояние охраны;16.09.2025 17:46:02;1;0.0;1;unknown;weak_rule;conservative_pair_rule_v2
состояние охраны;16.09.2025 18:45:02;1;0.0;1;unknown;weak_rule;conservative_pair_rule_v2
состояние охраны;20.09.2025 14:45:50;1;0.0;1;unknown;weak_rule;conservative_pair_rule_v2
состояние охраны;20.09.2025 18:39:03;1;0.0;1;unknown;weak_rule;conservative_pair_rule_v2
состояние охраны;22.09.2025 07:43:36;1;0.0;1;unknown;weak_rule;conservative_pair_rule_v2
состояние охраны;22.09.2025 07:57:48;1;0.0;1;unknown;weak_rule;conservative_pair_rule_v2
состояние охраны;22.09.2025 07:58:21;1;0.0;1;unknown;weak_rule;conservative_pair_rule_v2
состояние охраны;22.09.2025 16:29:02;1;0.0;1;unknown;weak_rule;conservative_pair_rule_v2
состояние охраны;22.09.2025 16:33:28;1;0.0;1;unknown;weak_rule;conservative_pair_rule_v2
состояние охраны;22.09.2025 17:00:19;1;0.0;1;unknown;weak_rule;conservative_pair_rule_v2
состояние охраны;26.09.2025 17:01:56;1;0.0;1;unknown;weak_rule;conservative_pair_rule_v2
состояние охраны;26.09.2025 18:15:42;1;0.0;1;unknown;weak_rule;conservative_pair_rule_v2
состояние охраны;27.09.2025 07:49:10;1;0.0;1;unknown;weak_rule;conservative_pair_rule_v2
состояние охраны;27.09.2025 09:06:22;1;0.0;1;unknown;weak_rule;conservative_pair_rule_v2
состояние охраны;01.10.2025 14:22:27;1;0.0;1;unknown;weak_rule;conservative_pair_rule_v2
состояние охраны;01.10.2025 14:34:49;1;0.0;1;unknown;weak_rule;conservative_pair_rule_v2
состояние охраны;01.10.2025 16:44:54;1;0.0;1;unknown;weak_rule;conservative_pair_rule_v2
состояние охраны;01.10.2025 17:00:43;1;0.0;1;unknown;weak_rule;conservative_pair_rule_v2
состояние охраны;03.10.2025 00:39:11;1;0.0;1;unknown;weak_rule;conservative_pair_rule_v2
состояние охраны;03.10.2025 03:01:53;1;0.0;1;unknown;weak_rule;conservative_pair_rule_v2
состояние охраны;03.10.2025 03:06:17;1;0.0;1;unknown;weak_rule;conservative_pair_rule_v2
состояние охраны;03.10.2025 07:08:57;1;0.0;1;unknown;weak_rule;conservative_pair_rule_v2
состояние охраны;03.10.2025 07:59:08;1;0.0;1;unknown;weak_rule;conservative_pair_rule_v2
состояние охраны;03.10.2025 08:00:34;1;0.0;1;unknown;weak_rule;conservative_pair_rule_v2
состояние охраны;03.10.2025 08:11:51;1;0.0;1;unknown;weak_rule;conservative_pair_rule_v2
состояние охраны;03.10.2025 08:33:13;1;0.0;1;unknown;weak_rule;conservative_pair_rule_v2
состояние охраны;03.10.2025 08:53:20;1;0.0;1;unknown;weak_rule;conservative_pair_rule_v2
состояние охраны;03.10.2025 14:39:24;1;0.0;1;unknown;weak_rule;conservative_pair_rule_v2
состояние охраны;03.10.2025 14:58:38;1;0.0;1;unknown;weak_rule;conservative_pair_rule_v2
состояние охраны;03.10.2025 16:46:13;1;0.0;1;unknown;weak_rule;conservative_pair_rule_v2
состояние охраны;03.10.2025 17:00:05;1;0.0;1;unknown;weak_rule;conservative_pair_rule_v2
состояние охраны;03.10.2025 17:33:19;1;0.0;1;unknown;weak_rule;conservative_pair_rule_v2
состояние охраны;07.10.2025 13:32:52;1;0.0;1;unknown;weak_rule;conservative_pair_rule_v2
состояние охраны;07.10.2025 20:36:05;1;0.0;1;unknown;weak_rule;conservative_pair_rule_v2
состояние охраны;07.10.2025 22:17:14;1;0.0;1;unknown;weak_rule;conservative_pair_rule_v2
состояние охраны;08.10.2025 08:05:07;1;0.0;1;unknown;weak_rule;conservative_pair_rule_v2
состояние охраны;13.10.2025 15:57:03;1;0.0;1;unknown;weak_rule;conservative_pair_rule_v2
состояние охраны;13.10.2025 16:18:43;1;0.0;1;unknown;weak_rule;conservative_pair_rule_v2
состояние охраны;13.10.2025 16:37:17;1;0.0;1;unknown;weak_rule;conservative_pair_rule_v2
состояние охраны;13.10.2025 16:45:52;1;0.0;1;unknown;weak_rule;conservative_pair_rule_v2
состояние охраны;13.10.2025 16:46:54;1;0.0;1;unknown;weak_rule;conservative_pair_rule_v2
состояние охраны;13.10.2025 17:30:06;1;0.0;1;unknown;weak_rule;conservative_pair_rule_v2
состояние охраны;13.10.2025 17:49:50;1;0.0;1;unknown;weak_rule;conservative_pair_rule_v2
состояние охраны;14.10.2025 07:14:36;1;0.0;1;unknown;weak_rule;conservative_pair_rule_v2
состояние охраны;14.10.2025 08:03:07;1;0.0;1;unknown;weak_rule;conservative_pair_rule_v2
состояние охраны;14.10.2025 08:27:06;1;0.0;1;unknown;weak_rule;conservative_pair_rule_v2
состояние охраны;14.10.2025 08:40:43;1;0.0;1;unknown;weak_rule;conservative_pair_rule_v2
состояние охраны;16.10.2025 15:27:53;1;0.0;1;unknown;weak_rule;conservative_pair_rule_v2
состояние охраны;16.10.2025 16:32:34;1;0.0;1;unknown;weak_rule;conservative_pair_rule_v2
состояние охраны;16.10.2025 17:00:17;1;0.0;1;unknown;weak_rule;conservative_pair_rule_v2
состояние охраны;17.10.2025 07:07:26;1;0.0;1;unknown;weak_rule;conservative_pair_rule_v2
состояние охраны;17.10.2025 08:06:06;1;0.0;1;unknown;weak_rule;conservative_pair_rule_v2
состояние охраны;20.10.2025 07:15:50;1;0.0;1;unknown;weak_rule;conservative_pair_rule_v2
состояние охраны;20.10.2025 07:53:17;1;0.0;1;unknown;weak_rule;conservative_pair_rule_v2
состояние охраны;20.10.2025 08:00:40;1;0.0;1;unknown;weak_rule;conservative_pair_rule_v2
ибп;13;1;0.0;1;unknown;weak_rule;conservative_pair_rule_v2
состояние охраны;20.10.2025 13:35:43;1;0.0;1;unknown;weak_rule;conservative_pair_rule_v2
состояние охраны;20.10.2025 22:58:47;1;0.0;1;unknown;weak_rule;conservative_pair_rule_v2
состояние охраны;20.10.2025 23:44:16;1;0.0;1;unknown;weak_rule;conservative_pair_rule_v2
состояние охраны;20.10.2025 23:56:57;1;0.0;1;unknown;weak_rule;conservative_pair_rule_v2
состояние охраны;24.10.2025 07:51:38;1;0.0;1;unknown;weak_rule;conservative_pair_rule_v2
состояние охраны;24.10.2025 07:54:48;1;0.0;1;unknown;weak_rule;conservative_pair_rule_v2
состояние охраны;24.10.2025 07:57:17;1;0.0;1;unknown;weak_rule;conservative_pair_rule_v2
состояние охраны;24.10.2025 08:07:39;1;0.0;1;unknown;weak_rule;conservative_pair_rule_v2
состояние охраны;24.10.2025 08:36:09;1;0.0;1;unknown;weak_rule;conservative_pair_rule_v2
состояние охраны;24.10.2025 09:34:20;1;0.0;1;unknown;weak_rule;conservative_pair_rule_v2
состояние охраны;24.10.2025 09:34:24;1;0.0;1;unknown;weak_rule;conservative_pair_rule_v2
состояние охраны;24.10.2025 16:11:45;1;0.0;1;unknown;weak_rule;conservative_pair_rule_v2
состояние охраны;24.10.2025 16:12:25;1;0.0;1;unknown;weak_rule;conservative_pair_rule_v2
состояние охраны;24.10.2025 17:09:59;1;0.0;1;unknown;weak_rule;conservative_pair_rule_v2
состояние охраны;24.10.2025 17:10:02;1;0.0;1;unknown;weak_rule;conservative_pair_rule_v2
состояние охраны;30.10.2025 16:40:02;1;0.0;1;unknown;weak_rule;conservative_pair_rule_v2
состояние охраны;30.10.2025 17:52:09;1;0.0;1;unknown;weak_rule;conservative_pair_rule_v2
состояние охраны;30.10.2025 23:22:20;1;0.0;1;unknown;weak_rule;conservative_pair_rule_v2
состояние охраны;31.10.2025 07:53:18;1;0.0;1;unknown;weak_rule;conservative_pair_rule_v2
состояние охраны;31.10.2025 07:57:40;1;0.0;1;unknown;weak_rule;conservative_pair_rule_v2
состояние охраны;31.10.2025 08:01:33;1;0.0;1;unknown;weak_rule;conservative_pair_rule_v2
состояние охраны;31.10.2025 08:05:08;1;0.0;1;unknown;weak_rule;conservative_pair_rule_v2
состояние охраны;31.10.2025 09:35:11;1;0.0;1;unknown;weak_rule;conservative_pair_rule_v2
состояние охраны;31.10.2025 10:25:49;1;0.0;1;unknown;weak_rule;conservative_pair_rule_v2
состояние охраны;05.11.2025 07:01:21;1;0.0;1;unknown;weak_rule;conservative_pair_rule_v2
состояние охраны;05.11.2025 08:05:07;1;0.0;1;unknown;weak_rule;conservative_pair_rule_v2
состояние охраны;05.11.2025 08:39:58;1;0.0;1;unknown;weak_rule;conservative_pair_rule_v2
состояние охраны;05.11.2025 08:45:32;1;0.0;1;unknown;weak_rule;conservative_pair_rule_v2
состояние охраны;07.11.2025 16:41:16;1;0.0;1;unknown;weak_rule;conservative_pair_rule_v2
состояние охраны;07.11.2025 20:03:06;1;0.0;1;unknown;weak_rule;conservative_pair_rule_v2
состояние охраны;07.11.2025 22:09:04;1;0.0;1;unknown;weak_rule;conservative_pair_rule_v2
состояние охраны;08.11.2025 07:26:08;1;0.0;1;unknown;weak_rule;conservative_pair_rule_v2
состояние охраны;08.11.2025 08:30:41;1;0.0;1;unknown;weak_rule;conservative_pair_rule_v2
состояние охраны;08.11.2025 20:04:26;1;0.0;1;unknown;weak_rule;conservative_pair_rule_v2
состояние охраны;09.11.2025 07:27:05;1;0.0;1;unknown;weak_rule;conservative_pair_rule_v2
состояние охраны;09.11.2025 10:53:47;1;0.0;1;unknown;weak_rule;conservative_pair_rule_v2
состояние охраны;10.11.2025 02:26:56;1;0.0;1;unknown;weak_rule;conservative_pair_rule_v2
состояние охраны;10.11.2025 07:54:24;1;0.0;1;unknown;weak_rule;conservative_pair_rule_v2
состояние охраны;10.11.2025 08:02:32;1;0.0;1;unknown;weak_rule;conservative_pair_rule_v2
состояние охраны;10.11.2025 08:22:46;1;0.0;1;unknown;weak_rule;conservative_pair_rule_v2
состояние охраны;10.11.2025 08:32:02;1;0.0;1;unknown;weak_rule;conservative_pair_rule_v2
состояние охраны;10.11.2025 08:44:19;1;0.0;1;unknown;weak_rule;conservative_pair_rule_v2
состояние охраны;10.11.2025 09:05:33;1;0.0;1;unknown;weak_rule;conservative_pair_rule_v2
состояние охраны;10.11.2025 15:07:57;1;0.0;1;unknown;weak_rule;conservative_pair_rule_v2
состояние охраны;10.11.2025 15:08:04;1;0.0;1;unknown;weak_rule;conservative_pair_rule_v2
состояние охраны;17.11.2025 07:36:51;1;0.0;1;unknown;weak_rule;conservative_pair_rule_v2
состояние охраны;17.11.2025 07:56:49;1;0.0;1;unknown;weak_rule;conservative_pair_rule_v2
состояние охраны;22.11.2025 08:00:28;1;0.0;1;unknown;weak_rule;conservative_pair_rule_v2
состояние охраны;26.11.2025 16:09:22;1;0.0;1;unknown;weak_rule;conservative_pair_rule_v2
состояние охраны;26.11.2025 16:22:53;1;0.0;1;unknown;weak_rule;conservative_pair_rule_v2
состояние охраны;26.11.2025 16:54:12;1;0.0;1;unknown;weak_rule;conservative_pair_rule_v2
состояние охраны;26.11.2025 16:55:22;1;0.0;1;unknown;weak_rule;conservative_pair_rule_v2
состояние охраны;27.11.2025 07:47:24;1;0.0;1;unknown;weak_rule;conservative_pair_rule_v2
состояние охраны;29.11.2025 23:40:49;1;0.0;1;unknown;weak_rule;conservative_pair_rule_v2
состояние охраны;30.11.2025 08:01:38;1;0.0;1;unknown;weak_rule;conservative_pair_rule_v2
состояние охраны;30.11.2025 20:02:59;1;0.0;1;unknown;weak_rule;conservative_pair_rule_v2
состояние охраны;03.12.2025 15:56:36;1;0.0;1;unknown;weak_rule;conservative_pair_rule_v2
состояние охраны;03.12.2025 20:02:00;1;0.0;1;unknown;weak_rule;conservative_pair_rule_v2
состояние охраны;03.12.2025 21:42:49;1;0.0;1;unknown;weak_rule;conservative_pair_rule_v2
состояние охраны;04.12.2025 07:15:46;1;0.0;1;unknown;weak_rule;conservative_pair_rule_v2
состояние охраны;04.12.2025 07:54:12;1;0.0;1;unknown;weak_rule;conservative_pair_rule_v2
состояние охраны;04.12.2025 08:31:54;1;0.0;1;unknown;weak_rule;conservative_pair_rule_v2
состояние охраны;10.12.2025 07:43:45;1;0.0;1;unknown;weak_rule;conservative_pair_rule_v2
состояние охраны;10.12.2025 08:05:40;1;0.0;1;unknown;weak_rule;conservative_pair_rule_v2
состояние охраны;10.12.2025 08:12:58;1;0.0;1;unknown;weak_rule;conservative_pair_rule_v2
состояние охраны;10.12.2025 08:22:09;1;0.0;1;unknown;weak_rule;conservative_pair_rule_v2
состояние охраны;10.12.2025 12:59:31;1;0.0;1;unknown;weak_rule;conservative_pair_rule_v2
состояние охраны;10.12.2025 13:29:17;1;0.0;1;unknown;weak_rule;conservative_pair_rule_v2
состояние охраны;10.12.2025 15:15:40;1;0.0;1;unknown;weak_rule;conservative_pair_rule_v2
состояние охраны;10.12.2025 16:11:40;1;0.0;1;unknown;weak_rule;conservative_pair_rule_v2
состояние охраны;10.12.2025 16:14:38;1;0.0;1;unknown;weak_rule;conservative_pair_rule_v2
состояние охраны;10.12.2025 16:45:22;1;0.0;1;unknown;weak_rule;conservative_pair_rule_v2
состояние охраны;13.12.2025 11:12:49;1;0.0;1;unknown;weak_rule;conservative_pair_rule_v2
состояние охраны;13.12.2025 15:00:54;1;0.0;1;unknown;weak_rule;conservative_pair_rule_v2
состояние охраны;17.12.2025 16:05:40;1;0.0;1;unknown;weak_rule;conservative_pair_rule_v2
состояние охраны;17.12.2025 16:21:09;1;0.0;1;unknown;weak_rule;conservative_pair_rule_v2
состояние охраны;18.12.2025 07:11:35;1;0.0;1;unknown;weak_rule;conservative_pair_rule_v2
состояние охраны;18.12.2025 07:50:40;1;0.0;1;unknown;weak_rule;conservative_pair_rule_v2
состояние охраны;19.12.2025 16:16:08;1;0.0;1;unknown;weak_rule;conservative_pair_rule_v2
состояние охраны;19.12.2025 16:21:08;1;0.0;1;unknown;weak_rule;conservative_pair_rule_v2
состояние охраны;20.12.2025 07:59:23;1;0.0;1;unknown;weak_rule;conservative_pair_rule_v2
состояние охраны;20.12.2025 08:59:49;1;0.0;1;unknown;weak_rule;conservative_pair_rule_v2
состояние охраны;20.12.2025 12:30:47;1;0.0;1;unknown;weak_rule;conservative_pair_rule_v2
состояние охраны;20.12.2025 13:11:49;1;0.0;1;unknown;weak_rule;conservative_pair_rule_v2
состояние охраны;20.12.2025 17:10:49;1;0.0;1;unknown;weak_rule;conservative_pair_rule_v2
состояние охраны;20.12.2025 20:03:51;1;0.0;1;unknown;weak_rule;conservative_pair_rule_v2
состояние охраны;25.12.2025 16:25:26;1;0.0;1;unknown;weak_rule;conservative_pair_rule_v2
состояние охраны;25.12.2025 16:30:31;1;0.0;1;unknown;weak_rule;conservative_pair_rule_v2
состояние охраны;26.12.2025 07:15:01;1;0.0;1;unknown;weak_rule;conservative_pair_rule_v2
состояние охраны;26.12.2025 07:39:23;1;0.0;1;unknown;weak_rule;conservative_pair_rule_v2
состояние охраны;26.12.2025 08:01:14;1;0.0;1;unknown;weak_rule;conservative_pair_rule_v2
состояние охраны;02.01.2025 06:17:26;1;0.0;1;unknown;weak_rule;conservative_pair_rule_v2
состояние охраны;02.01.2025 07:54:11;1;0.0;1;unknown;weak_rule;conservative_pair_rule_v2
состояние охраны;06.01.2025 07:48:10;1;0.0;1;unknown;weak_rule;conservative_pair_rule_v2
состояние охраны;06.01.2025 16:10:08;1;0.0;1;unknown;weak_rule;conservative_pair_rule_v2
состояние охраны;11.01.2025 15:23:28;1;0.0;1;unknown;weak_rule;conservative_pair_rule_v2
состояние охраны;11.01.2025 15:23:34;1;0.0;1;unknown;weak_rule;conservative_pair_rule_v2
состояние охраны;11.01.2025 20:01:26;1;0.0;1;unknown;weak_rule;conservative_pair_rule_v2
состояние охраны;16.01.2025 07:30:46;1;0.0;1;unknown;weak_rule;conservative_pair_rule_v2
состояние охраны;16.01.2025 07:56:43;1;0.0;1;unknown;weak_rule;conservative_pair_rule_v2
состояние охраны;16.01.2025 16:59:16;1;0.0;1;unknown;weak_rule;conservative_pair_rule_v2
состояние охраны;16.01.2025 17:14:56;1;0.0;1;unknown;weak_rule;conservative_pair_rule_v2
состояние охраны;21.01.2025 18:41:51;1;0.0;1;unknown;weak_rule;conservative_pair_rule_v2
состояние охраны;21.01.2025 22:38:03;1;0.0;1;unknown;weak_rule;conservative_pair_rule_v2
состояние охраны;22.01.2025 07:54:06;1;0.0;1;unknown;weak_rule;conservative_pair_rule_v2
состояние охраны;22.01.2025 07:54:27;1;0.0;1;unknown;weak_rule;conservative_pair_rule_v2
состояние охраны;22.01.2025 07:55:46;1;0.0;1;unknown;weak_rule;conservative_pair_rule_v2
состояние охраны;22.01.2025 09:17:39;1;0.0;1;unknown;weak_rule;conservative_pair_rule_v2
состояние охраны;22.01.2025 09:18:56;1;0.0;1;unknown;weak_rule;conservative_pair_rule_v2
состояние охраны;22.01.2025 16:22:39;1;0.0;1;unknown;weak_rule;conservative_pair_rule_v2
состояние охраны;22.01.2025 16:22:44;1;0.0;1;unknown;weak_rule;conservative_pair_rule_v2
состояние охраны;22.01.2025 16:57:58;1;0.0;1;unknown;weak_rule;conservative_pair_rule_v2
состояние охраны;22.01.2025 17:11:47;1;0.0;1;unknown;weak_rule;conservative_pair_rule_v2
состояние охраны;27.01.2025 06:14:00;1;0.0;1;unknown;weak_rule;conservative_pair_rule_v2
состояние охраны;27.01.2025 09:22:00;1;0.0;1;unknown;weak_rule;conservative_pair_rule_v2
состояние охраны;27.01.2025 10:54:19;1;0.0;1;unknown;weak_rule;conservative_pair_rule_v2
состояние охраны;27.01.2025 16:59:21;1;0.0;1;unknown;weak_rule;conservative_pair_rule_v2
состояние охраны;27.01.2025 17:06:36;1;0.0;1;unknown;weak_rule;conservative_pair_rule_v2
состояние охраны;28.01.2025 02:00:29;1;0.0;1;unknown;weak_rule;conservative_pair_rule_v2
состояние охраны;28.01.2025 07:53:07;1;0.0;1;unknown;weak_rule;conservative_pair_rule_v2
состояние охраны;29.01.2025 08:37:11;1;0.0;1;unknown;weak_rule;conservative_pair_rule_v2
состояние охраны;29.01.2025 10:18:16;1;0.0;1;unknown;weak_rule;conservative_pair_rule_v2
состояние охраны;29.01.2025 16:29:45;1;0.0;1;unknown;weak_rule;conservative_pair_rule_v2
состояние охраны;29.01.2025 17:00:22;1;0.0;1;unknown;weak_rule;conservative_pair_rule_v2
состояние охраны;29.01.2025 18:59:24;1;0.0;1;unknown;weak_rule;conservative_pair_rule_v2
состояние охраны;29.01.2025 20:03:19;1;0.0;1;unknown;weak_rule;conservative_pair_rule_v2
состояние охраны;30.01.2025 06:17:55;1;0.0;1;unknown;weak_rule;conservative_pair_rule_v2
состояние охраны;30.01.2025 08:24:35;1;0.0;1;unknown;weak_rule;conservative_pair_rule_v2
состояние охраны;30.01.2025 09:19:29;1;0.0;1;unknown;weak_rule;conservative_pair_rule_v2
состояние охраны;01.02.2025 20:17:52;1;0.0;1;unknown;weak_rule;conservative_pair_rule_v2
состояние охраны;01.02.2025 20:32:18;1;0.0;1;unknown;weak_rule;conservative_pair_rule_v2
состояние охраны;07.02.2025 15:21:08;1;0.0;1;unknown;weak_rule;conservative_pair_rule_v2
состояние охраны;07.02.2025 16:02:00;1;0.0;1;unknown;weak_rule;conservative_pair_rule_v2
состояние охраны;07.02.2025 16:49:15;1;0.0;1;unknown;weak_rule;conservative_pair_rule_v2
состояние охраны;07.02.2025 17:23:01;1;0.0;1;unknown;weak_rule;conservative_pair_rule_v2
состояние охраны;07.02.2025 18:24:45;1;0.0;1;unknown;weak_rule;conservative_pair_rule_v2
состояние охраны;13.02.2025 16:30:05;1;0.0;1;unknown;weak_rule;conservative_pair_rule_v2
состояние охраны;13.02.2025 16:46:57;1;0.0;1;unknown;weak_rule;conservative_pair_rule_v2
состояние охраны;13.02.2025 21:05:27;1;0.0;1;unknown;weak_rule;conservative_pair_rule_v2
состояние охраны;14.02.2025 01:12:23;1;0.0;1;unknown;weak_rule;conservative_pair_rule_v2
состояние охраны;14.02.2025 01:23:29;1;0.0;1;unknown;weak_rule;conservative_pair_rule_v2
состояние охраны;17.02.2025 07:58:37;1;0.0;1;unknown;weak_rule;conservative_pair_rule_v2
состояние охраны;17.02.2025 16:26:07;1;0.0;1;unknown;weak_rule;conservative_pair_rule_v2
состояние охраны;17.02.2025 16:55:33;1;0.0;1;unknown;weak_rule;conservative_pair_rule_v2
состояние охраны;17.02.2025 17:48:21;1;0.0;1;unknown;weak_rule;conservative_pair_rule_v2
состояние охраны;17.02.2025 18:08:03;1;0.0;1;unknown;weak_rule;conservative_pair_rule_v2
состояние охраны;17.02.2025 20:06:44;1;0.0;1;unknown;weak_rule;conservative_pair_rule_v2
состояние охраны;19.02.2025 08:55:49;1;0.0;1;unknown;weak_rule;conservative_pair_rule_v2
состояние охраны;19.02.2025 14:14:47;1;0.0;1;unknown;weak_rule;conservative_pair_rule_v2
состояние охраны;19.02.2025 16:34:17;1;0.0;1;unknown;weak_rule;conservative_pair_rule_v2
состояние охраны;20.02.2025 07:09:35;1;0.0;1;unknown;weak_rule;conservative_pair_rule_v2
состояние охраны;20.02.2025 08:15:30;1;0.0;1;unknown;weak_rule;conservative_pair_rule_v2
состояние охраны;20.02.2025 08:20:53;1;0.0;1;unknown;weak_rule;conservative_pair_rule_v2
состояние охраны;20.02.2025 08:40:11;1;0.0;1;unknown;weak_rule;conservative_pair_rule_v2
состояние охраны;20.02.2025 08:42:41;1;0.0;1;unknown;weak_rule;conservative_pair_rule_v2
состояние охраны;20.02.2025 09:13:06;1;0.0;1;unknown;weak_rule;conservative_pair_rule_v2
состояние охраны;24.02.2025 08:02:09;1;0.0;1;unknown;weak_rule;conservative_pair_rule_v2
состояние охраны;24.02.2025 14:35:49;1;0.0;1;unknown;weak_rule;conservative_pair_rule_v2
состояние охраны;24.02.2025 14:45:51;1;0.0;1;unknown;weak_rule;conservative_pair_rule_v2
состояние охраны;24.02.2025 14:45:59;1;0.0;1;unknown;weak_rule;conservative_pair_rule_v2
состояние охраны;24.02.2025 15:59:00;1;0.0;1;unknown;weak_rule;conservative_pair_rule_v2
состояние охраны;24.02.2025 16:06:57;1;0.0;1;unknown;weak_rule;conservative_pair_rule_v2
состояние охраны;24.02.2025 16:17:53;1;0.0;1;unknown;weak_rule;conservative_pair_rule_v2
состояние охраны;24.02.2025 20:07:47;1;0.0;1;unknown;weak_rule;conservative_pair_rule_v2
состояние охраны;24.02.2025 23:51:14;1;0.0;1;unknown;weak_rule;conservative_pair_rule_v2
состояние охраны;25.02.2025 06:02:11;1;0.0;1;unknown;weak_rule;conservative_pair_rule_v2
состояние охраны;04.03.2025 08:01:42;1;0.0;1;unknown;weak_rule;conservative_pair_rule_v2
состояние охраны;04.03.2025 08:13:18;1;0.0;1;unknown;weak_rule;conservative_pair_rule_v2
состояние охраны;04.03.2025 08:43:39;1;0.0;1;unknown;weak_rule;conservative_pair_rule_v2
состояние охраны;04.03.2025 08:47:24;1;0.0;1;unknown;weak_rule;conservative_pair_rule_v2
состояние охраны;04.03.2025 11:48:13;1;0.0;1;unknown;weak_rule;conservative_pair_rule_v2
состояние охраны;04.03.2025 14:27:33;1;0.0;1;unknown;weak_rule;conservative_pair_rule_v2
состояние охраны;04.03.2025 15:34:45;1;0.0;1;unknown;weak_rule;conservative_pair_rule_v2
состояние охраны;04.03.2025 16:19:27;1;0.0;1;unknown;weak_rule;conservative_pair_rule_v2
состояние охраны;08.03.2025 08:03:32;1;0.0;1;unknown;weak_rule;conservative_pair_rule_v2
состояние охраны;08.03.2025 08:37:54;1;0.0;1;unknown;weak_rule;conservative_pair_rule_v2
состояние охраны;08.03.2025 18:23:13;1;0.0;1;unknown;weak_rule;conservative_pair_rule_v2
состояние охраны;08.03.2025 21:08:46;1;0.0;1;unknown;weak_rule;conservative_pair_rule_v2
состояние охраны;13.03.2025 08:36:12;1;0.0;1;unknown;weak_rule;conservative_pair_rule_v2
состояние охраны;13.03.2025 12:47:38;1;0.0;1;unknown;weak_rule;conservative_pair_rule_v2
состояние охраны;13.03.2025 14:11:56;1;0.0;1;unknown;weak_rule;conservative_pair_rule_v2
состояние охраны;18.03.2025 07:51:33;1;0.0;1;unknown;weak_rule;conservative_pair_rule_v2
состояние охраны;18.03.2025 07:58:35;1;0.0;1;unknown;weak_rule;conservative_pair_rule_v2
состояние охраны;18.03.2025 07:58:37;1;0.0;1;unknown;weak_rule;conservative_pair_rule_v2
состояние охраны;18.03.2025 08:53:08;1;0.0;1;unknown;weak_rule;conservative_pair_rule_v2
состояние охраны;18.03.2025 14:32:35;1;0.0;1;unknown;weak_rule;conservative_pair_rule_v2
состояние охраны;18.03.2025 15:46:27;1;0.0;1;unknown;weak_rule;conservative_pair_rule_v2
состояние охраны;18.03.2025 15:46:29;1;0.0;1;unknown;weak_rule;conservative_pair_rule_v2
состояние охраны;18.03.2025 16:11:46;1;0.0;1;unknown;weak_rule;conservative_pair_rule_v2
состояние охраны;18.03.2025 20:07:18;1;0.0;1;unknown;weak_rule;conservative_pair_rule_v2
состояние охраны;22.03.2025 20:04:19;1;0.0;1;unknown;weak_rule;conservative_pair_rule_v2
состояние охраны;23.03.2025 06:41:12;1;0.0;1;unknown;weak_rule;conservative_pair_rule_v2
состояние охраны;23.03.2025 07:44:22;1;0.0;1;unknown;weak_rule;conservative_pair_rule_v2
состояние охраны;23.03.2025 10:52:42;1;0.0;1;unknown;weak_rule;conservative_pair_rule_v2
состояние охраны;23.03.2025 14:55:35;1;0.0;1;unknown;weak_rule;conservative_pair_rule_v2
состояние охраны;23.03.2025 18:02:47;1;0.0;1;unknown;weak_rule;conservative_pair_rule_v2
состояние охраны;28.03.2025 08:49:12;1;0.0;1;unknown;weak_rule;conservative_pair_rule_v2
состояние охраны;01.04.2025 16:43:41;1;0.0;1;unknown;weak_rule;conservative_pair_rule_v2
состояние охраны;01.04.2025 20:04:08;1;0.0;1;unknown;weak_rule;conservative_pair_rule_v2
состояние охраны;02.04.2025 07:28:43;1;0.0;1;unknown;weak_rule;conservative_pair_rule_v2
состояние охраны;02.04.2025 07:39:53;1;0.0;1;unknown;weak_rule;conservative_pair_rule_v2
состояние охраны;02.04.2025 07:55:42;1;0.0;1;unknown;weak_rule;conservative_pair_rule_v2
состояние охраны;02.04.2025 07:59:14;1;0.0;1;unknown;weak_rule;conservative_pair_rule_v2
состояние охраны;02.04.2025 15:00:28;1;0.0;1;unknown;weak_rule;conservative_pair_rule_v2
состояние охраны;02.04.2025 16:25:39;1;0.0;1;unknown;weak_rule;conservative_pair_rule_v2
состояние охраны;02.04.2025 16:34:55;1;0.0;1;unknown;weak_rule;conservative_pair_rule_v2
состояние охраны;02.04.2025 20:09:44;1;0.0;1;unknown;weak_rule;conservative_pair_rule_v2
состояние охраны;07.04.2025 08:01:47;1;0.0;1;unknown;weak_rule;conservative_pair_rule_v2
состояние охраны;07.04.2025 08:01:49;1;0.0;1;unknown;weak_rule;conservative_pair_rule_v2
состояние охраны;07.04.2025 08:47:14;1;0.0;1;unknown;weak_rule;conservative_pair_rule_v2
состояние охраны;07.04.2025 09:00:48;1;0.0;1;unknown;weak_rule;conservative_pair_rule_v2
газовый датчик;3.41;1;0.0;1;unknown;weak_rule;conservative_pair_rule_v2
газовый датчик;7.71;1;0.0;1;unknown;weak_rule;conservative_pair_rule_v2
состояние охраны;07.04.2025 16:41:34;1;0.0;1;unknown;weak_rule;conservative_pair_rule_v2
состояние охраны;07.04.2025 19:01:49;1;0.0;1;unknown;weak_rule;conservative_pair_rule_v2
состояние охраны;11.04.2025 07:58:47;1;0.0;1;unknown;weak_rule;conservative_pair_rule_v2
состояние охраны;11.04.2025 08:02:14;1;0.0;1;unknown;weak_rule;conservative_pair_rule_v2
состояние охраны;11.04.2025 08:04:10;1;0.0;1;unknown;weak_rule;conservative_pair_rule_v2
состояние охраны;11.04.2025 16:15:27;1;0.0;1;unknown;weak_rule;conservative_pair_rule_v2
состояние охраны;11.04.2025 19:49:43;1;0.0;1;unknown;weak_rule;conservative_pair_rule_v2
состояние охраны;11.04.2025 20:03:00;1;0.0;1;unknown;weak_rule;conservative_pair_rule_v2
состояние охраны;12.04.2025 07:57:51;1;0.0;1;unknown;weak_rule;conservative_pair_rule_v2
состояние охраны;12.04.2025 08:39:57;1;0.0;1;unknown;weak_rule;conservative_pair_rule_v2
состояние охраны;13.04.2025 20:03:06;1;0.0;1;unknown;weak_rule;conservative_pair_rule_v2
состояние охраны;14.04.2025 07:35:52;1;0.0;1;unknown;weak_rule;conservative_pair_rule_v2
состояние охраны;14.04.2025 07:47:46;1;0.0;1;unknown;weak_rule;conservative_pair_rule_v2
состояние охраны;14.04.2025 07:59:32;1;0.0;1;unknown;weak_rule;conservative_pair_rule_v2
состояние охраны;14.04.2025 08:50:57;1;0.0;1;unknown;weak_rule;conservative_pair_rule_v2
состояние охраны;14.04.2025 18:09:59;1;0.0;1;unknown;weak_rule;conservative_pair_rule_v2
состояние охраны;14.04.2025 18:36:08;1;0.0;1;unknown;weak_rule;conservative_pair_rule_v2
состояние охраны;14.04.2025 20:04:05;1;0.0;1;unknown;weak_rule;conservative_pair_rule_v2
состояние охраны;20.04.2025 10:09:41;1;0.0;1;unknown;weak_rule;conservative_pair_rule_v2
состояние охраны;20.04.2025 14:35:15;1;0.0;1;unknown;weak_rule;conservative_pair_rule_v2
состояние охраны;24.04.2025 07:50:35;1;0.0;1;unknown;weak_rule;conservative_pair_rule_v2
состояние охраны;24.04.2025 07:50:39;1;0.0;1;unknown;weak_rule;conservative_pair_rule_v2
состояние охраны;24.04.2025 07:57:42;1;0.0;1;unknown;weak_rule;conservative_pair_rule_v2
состояние охраны;25.04.2025 07:06:39;1;0.0;1;unknown;weak_rule;conservative_pair_rule_v2
состояние охраны;25.04.2025 07:30:10;1;0.0;1;unknown;weak_rule;conservative_pair_rule_v2
состояние охраны;25.04.2025 07:58:20;1;0.0;1;unknown;weak_rule;conservative_pair_rule_v2
состояние охраны;25.04.2025 08:03:00;1;0.0;1;unknown;weak_rule;conservative_pair_rule_v2
состояние охраны;28.04.2025 00:33:44;1;0.0;1;unknown;weak_rule;conservative_pair_rule_v2
состояние охраны;28.04.2025 07:05:23;1;0.0;1;unknown;weak_rule;conservative_pair_rule_v2
состояние охраны;28.04.2025 07:47:39;1;0.0;1;unknown;weak_rule;conservative_pair_rule_v2
состояние охраны;28.04.2025 08:04:56;1;0.0;1;unknown;weak_rule;conservative_pair_rule_v2
состояние охраны;28.04.2025 15:41:52;1;0.0;1;unknown;weak_rule;conservative_pair_rule_v2
состояние охраны;28.04.2025 16:51:52;1;0.0;1;unknown;weak_rule;conservative_pair_rule_v2
состояние охраны;28.04.2025 16:58:45;1;0.0;1;unknown;weak_rule;conservative_pair_rule_v2
состояние охраны;28.04.2025 20:02:54;1;0.0;1;unknown;weak_rule;conservative_pair_rule_v2
состояние охраны;01.05.2025 17:22:27;1;0.0;1;unknown;weak_rule;conservative_pair_rule_v2
состояние охраны;02.05.2025 10:12:16;1;0.0;1;unknown;weak_rule;conservative_pair_rule_v2
состояние охраны;02.05.2025 15:41:15;1;0.0;1;unknown;weak_rule;conservative_pair_rule_v2
состояние охраны;12.05.2025 07:14:51;1;0.0;1;unknown;weak_rule;conservative_pair_rule_v2
состояние охраны;12.05.2025 07:58:41;1;0.0;1;unknown;weak_rule;conservative_pair_rule_v2
состояние охраны;12.05.2025 08:01:24;1;0.0;1;unknown;weak_rule;conservative_pair_rule_v2
состояние охраны;12.05.2025 09:17:21;1;0.0;1;unknown;weak_rule;conservative_pair_rule_v2
состояние охраны;16.05.2025 07:54:01;1;0.0;1;unknown;weak_rule;conservative_pair_rule_v2
состояние охраны;16.05.2025 13:47:47;1;0.0;1;unknown;weak_rule;conservative_pair_rule_v2
состояние охраны;16.05.2025 14:31:06;1;0.0;1;unknown;weak_rule;conservative_pair_rule_v2
состояние охраны;16.05.2025 15:48:24;1;0.0;1;unknown;weak_rule;conservative_pair_rule_v2
состояние охраны;16.05.2025 15:54:08;1;0.0;1;unknown;weak_rule;conservative_pair_rule_v2
состояние охраны;16.05.2025 17:12:37;1;0.0;1;unknown;weak_rule;conservative_pair_rule_v2
состояние охраны;16.05.2025 18:41:19;1;0.0;1;unknown;weak_rule;conservative_pair_rule_v2
состояние охраны;20.05.2025 16:46:05;1;0.0;1;unknown;weak_rule;conservative_pair_rule_v2
состояние охраны;20.05.2025 17:12:16;1;0.0;1;unknown;weak_rule;conservative_pair_rule_v2
состояние охраны;21.05.2025 04:19:21;1;0.0;1;unknown;weak_rule;conservative_pair_rule_v2
состояние охраны;21.05.2025 07:58:26;1;0.0;1;unknown;weak_rule;conservative_pair_rule_v2
состояние охраны;21.05.2025 08:03:13;1;0.0;1;unknown;weak_rule;conservative_pair_rule_v2
состояние охраны;21.05.2025 15:50:12;1;0.0;1;unknown;weak_rule;conservative_pair_rule_v2
состояние охраны;23.05.2025 20:10:03;1;0.0;1;unknown;weak_rule;conservative_pair_rule_v2
состояние охраны;23.05.2025 23:08:54;1;0.0;1;unknown;weak_rule;conservative_pair_rule_v2
состояние охраны;24.05.2025 08:24:01;1;0.0;1;unknown;weak_rule;conservative_pair_rule_v2
состояние охраны;24.05.2025 14:11:19;1;0.0;1;unknown;weak_rule;conservative_pair_rule_v2
состояние охраны;26.05.2025 15:53:01;1;0.0;1;unknown;weak_rule;conservative_pair_rule_v2
состояние охраны;26.05.2025 16:36:03;1;0.0;1;unknown;weak_rule;conservative_pair_rule_v2
состояние охраны;26.05.2025 16:58:14;1;0.0;1;unknown;weak_rule;conservative_pair_rule_v2
состояние охраны;26.05.2025 22:38:36;1;0.0;1;unknown;weak_rule;conservative_pair_rule_v2
состояние охраны;27.05.2025 01:51:49;1;0.0;1;unknown;weak_rule;conservative_pair_rule_v2
состояние охраны;27.05.2025 01:53:47;1;0.0;1;unknown;weak_rule;conservative_pair_rule_v2
состояние охраны;27.05.2025 03:50:19;1;0.0;1;unknown;weak_rule;conservative_pair_rule_v2
состояние охраны;27.05.2025 07:06:54;1;0.0;1;unknown;weak_rule;conservative_pair_rule_v2
состояние охраны;27.05.2025 07:48:20;1;0.0;1;unknown;weak_rule;conservative_pair_rule_v2
состояние охраны;30.05.2025 09:08:17;1;0.0;1;unknown;weak_rule;conservative_pair_rule_v2
состояние охраны;30.05.2025 14:03:01;1;0.0;1;unknown;weak_rule;conservative_pair_rule_v2
состояние охраны;30.05.2025 15:52:57;1;0.0;1;unknown;weak_rule;conservative_pair_rule_v2
состояние охраны;30.05.2025 20:06:49;1;0.0;1;unknown;weak_rule;conservative_pair_rule_v2
состояние охраны;30.05.2025 20:09:26;1;0.0;1;unknown;weak_rule;conservative_pair_rule_v2
состояние охраны;31.05.2025 00:04:14;1;0.0;1;unknown;weak_rule;conservative_pair_rule_v2
состояние охраны;31.05.2025 00:04:17;1;0.0;1;unknown;weak_rule;conservative_pair_rule_v2
состояние охраны;31.05.2025 00:42:05;1;0.0;1;unknown;weak_rule;conservative_pair_rule_v2
состояние охраны;31.05.2025 00:57:46;1;0.0;1;unknown;weak_rule;conservative_pair_rule_v2
состояние охраны;31.05.2025 01:45:55;1;0.0;1;unknown;weak_rule;conservative_pair_rule_v2
состояние охраны;03.06.2025 16:04:51;1;0.0;1;unknown;weak_rule;conservative_pair_rule_v2
состояние охраны;03.06.2025 17:30:45;1;0.0;1;unknown;weak_rule;conservative_pair_rule_v2
состояние охраны;03.06.2025 21:07:33;1;0.0;1;unknown;weak_rule;conservative_pair_rule_v2
состояние охраны;11.06.2025 07:48:19;1;0.0;1;unknown;weak_rule;conservative_pair_rule_v2
состояние охраны;11.06.2025 08:22:41;1;0.0;1;unknown;weak_rule;conservative_pair_rule_v2
состояние охраны;11.06.2025 08:29:40;1;0.0;1;unknown;weak_rule;conservative_pair_rule_v2
состояние охраны;11.06.2025 09:32:00;1;0.0;1;unknown;weak_rule;conservative_pair_rule_v2
состояние охраны;11.06.2025 13:06:48;1;0.0;1;unknown;weak_rule;conservative_pair_rule_v2
состояние охраны;11.06.2025 16:29:47;1;0.0;1;unknown;weak_rule;conservative_pair_rule_v2
состояние охраны;11.06.2025 20:42:26;1;0.0;1;unknown;weak_rule;conservative_pair_rule_v2
состояние охраны;11.06.2025 20:43:46;1;0.0;1;unknown;weak_rule;conservative_pair_rule_v2
состояние охраны;16.06.2025 01:47:11;1;0.0;1;unknown;weak_rule;conservative_pair_rule_v2
состояние охраны;16.06.2025 01:47:17;1;0.0;1;unknown;weak_rule;conservative_pair_rule_v2
состояние охраны;16.06.2025 02:35:50;1;0.0;1;unknown;weak_rule;conservative_pair_rule_v2
состояние охраны;16.06.2025 02:38:59;1;0.0;1;unknown;weak_rule;conservative_pair_rule_v2
состояние охраны;16.06.2025 02:51:40;1;0.0;1;unknown;weak_rule;conservative_pair_rule_v2
состояние охраны;16.06.2025 03:01:54;1;0.0;1;unknown;weak_rule;conservative_pair_rule_v2
состояние охраны;16.06.2025 03:09:04;1;0.0;1;unknown;weak_rule;conservative_pair_rule_v2
состояние охраны;16.06.2025 08:28:49;1;0.0;1;unknown;weak_rule;conservative_pair_rule_v2
состояние охраны;16.06.2025 10:35:07;1;0.0;1;unknown;weak_rule;conservative_pair_rule_v2
состояние охраны;16.06.2025 12:28:09;1;0.0;1;unknown;weak_rule;conservative_pair_rule_v2
состояние охраны;16.06.2025 12:28:13;1;0.0;1;unknown;weak_rule;conservative_pair_rule_v2
состояние охраны;19.06.2025 09:06:10;1;0.0;1;unknown;weak_rule;conservative_pair_rule_v2
состояние охраны;19.06.2025 09:31:58;1;0.0;1;unknown;weak_rule;conservative_pair_rule_v2
состояние охраны;19.06.2025 10:01:14;1;0.0;1;unknown;weak_rule;conservative_pair_rule_v2
состояние охраны;19.06.2025 10:17:25;1;0.0;1;unknown;weak_rule;conservative_pair_rule_v2
состояние охраны;19.06.2025 12:49:02;1;0.0;1;unknown;weak_rule;conservative_pair_rule_v2
состояние охраны;19.06.2025 16:29:07;1;0.0;1;unknown;weak_rule;conservative_pair_rule_v2
состояние охраны;19.06.2025 16:29:20;1;0.0;1;unknown;weak_rule;conservative_pair_rule_v2
состояние охраны;19.06.2025 17:02:53;1;0.0;1;unknown;weak_rule;conservative_pair_rule_v2
состояние охраны;19.06.2025 19:34:00;1;0.0;1;unknown;weak_rule;conservative_pair_rule_v2
состояние охраны;19.06.2025 20:35:21;1;0.0;1;unknown;weak_rule;conservative_pair_rule_v2
состояние охраны;21.06.2025 12:42:55;1;0.0;1;unknown;weak_rule;conservative_pair_rule_v2
состояние охраны;21.06.2025 15:42:25;1;0.0;1;unknown;weak_rule;conservative_pair_rule_v2
состояние охраны;21.06.2025 23:47:17;1;0.0;1;unknown;weak_rule;conservative_pair_rule_v2
состояние охраны;27.06.2025 07:01:09;1;0.0;1;unknown;weak_rule;conservative_pair_rule_v2
состояние охраны;27.06.2025 07:15:08;1;0.0;1;unknown;weak_rule;conservative_pair_rule_v2
состояние охраны;27.06.2025 08:33:56;1;0.0;1;unknown;weak_rule;conservative_pair_rule_v2
состояние охраны;27.06.2025 12:01:46;1;0.0;1;unknown;weak_rule;conservative_pair_rule_v2
состояние охраны;27.06.2025 16:04:56;1;0.0;1;unknown;weak_rule;conservative_pair_rule_v2
состояние охраны;27.06.2025 16:23:32;1;0.0;1;unknown;weak_rule;conservative_pair_rule_v2
состояние охраны;29.06.2025 01:28:25;1;0.0;1;unknown;weak_rule;conservative_pair_rule_v2
состояние охраны;29.06.2025 16:02:21;1;0.0;1;unknown;weak_rule;conservative_pair_rule_v2
состояние охраны;29.06.2025 22:32:09;1;0.0;1;unknown;weak_rule;conservative_pair_rule_v2
состояние охраны;01.07.2025 18:28:58;1;0.0;1;unknown;weak_rule;conservative_pair_rule_v2
состояние охраны;02.07.2025 07:43:43;1;0.0;1;unknown;weak_rule;conservative_pair_rule_v2
состояние охраны;02.07.2025 10:23:17;1;0.0;1;unknown;weak_rule;conservative_pair_rule_v2
состояние охраны;02.07.2025 10:38:43;1;0.0;1;unknown;weak_rule;conservative_pair_rule_v2
состояние охраны;08.07.2025 15:24:41;1;0.0;1;unknown;weak_rule;conservative_pair_rule_v2
состояние охраны;08.07.2025 15:24:44;1;0.0;1;unknown;weak_rule;conservative_pair_rule_v2
состояние охраны;08.07.2025 15:44:31;1;0.0;1;unknown;weak_rule;conservative_pair_rule_v2
состояние охраны;08.07.2025 17:00:21;1;0.0;1;unknown;weak_rule;conservative_pair_rule_v2
состояние охраны;08.07.2025 20:02:58;1;0.0;1;unknown;weak_rule;conservative_pair_rule_v2
состояние охраны;09.07.2025 08:37:41;1;0.0;1;unknown;weak_rule;conservative_pair_rule_v2
состояние охраны;09.07.2025 09:50:31;1;0.0;1;unknown;weak_rule;conservative_pair_rule_v2
состояние охраны;12.07.2025 07:39:25;1;0.0;1;unknown;weak_rule;conservative_pair_rule_v2
состояние охраны;12.07.2025 12:32:07;1;0.0;1;unknown;weak_rule;conservative_pair_rule_v2
состояние охраны;12.07.2025 17:33:17;1;0.0;1;unknown;weak_rule;conservative_pair_rule_v2
состояние охраны;12.07.2025 20:02:14;1;0.0;1;unknown;weak_rule;conservative_pair_rule_v2
состояние охраны;16.07.2025 07:07:20;1;0.0;1;unknown;weak_rule;conservative_pair_rule_v2
состояние охраны;16.07.2025 08:07:50;1;0.0;1;unknown;weak_rule;conservative_pair_rule_v2
состояние охраны;16.07.2025 08:09:37;1;0.0;1;unknown;weak_rule;conservative_pair_rule_v2
состояние охраны;16.07.2025 13:27:25;1;0.0;1;unknown;weak_rule;conservative_pair_rule_v2
состояние охраны;16.07.2025 16:06:48;1;0.0;1;unknown;weak_rule;conservative_pair_rule_v2
состояние охраны;16.07.2025 16:51:10;1;0.0;1;unknown;weak_rule;conservative_pair_rule_v2
состояние охраны;21.07.2025 17:20:00;1;0.0;1;unknown;weak_rule;conservative_pair_rule_v2
состояние охраны;21.07.2025 23:01:43;1;0.0;1;unknown;weak_rule;conservative_pair_rule_v2
состояние охраны;22.07.2025 07:40:50;1;0.0;1;unknown;weak_rule;conservative_pair_rule_v2
состояние охраны;22.07.2025 07:49:05;1;0.0;1;unknown;weak_rule;conservative_pair_rule_v2
состояние охраны;22.07.2025 07:49:46;1;0.0;1;unknown;weak_rule;conservative_pair_rule_v2
состояние охраны;22.07.2025 08:04:30;1;0.0;1;unknown;weak_rule;conservative_pair_rule_v2
состояние охраны;22.07.2025 08:05:51;1;0.0;1;unknown;weak_rule;conservative_pair_rule_v2
состояние охраны;27.07.2025 17:55:36;1;0.0;1;unknown;weak_rule;conservative_pair_rule_v2
состояние охраны;29.07.2025 07:41:04;1;0.0;1;unknown;weak_rule;conservative_pair_rule_v2
состояние охраны;29.07.2025 08:01:27;1;0.0;1;unknown;weak_rule;conservative_pair_rule_v2
состояние охраны;29.07.2025 10:58:04;1;0.0;1;unknown;weak_rule;conservative_pair_rule_v2
состояние охраны;29.07.2025 15:38:52;1;0.0;1;unknown;weak_rule;conservative_pair_rule_v2
состояние охраны;29.07.2025 17:01:13;1;0.0;1;unknown;weak_rule;conservative_pair_rule_v2
состояние охраны;29.07.2025 17:58:42;1;0.0;1;unknown;weak_rule;conservative_pair_rule_v2
состояние охраны;03.08.2025 08:47:53;1;0.0;1;unknown;weak_rule;conservative_pair_rule_v2
состояние охраны;03.08.2025 20:06:00;1;0.0;1;unknown;weak_rule;conservative_pair_rule_v2
состояние охраны;04.08.2025 07:28:58;1;0.0;1;unknown;weak_rule;conservative_pair_rule_v2
состояние охраны;04.08.2025 07:57:14;1;0.0;1;unknown;weak_rule;conservative_pair_rule_v2
состояние охраны;04.08.2025 08:01:09;1;0.0;1;unknown;weak_rule;conservative_pair_rule_v2
состояние охраны;04.08.2025 08:05:50;1;0.0;1;unknown;weak_rule;conservative_pair_rule_v2
состояние охраны;06.08.2025 16:25:08;1;0.0;1;unknown;weak_rule;conservative_pair_rule_v2
состояние охраны;06.08.2025 18:42:03;1;0.0;1;unknown;weak_rule;conservative_pair_rule_v2
состояние охраны;06.08.2025 20:03:50;1;0.0;1;unknown;weak_rule;conservative_pair_rule_v2
состояние охраны;07.08.2025 07:18:41;1;0.0;1;unknown;weak_rule;conservative_pair_rule_v2
состояние охраны;07.08.2025 07:51:36;1;0.0;1;unknown;weak_rule;conservative_pair_rule_v2
состояние охраны;07.08.2025 09:00:25;1;0.0;1;unknown;weak_rule;conservative_pair_rule_v2
состояние охраны;11.08.2025 07:37:34;1;0.0;1;unknown;weak_rule;conservative_pair_rule_v2
состояние охраны;11.08.2025 07:41:50;1;0.0;1;unknown;weak_rule;conservative_pair_rule_v2
состояние охраны;11.08.2025 07:50:20;1;0.0;1;unknown;weak_rule;conservative_pair_rule_v2
состояние охраны;11.08.2025 08:06:47;1;0.0;1;unknown;weak_rule;conservative_pair_rule_v2
состояние охраны;15.08.2025 15:05:18;1;0.0;1;unknown;weak_rule;conservative_pair_rule_v2
состояние охраны;15.08.2025 15:09:04;1;0.0;1;unknown;weak_rule;conservative_pair_rule_v2
состояние охраны;15.08.2025 17:01:34;1;0.0;1;unknown;weak_rule;conservative_pair_rule_v2
состояние охраны;15.08.2025 23:36:55;1;0.0;1;unknown;weak_rule;conservative_pair_rule_v2
состояние охраны;20.08.2025 07:49:51;1;0.0;1;unknown;weak_rule;conservative_pair_rule_v2
состояние охраны;20.08.2025 07:58:18;1;0.0;1;unknown;weak_rule;conservative_pair_rule_v2
состояние охраны;20.08.2025 08:35:55;1;0.0;1;unknown;weak_rule;conservative_pair_rule_v2
состояние охраны;20.08.2025 16:48:33;1;0.0;1;unknown;weak_rule;conservative_pair_rule_v2
состояние охраны;20.08.2025 17:00:53;1;0.0;1;unknown;weak_rule;conservative_pair_rule_v2
состояние охраны;26.08.2025 07:22:28;1;0.0;1;unknown;weak_rule;conservative_pair_rule_v2
состояние охраны;26.08.2025 08:03:20;1;0.0;1;unknown;weak_rule;conservative_pair_rule_v2
состояние охраны;26.08.2025 08:08:07;1;0.0;1;unknown;weak_rule;conservative_pair_rule_v2
состояние охраны;26.08.2025 12:19:27;1;0.0;1;unknown;weak_rule;conservative_pair_rule_v2
состояние охраны;26.08.2025 16:44:09;1;0.0;1;unknown;weak_rule;conservative_pair_rule_v2
состояние охраны;26.08.2025 20:04:13;1;0.0;1;unknown;weak_rule;conservative_pair_rule_v2
состояние охраны;30.08.2025 08:36:44;1;0.0;1;unknown;weak_rule;conservative_pair_rule_v2
состояние охраны;30.08.2025 12:51:00;1;0.0;1;unknown;weak_rule;conservative_pair_rule_v2
состояние охраны;02.09.2025 19:06:23;1;0.0;1;unknown;weak_rule;conservative_pair_rule_v2
состояние охраны;02.09.2025 20:03:37;1;0.0;1;unknown;weak_rule;conservative_pair_rule_v2
состояние охраны;03.09.2025 07:47:06;1;0.0;1;unknown;weak_rule;conservative_pair_rule_v2
состояние охраны;03.09.2025 07:57:37;1;0.0;1;unknown;weak_rule;conservative_pair_rule_v2
состояние охраны;03.09.2025 08:02:55;1;0.0;1;unknown;weak_rule;conservative_pair_rule_v2
состояние охраны;03.09.2025 08:36:50;1;0.0;1;unknown;weak_rule;conservative_pair_rule_v2
состояние охраны;06.09.2025 16:09:26;1;0.0;1;unknown;weak_rule;conservative_pair_rule_v2
состояние охраны;07.09.2025 07:49:04;1;0.0;1;unknown;weak_rule;conservative_pair_rule_v2
состояние охраны;09.09.2025 17:01:51;1;0.0;1;unknown;weak_rule;conservative_pair_rule_v2
состояние охраны;09.09.2025 18:23:59;1;0.0;1;unknown;weak_rule;conservative_pair_rule_v2
состояние охраны;10.09.2025 01:27:21;1;0.0;1;unknown;weak_rule;conservative_pair_rule_v2
состояние охраны;10.09.2025 07:17:07;1;0.0;1;unknown;weak_rule;conservative_pair_rule_v2
состояние охраны;10.09.2025 07:58:54;1;0.0;1;unknown;weak_rule;conservative_pair_rule_v2
состояние охраны;10.09.2025 08:08:42;1;0.0;1;unknown;weak_rule;conservative_pair_rule_v2
состояние охраны;13.09.2025 13:22:26;1;0.0;1;unknown;weak_rule;conservative_pair_rule_v2
состояние охраны;17.09.2025 07:41:03;1;0.0;1;unknown;weak_rule;conservative_pair_rule_v2
состояние охраны;17.09.2025 07:42:27;1;0.0;1;unknown;weak_rule;conservative_pair_rule_v2
состояние охраны;17.09.2025 07:55:31;1;0.0;1;unknown;weak_rule;conservative_pair_rule_v2
состояние охраны;17.09.2025 08:53:04;1;0.0;1;unknown;weak_rule;conservative_pair_rule_v2
состояние охраны;17.09.2025 15:47:33;1;0.0;1;unknown;weak_rule;conservative_pair_rule_v2
состояние охраны;17.09.2025 16:34:14;1;0.0;1;unknown;weak_rule;conservative_pair_rule_v2
состояние охраны;17.09.2025 16:47:45;1;0.0;1;unknown;weak_rule;conservative_pair_rule_v2
состояние охраны;17.09.2025 19:09:37;1;0.0;1;unknown;weak_rule;conservative_pair_rule_v2
состояние охраны;17.09.2025 23:44:37;1;0.0;1;unknown;weak_rule;conservative_pair_rule_v2
состояние охраны;21.09.2025 15:44:52;1;0.0;1;unknown;weak_rule;conservative_pair_rule_v2
состояние охраны;21.09.2025 16:53:50;1;0.0;1;unknown;weak_rule;conservative_pair_rule_v2
состояние охраны;21.09.2025 16:59:31;1;0.0;1;unknown;weak_rule;conservative_pair_rule_v2
состояние охраны;21.09.2025 18:10:28;1;0.0;1;unknown;weak_rule;conservative_pair_rule_v2
состояние охраны;21.09.2025 18:24:41;1;0.0;1;unknown;weak_rule;conservative_pair_rule_v2
состояние охраны;24.09.2025 17:01:09;1;0.0;1;unknown;weak_rule;conservative_pair_rule_v2
состояние охраны;25.09.2025 05:33:10;1;0.0;1;unknown;weak_rule;conservative_pair_rule_v2
состояние охраны;25.09.2025 07:14:57;1;0.0;1;unknown;weak_rule;conservative_pair_rule_v2
состояние охраны;25.09.2025 08:02:46;1;0.0;1;unknown;weak_rule;conservative_pair_rule_v2
состояние охраны;28.09.2025 15:31:48;1;0.0;1;unknown;weak_rule;conservative_pair_rule_v2
состояние охраны;28.09.2025 20:02:19;1;0.0;1;unknown;weak_rule;conservative_pair_rule_v2
состояние охраны;29.09.2025 08:01:57;1;0.0;1;unknown;weak_rule;conservative_pair_rule_v2
состояние охраны;29.09.2025 08:11:52;1;0.0;1;unknown;weak_rule;conservative_pair_rule_v2
состояние охраны;29.09.2025 08:15:03;1;0.0;1;unknown;weak_rule;conservative_pair_rule_v2
состояние охраны;29.09.2025 09:54:37;1;0.0;1;unknown;weak_rule;conservative_pair_rule_v2
состояние охраны;29.09.2025 11:01:27;1;0.0;1;unknown;weak_rule;conservative_pair_rule_v2
состояние охраны;29.09.2025 11:14:58;1;0.0;1;unknown;weak_rule;conservative_pair_rule_v2
состояние охраны;02.10.2025 08:03:45;1;0.0;1;unknown;weak_rule;conservative_pair_rule_v2
состояние охраны;02.10.2025 08:03:49;1;0.0;1;unknown;weak_rule;conservative_pair_rule_v2
состояние охраны;02.10.2025 09:56:54;1;0.0;1;unknown;weak_rule;conservative_pair_rule_v2
состояние охраны;02.10.2025 10:14:20;1;0.0;1;unknown;weak_rule;conservative_pair_rule_v2
состояние охраны;02.10.2025 10:52:50;1;0.0;1;unknown;weak_rule;conservative_pair_rule_v2
состояние охраны;02.10.2025 12:32:34;1;0.0;1;unknown;weak_rule;conservative_pair_rule_v2
состояние охраны;02.10.2025 13:27:59;1;0.0;1;unknown;weak_rule;conservative_pair_rule_v2
состояние охраны;02.10.2025 14:00:07;1;0.0;1;unknown;weak_rule;conservative_pair_rule_v2
состояние охраны;02.10.2025 15:40:10;1;0.0;1;unknown;weak_rule;conservative_pair_rule_v2
состояние охраны;02.10.2025 23:44:07;1;0.0;1;unknown;weak_rule;conservative_pair_rule_v2
состояние охраны;04.10.2025 08:34:43;1;0.0;1;unknown;weak_rule;conservative_pair_rule_v2
состояние охраны;04.10.2025 16:41:02;1;0.0;1;unknown;weak_rule;conservative_pair_rule_v2
состояние охраны;04.10.2025 21:12:44;1;0.0;1;unknown;weak_rule;conservative_pair_rule_v2
состояние охраны;05.10.2025 01:03:08;1;0.0;1;unknown;weak_rule;conservative_pair_rule_v2
состояние охраны;10.10.2025 10:20:29;1;0.0;1;unknown;weak_rule;conservative_pair_rule_v2
состояние охраны;10.10.2025 15:36:54;1;0.0;1;unknown;weak_rule;conservative_pair_rule_v2
состояние охраны;10.10.2025 19:03:00;1;0.0;1;unknown;weak_rule;conservative_pair_rule_v2
состояние охраны;10.10.2025 19:58:08;1;0.0;1;unknown;weak_rule;conservative_pair_rule_v2
состояние охраны;10.10.2025 20:02:33;1;0.0;1;unknown;weak_rule;conservative_pair_rule_v2
состояние охраны;11.10.2025 08:32:36;1;0.0;1;unknown;weak_rule;conservative_pair_rule_v2
состояние охраны;14.10.2025 15:59:56;1;0.0;1;unknown;weak_rule;conservative_pair_rule_v2
состояние охраны;14.10.2025 17:00:46;1;0.0;1;unknown;weak_rule;conservative_pair_rule_v2
состояние охраны;14.10.2025 17:02:27;1;0.0;1;unknown;weak_rule;conservative_pair_rule_v2
состояние охраны;15.10.2025 02:40:09;1;0.0;1;unknown;weak_rule;conservative_pair_rule_v2
состояние охраны;15.10.2025 03:00:23;1;0.0;1;unknown;weak_rule;conservative_pair_rule_v2
состояние охраны;15.10.2025 07:44:12;1;0.0;1;unknown;weak_rule;conservative_pair_rule_v2
состояние охраны;15.10.2025 07:44:21;1;0.0;1;unknown;weak_rule;conservative_pair_rule_v2
состояние охраны;15.10.2025 07:50:37;1;0.0;1;unknown;weak_rule;conservative_pair_rule_v2
состояние охраны;15.10.2025 07:54:02;1;0.0;1;unknown;weak_rule;conservative_pair_rule_v2
состояние охраны;15.10.2025 07:57:27;1;0.0;1;unknown;weak_rule;conservative_pair_rule_v2
состояние охраны;15.10.2025 08:00:24;1;0.0;1;unknown;weak_rule;conservative_pair_rule_v2
состояние охраны;15.10.2025 08:38:32;1;0.0;1;unknown;weak_rule;conservative_pair_rule_v2
состояние охраны;15.10.2025 10:49:45;1;0.0;1;unknown;weak_rule;conservative_pair_rule_v2
состояние охраны;18.10.2025 18:59:45;1;0.0;1;unknown;weak_rule;conservative_pair_rule_v2
состояние охраны;19.10.2025 12:02:30;1;0.0;1;unknown;weak_rule;conservative_pair_rule_v2
состояние охраны;19.10.2025 23:58:16;1;0.0;1;unknown;weak_rule;conservative_pair_rule_v2
состояние охраны;23.10.2025 07:53:59;1;0.0;1;unknown;weak_rule;conservative_pair_rule_v2
состояние охраны;23.10.2025 07:57:44;1;0.0;1;unknown;weak_rule;conservative_pair_rule_v2
состояние охраны;23.10.2025 14:50:11;1;0.0;1;unknown;weak_rule;conservative_pair_rule_v2
состояние охраны;23.10.2025 16:26:18;1;0.0;1;unknown;weak_rule;conservative_pair_rule_v2
состояние охраны;23.10.2025 17:00:38;1;0.0;1;unknown;weak_rule;conservative_pair_rule_v2
состояние охраны;23.10.2025 18:11:14;1;0.0;1;unknown;weak_rule;conservative_pair_rule_v2
состояние охраны;23.10.2025 18:32:36;1;0.0;1;unknown;weak_rule;conservative_pair_rule_v2
состояние охраны;24.10.2025 00:52:25;1;0.0;1;unknown;weak_rule;conservative_pair_rule_v2
состояние охраны;28.10.2025 07:50:06;1;0.0;1;unknown;weak_rule;conservative_pair_rule_v2
состояние охраны;28.10.2025 07:59:21;1;0.0;1;unknown;weak_rule;conservative_pair_rule_v2
состояние охраны;28.10.2025 08:45:18;1;0.0;1;unknown;weak_rule;conservative_pair_rule_v2
состояние охраны;28.10.2025 09:39:13;1;0.0;1;unknown;weak_rule;conservative_pair_rule_v2
состояние охраны;28.10.2025 12:08:10;1;0.0;1;unknown;weak_rule;conservative_pair_rule_v2
состояние охраны;28.10.2025 12:08:13;1;0.0;1;unknown;weak_rule;conservative_pair_rule_v2
состояние охраны;31.10.2025 16:28:56;1;0.0;1;unknown;weak_rule;conservative_pair_rule_v2
состояние охраны;31.10.2025 16:54:46;1;0.0;1;unknown;weak_rule;conservative_pair_rule_v2
состояние охраны;01.11.2025 07:52:56;1;0.0;1;unknown;weak_rule;conservative_pair_rule_v2
состояние охраны;01.11.2025 08:03:18;1;0.0;1;unknown;weak_rule;conservative_pair_rule_v2
состояние охраны;01.11.2025 15:53:37;1;0.0;1;unknown;weak_rule;conservative_pair_rule_v2
состояние охраны;01.11.2025 15:53:43;1;0.0;1;unknown;weak_rule;conservative_pair_rule_v2
состояние охраны;01.11.2025 16:00:26;1;0.0;1;unknown;weak_rule;conservative_pair_rule_v2
состояние охраны;05.11.2025 14:38:26;1;0.0;1;unknown;weak_rule;conservative_pair_rule_v2
состояние охраны;05.11.2025 16:05:24;1;0.0;1;unknown;weak_rule;conservative_pair_rule_v2
состояние охраны;05.11.2025 16:09:49;1;0.0;1;unknown;weak_rule;conservative_pair_rule_v2
состояние охраны;05.11.2025 16:52:49;1;0.0;1;unknown;weak_rule;conservative_pair_rule_v2
состояние охраны;05.11.2025 17:14:22;1;0.0;1;unknown;weak_rule;conservative_pair_rule_v2
состояние охраны;05.11.2025 19:30:18;1;0.0;1;unknown;weak_rule;conservative_pair_rule_v2
состояние охраны;06.11.2025 07:51:44;1;0.0;1;unknown;weak_rule;conservative_pair_rule_v2
состояние охраны;06.11.2025 07:59:22;1;0.0;1;unknown;weak_rule;conservative_pair_rule_v2
состояние охраны;06.11.2025 08:01:01;1;0.0;1;unknown;weak_rule;conservative_pair_rule_v2
состояние охраны;06.11.2025 10:15:18;1;0.0;1;unknown;weak_rule;conservative_pair_rule_v2
состояние охраны;13.11.2025 07:15:41;1;0.0;1;unknown;weak_rule;conservative_pair_rule_v2
состояние охраны;13.11.2025 09:54:55;1;0.0;1;unknown;weak_rule;conservative_pair_rule_v2
состояние охраны;13.11.2025 15:07:52;1;0.0;1;unknown;weak_rule;conservative_pair_rule_v2
состояние охраны;13.11.2025 16:18:05;1;0.0;1;unknown;weak_rule;conservative_pair_rule_v2
состояние охраны;14.11.2025 07:55:34;1;0.0;1;unknown;weak_rule;conservative_pair_rule_v2
состояние охраны;14.11.2025 08:04:58;1;0.0;1;unknown;weak_rule;conservative_pair_rule_v2
состояние охраны;14.11.2025 08:24:49;1;0.0;1;unknown;weak_rule;conservative_pair_rule_v2
состояние охраны;14.11.2025 09:06:57;1;0.0;1;unknown;weak_rule;conservative_pair_rule_v2
состояние охраны;14.11.2025 13:21:46;1;0.0;1;unknown;weak_rule;conservative_pair_rule_v2
состояние охраны;14.11.2025 15:43:00;1;0.0;1;unknown;weak_rule;conservative_pair_rule_v2
состояние охраны;14.11.2025 19:59:53;1;0.0;1;unknown;weak_rule;conservative_pair_rule_v2
состояние охраны;18.11.2025 16:31:09;1;0.0;1;unknown;weak_rule;conservative_pair_rule_v2
состояние охраны;18.11.2025 16:35:17;1;0.0;1;unknown;weak_rule;conservative_pair_rule_v2
состояние охраны;19.11.2025 07:50:48;1;0.0;1;unknown;weak_rule;conservative_pair_rule_v2
состояние охраны;19.11.2025 15:27:51;1;0.0;1;unknown;weak_rule;conservative_pair_rule_v2
состояние охраны;19.11.2025 15:51:30;1;0.0;1;unknown;weak_rule;conservative_pair_rule_v2
состояние охраны;24.11.2025 07:17:54;1;0.0;1;unknown;weak_rule;conservative_pair_rule_v2
состояние охраны;24.11.2025 07:40:07;1;0.0;1;unknown;weak_rule;conservative_pair_rule_v2
состояние охраны;24.11.2025 08:13:20;1;0.0;1;unknown;weak_rule;conservative_pair_rule_v2
состояние охраны;27.11.2025 14:49:58;1;0.0;1;unknown;weak_rule;conservative_pair_rule_v2
состояние охраны;27.11.2025 16:43:42;1;0.0;1;unknown;weak_rule;conservative_pair_rule_v2
состояние охраны;27.11.2025 16:58:57;1;0.0;1;unknown;weak_rule;conservative_pair_rule_v2
состояние охраны;27.11.2025 17:04:13;1;0.0;1;unknown;weak_rule;conservative_pair_rule_v2
состояние охраны;28.11.2025 02:07:34;1;0.0;1;unknown;weak_rule;conservative_pair_rule_v2
состояние охраны;28.11.2025 12:34:03;1;0.0;1;unknown;weak_rule;conservative_pair_rule_v2
состояние охраны;02.12.2025 16:11:18;1;0.0;1;unknown;weak_rule;conservative_pair_rule_v2
состояние охраны;02.12.2025 16:29:29;1;0.0;1;unknown;weak_rule;conservative_pair_rule_v2
состояние охраны;02.12.2025 17:42:54;1;0.0;1;unknown;weak_rule;conservative_pair_rule_v2
состояние охраны;02.12.2025 17:55:47;1;0.0;1;unknown;weak_rule;conservative_pair_rule_v2
состояние охраны;02.12.2025 23:12:23;1;0.0;1;unknown;weak_rule;conservative_pair_rule_v2
состояние охраны;03.12.2025 07:37:51;1;0.0;1;unknown;weak_rule;conservative_pair_rule_v2
состояние охраны;03.12.2025 08:00:41;1;0.0;1;unknown;weak_rule;conservative_pair_rule_v2
состояние охраны;03.12.2025 08:05:29;1;0.0;1;unknown;weak_rule;conservative_pair_rule_v2
состояние охраны;03.12.2025 08:05:35;1;0.0;1;unknown;weak_rule;conservative_pair_rule_v2
состояние охраны;03.12.2025 08:14:27;1;0.0;1;unknown;weak_rule;conservative_pair_rule_v2
состояние охраны;05.12.2025 16:31:35;1;0.0;1;unknown;weak_rule;conservative_pair_rule_v2
состояние охраны;05.12.2025 16:31:48;1;0.0;1;unknown;weak_rule;conservative_pair_rule_v2
состояние охраны;05.12.2025 16:59:13;1;0.0;1;unknown;weak_rule;conservative_pair_rule_v2
состояние охраны;05.12.2025 17:50:20;1;0.0;1;unknown;weak_rule;conservative_pair_rule_v2
состояние охраны;05.12.2025 19:23:44;1;0.0;1;unknown;weak_rule;conservative_pair_rule_v2
состояние охраны;05.12.2025 23:17:31;1;0.0;1;unknown;weak_rule;conservative_pair_rule_v2
состояние охраны;06.12.2025 07:23:54;1;0.0;1;unknown;weak_rule;conservative_pair_rule_v2
состояние охраны;06.12.2025 10:38:59;1;0.0;1;unknown;weak_rule;conservative_pair_rule_v2
состояние охраны;09.12.2025 08:02:46;1;0.0;1;unknown;weak_rule;conservative_pair_rule_v2
состояние охраны;09.12.2025 08:09:31;1;0.0;1;unknown;weak_rule;conservative_pair_rule_v2
состояние охраны;09.12.2025 08:19:23;1;0.0;1;unknown;weak_rule;conservative_pair_rule_v2
состояние охраны;09.12.2025 10:04:23;1;0.0;1;unknown;weak_rule;conservative_pair_rule_v2
состояние охраны;09.12.2025 14:36:38;1;0.0;1;unknown;weak_rule;conservative_pair_rule_v2
состояние охраны;09.12.2025 14:38:19;1;0.0;1;unknown;weak_rule;conservative_pair_rule_v2
состояние охраны;09.12.2025 16:37:06;1;0.0;1;unknown;weak_rule;conservative_pair_rule_v2
состояние охраны;09.12.2025 17:00:35;1;0.0;1;unknown;weak_rule;conservative_pair_rule_v2
состояние охраны;09.12.2025 17:10:13;1;0.0;1;unknown;weak_rule;conservative_pair_rule_v2
состояние охраны;09.12.2025 20:18:05;1;0.0;1;unknown;weak_rule;conservative_pair_rule_v2
состояние охраны;09.12.2025 21:31:49;1;0.0;1;unknown;weak_rule;conservative_pair_rule_v2
состояние охраны;15.12.2025 08:01:44;1;0.0;1;unknown;weak_rule;conservative_pair_rule_v2
состояние охраны;15.12.2025 08:03:14;1;0.0;1;unknown;weak_rule;conservative_pair_rule_v2
состояние охраны;15.12.2025 08:34:10;1;0.0;1;unknown;weak_rule;conservative_pair_rule_v2
состояние охраны;15.12.2025 08:34:12;1;0.0;1;unknown;weak_rule;conservative_pair_rule_v2
состояние охраны;18.12.2025 14:58:19;1;0.0;1;unknown;weak_rule;conservative_pair_rule_v2
состояние охраны;18.12.2025 16:41:13;1;0.0;1;unknown;weak_rule;conservative_pair_rule_v2
состояние охраны;18.12.2025 17:09:19;1;0.0;1;unknown;weak_rule;conservative_pair_rule_v2
состояние охраны;18.12.2025 19:55:38;1;0.0;1;unknown;weak_rule;conservative_pair_rule_v2
состояние охраны;18.12.2025 23:31:45;1;0.0;1;unknown;weak_rule;conservative_pair_rule_v2
состояние охраны;18.12.2025 23:34:44;1;0.0;1;unknown;weak_rule;conservative_pair_rule_v2
состояние охраны;19.12.2025 07:46:10;1;0.0;1;unknown;weak_rule;conservative_pair_rule_v2
состояние охраны;19.12.2025 07:51:24;1;0.0;1;unknown;weak_rule;conservative_pair_rule_v2
состояние охраны;19.12.2025 08:03:16;1;0.0;1;unknown;weak_rule;conservative_pair_rule_v2
состояние охраны;19.12.2025 09:03:32;1;0.0;1;unknown;weak_rule;conservative_pair_rule_v2
состояние охраны;23.12.2025 13:05:13;1;0.0;1;unknown;weak_rule;conservative_pair_rule_v2
состояние охраны;23.12.2025 16:21:35;1;0.0;1;unknown;weak_rule;conservative_pair_rule_v2
состояние охраны;23.12.2025 16:21:38;1;0.0;1;unknown;weak_rule;conservative_pair_rule_v2
состояние охраны;24.12.2025 07:39:48;1;0.0;1;unknown;weak_rule;conservative_pair_rule_v2
состояние охраны;24.12.2025 09:16:54;1;0.0;1;unknown;weak_rule;conservative_pair_rule_v2
состояние охраны;28.12.2025 07:50:54;1;0.0;1;unknown;weak_rule;conservative_pair_rule_v2
состояние охраны;28.12.2025 20:02:10;1;0.0;1;unknown;weak_rule;conservative_pair_rule_v2
состояние охраны;05.01.2025 19:51:23;1;0.0;1;unknown;weak_rule;conservative_pair_rule_v2
состояние охраны;08.01.2025 21:56:16;1;0.0;1;unknown;weak_rule;conservative_pair_rule_v2
состояние охраны;09.01.2025 18:20:27;1;0.0;1;unknown;weak_rule;conservative_pair_rule_v2
состояние охраны;13.01.2025 07:17:31;1;0.0;1;unknown;weak_rule;conservative_pair_rule_v2
состояние охраны;13.01.2025 08:02:57;1;0.0;1;unknown;weak_rule;conservative_pair_rule_v2
состояние охраны;13.01.2025 08:03:10;1;0.0;1;unknown;weak_rule;conservative_pair_rule_v2
состояние охраны;13.01.2025 08:26:56;1;0.0;1;unknown;weak_rule;conservative_pair_rule_v2
состояние охраны;13.01.2025 08:48:04;1;0.0;1;unknown;weak_rule;conservative_pair_rule_v2
состояние охраны;13.01.2025 15:57:25;1;0.0;1;unknown;weak_rule;conservative_pair_rule_v2
состояние охраны;13.01.2025 16:40:35;1;0.0;1;unknown;weak_rule;conservative_pair_rule_v2
состояние охраны;13.01.2025 18:46:39;1;0.0;1;unknown;weak_rule;conservative_pair_rule_v2
состояние охраны;14.01.2025 00:14:57;1;0.0;1;unknown;weak_rule;conservative_pair_rule_v2
состояние охраны;17.01.2025 07:17:24;1;0.0;1;unknown;weak_rule;conservative_pair_rule_v2
состояние охраны;17.01.2025 23:25:30;1;0.0;1;unknown;weak_rule;conservative_pair_rule_v2
состояние охраны;20.01.2025 16:02:35;1;0.0;1;unknown;weak_rule;conservative_pair_rule_v2
состояние охраны;20.01.2025 16:55:40;1;0.0;1;unknown;weak_rule;conservative_pair_rule_v2
состояние охраны;20.01.2025 16:57:08;1;0.0;1;unknown;weak_rule;conservative_pair_rule_v2
состояние охраны;21.01.2025 08:02:19;1;0.0;1;unknown;weak_rule;conservative_pair_rule_v2
состояние охраны;21.01.2025 09:29:34;1;0.0;1;unknown;weak_rule;conservative_pair_rule_v2
состояние охраны;21.01.2025 09:29:53;1;0.0;1;unknown;weak_rule;conservative_pair_rule_v2
состояние охраны;21.01.2025 14:26:34;1;0.0;1;unknown;weak_rule;conservative_pair_rule_v2
состояние охраны;21.01.2025 16:02:19;1;0.0;1;unknown;weak_rule;conservative_pair_rule_v2
состояние охраны;21.01.2025 16:02:23;1;0.0;1;unknown;weak_rule;conservative_pair_rule_v2
состояние охраны;23.01.2025 19:59:21;1;0.0;1;unknown;weak_rule;conservative_pair_rule_v2
состояние охраны;23.01.2025 23:26:36;1;0.0;1;unknown;weak_rule;conservative_pair_rule_v2
состояние охраны;23.01.2025 23:41:08;1;0.0;1;unknown;weak_rule;conservative_pair_rule_v2
состояние охраны;24.01.2025 07:09:57;1;0.0;1;unknown;weak_rule;conservative_pair_rule_v2
состояние охраны;24.01.2025 07:19:51;1;0.0;1;unknown;weak_rule;conservative_pair_rule_v2
состояние охраны;24.01.2025 07:29:58;1;0.0;1;unknown;weak_rule;conservative_pair_rule_v2
состояние охраны;24.01.2025 08:00:28;1;0.0;1;unknown;weak_rule;conservative_pair_rule_v2
состояние охраны;24.01.2025 08:31:59;1;0.0;1;unknown;weak_rule;conservative_pair_rule_v2
состояние охраны;24.01.2025 09:11:22;1;0.0;1;unknown;weak_rule;conservative_pair_rule_v2
состояние охраны;24.01.2025 15:51:03;1;0.0;1;unknown;weak_rule;conservative_pair_rule_v2
состояние охраны;28.01.2025 09:51:16;1;0.0;1;unknown;weak_rule;conservative_pair_rule_v2
состояние охраны;28.01.2025 13:21:18;1;0.0;1;unknown;weak_rule;conservative_pair_rule_v2
состояние охраны;28.01.2025 13:24:05;1;0.0;1;unknown;weak_rule;conservative_pair_rule_v2
состояние охраны;28.01.2025 16:53:48;1;0.0;1;unknown;weak_rule;conservative_pair_rule_v2
состояние охраны;28.01.2025 17:12:11;1;0.0;1;unknown;weak_rule;conservative_pair_rule_v2
состояние охраны;29.01.2025 07:31:22;1;0.0;1;unknown;weak_rule;conservative_pair_rule_v2
состояние охраны;29.01.2025 07:55:41;1;0.0;1;unknown;weak_rule;conservative_pair_rule_v2
состояние охраны;29.01.2025 07:59:40;1;0.0;1;unknown;weak_rule;conservative_pair_rule_v2
состояние охраны;03.02.2025 20:33:52;1;0.0;1;unknown;weak_rule;conservative_pair_rule_v2
состояние охраны;04.02.2025 18:09:11;1;0.0;1;unknown;weak_rule;conservative_pair_rule_v2
состояние охраны;04.02.2025 18:58:04;1;0.0;1;unknown;weak_rule;conservative_pair_rule_v2
состояние охраны;06.02.2025 08:27:22;1;0.0;1;unknown;weak_rule;conservative_pair_rule_v2
состояние охраны;06.02.2025 08:30:09;1;0.0;1;unknown;weak_rule;conservative_pair_rule_v2
состояние охраны;06.02.2025 08:55:08;1;0.0;1;unknown;weak_rule;conservative_pair_rule_v2
состояние охраны;06.02.2025 09:31:43;1;0.0;1;unknown;weak_rule;conservative_pair_rule_v2
состояние охраны;06.02.2025 12:17:30;1;0.0;1;unknown;weak_rule;conservative_pair_rule_v2
состояние охраны;06.02.2025 12:57:50;1;0.0;1;unknown;weak_rule;conservative_pair_rule_v2
состояние охраны;06.02.2025 14:42:33;1;0.0;1;unknown;weak_rule;conservative_pair_rule_v2
состояние охраны;06.02.2025 15:31:35;1;0.0;1;unknown;weak_rule;conservative_pair_rule_v2
состояние охраны;06.02.2025 15:31:43;1;0.0;1;unknown;weak_rule;conservative_pair_rule_v2
состояние охраны;06.02.2025 17:48:51;1;0.0;1;unknown;weak_rule;conservative_pair_rule_v2
состояние охраны;06.02.2025 19:44:27;1;0.0;1;unknown;weak_rule;conservative_pair_rule_v2
состояние охраны;12.02.2025 12:30:25;1;0.0;1;unknown;weak_rule;conservative_pair_rule_v2
состояние охраны;12.02.2025 17:51:26;1;0.0;1;unknown;weak_rule;conservative_pair_rule_v2
состояние охраны;12.02.2025 18:41:32;1;0.0;1;unknown;weak_rule;conservative_pair_rule_v2
состояние охраны;12.02.2025 20:05:23;1;0.0;1;unknown;weak_rule;conservative_pair_rule_v2
состояние охраны;13.02.2025 06:07:42;1;0.0;1;unknown;weak_rule;conservative_pair_rule_v2
состояние охраны;13.02.2025 07:08:31;1;0.0;1;unknown;weak_rule;conservative_pair_rule_v2
состояние охраны;13.02.2025 08:01:01;1;0.0;1;unknown;weak_rule;conservative_pair_rule_v2
состояние охраны;15.02.2025 19:15:35;1;0.0;1;unknown;weak_rule;conservative_pair_rule_v2
состояние охраны;15.02.2025 20:14:01;1;0.0;1;unknown;weak_rule;conservative_pair_rule_v2
состояние охраны;16.02.2025 07:51:33;1;0.0;1;unknown;weak_rule;conservative_pair_rule_v2
состояние охраны;16.02.2025 13:57:16;1;0.0;1;unknown;weak_rule;conservative_pair_rule_v2
состояние охраны;16.02.2025 18:18:51;1;0.0;1;unknown;weak_rule;conservative_pair_rule_v2
состояние охраны;20.02.2025 13:48:05;1;0.0;1;unknown;weak_rule;conservative_pair_rule_v2
состояние охраны;20.02.2025 15:29:23;1;0.0;1;unknown;weak_rule;conservative_pair_rule_v2
состояние охраны;20.02.2025 16:28:58;1;0.0;1;unknown;weak_rule;conservative_pair_rule_v2
состояние охраны;20.02.2025 17:01:12;1;0.0;1;unknown;weak_rule;conservative_pair_rule_v2
состояние охраны;20.02.2025 23:23:14;1;0.0;1;unknown;weak_rule;conservative_pair_rule_v2
состояние охраны;21.02.2025 07:50:53;1;0.0;1;unknown;weak_rule;conservative_pair_rule_v2
состояние охраны;21.02.2025 09:41:08;1;0.0;1;unknown;weak_rule;conservative_pair_rule_v2
состояние охраны;27.02.2025 08:56:20;1;0.0;1;unknown;weak_rule;conservative_pair_rule_v2
состояние охраны;27.02.2025 15:40:54;1;0.0;1;unknown;weak_rule;conservative_pair_rule_v2
состояние охраны;28.02.2025 07:27:45;1;0.0;1;unknown;weak_rule;conservative_pair_rule_v2
состояние охраны;28.02.2025 08:34:08;1;0.0;1;unknown;weak_rule;conservative_pair_rule_v2
состояние охраны;02.03.2025 20:04:34;1;0.0;1;unknown;weak_rule;conservative_pair_rule_v2
состояние охраны;03.03.2025 07:50:35;1;0.0;1;unknown;weak_rule;conservative_pair_rule_v2
состояние охраны;03.03.2025 08:01:37;1;0.0;1;unknown;weak_rule;conservative_pair_rule_v2
состояние охраны;03.03.2025 08:16:55;1;0.0;1;unknown;weak_rule;conservative_pair_rule_v2
состояние охраны;03.03.2025 08:47:48;1;0.0;1;unknown;weak_rule;conservative_pair_rule_v2
состояние охраны;03.03.2025 09:19:35;1;0.0;1;unknown;weak_rule;conservative_pair_rule_v2
состояние охраны;03.03.2025 09:56:24;1;0.0;1;unknown;weak_rule;conservative_pair_rule_v2
состояние охраны;03.03.2025 16:06:04;1;0.0;1;unknown;weak_rule;conservative_pair_rule_v2
состояние охраны;03.03.2025 16:48:38;1;0.0;1;unknown;weak_rule;conservative_pair_rule_v2
состояние охраны;06.03.2025 07:35:23;1;0.0;1;unknown;weak_rule;conservative_pair_rule_v2
состояние охраны;06.03.2025 07:35:26;1;0.0;1;unknown;weak_rule;conservative_pair_rule_v2
газовый датчик;2.16;1;0.0;1;unknown;weak_rule;conservative_pair_rule_v2
газовый датчик;2.40;1;0.0;1;unknown;weak_rule;conservative_pair_rule_v2
состояние охраны;06.03.2025 09:59:00;1;0.0;1;unknown;weak_rule;conservative_pair_rule_v2
состояние охраны;06.03.2025 10:07:20;1;0.0;1;unknown;weak_rule;conservative_pair_rule_v2
состояние охраны;06.03.2025 11:36:23;1;0.0;1;unknown;weak_rule;conservative_pair_rule_v2
состояние охраны;06.03.2025 11:51:46;1;0.0;1;unknown;weak_rule;conservative_pair_rule_v2
состояние охраны;06.03.2025 17:28:35;1;0.0;1;unknown;weak_rule;conservative_pair_rule_v2
состояние охраны;06.03.2025 21:02:09;1;0.0;1;unknown;weak_rule;conservative_pair_rule_v2
состояние охраны;12.03.2025 08:04:40;1;0.0;1;unknown;weak_rule;conservative_pair_rule_v2
состояние охраны;12.03.2025 08:13:19;1;0.0;1;unknown;weak_rule;conservative_pair_rule_v2
состояние охраны;12.03.2025 08:14:17;1;0.0;1;unknown;weak_rule;conservative_pair_rule_v2
состояние охраны;12.03.2025 16:46:17;1;0.0;1;unknown;weak_rule;conservative_pair_rule_v2
состояние охраны;12.03.2025 23:00:32;1;0.0;1;unknown;weak_rule;conservative_pair_rule_v2
состояние охраны;16.03.2025 07:51:38;1;0.0;1;unknown;weak_rule;conservative_pair_rule_v2
состояние охраны;16.03.2025 08:01:04;1;0.0;1;unknown;weak_rule;conservative_pair_rule_v2
состояние охраны;16.03.2025 08:51:27;1;0.0;1;unknown;weak_rule;conservative_pair_rule_v2
состояние охраны;20.03.2025 07:09:43;1;0.0;1;unknown;weak_rule;conservative_pair_rule_v2
состояние охраны;20.03.2025 07:53:13;1;0.0;1;unknown;weak_rule;conservative_pair_rule_v2
состояние охраны;20.03.2025 07:54:33;1;0.0;1;unknown;weak_rule;conservative_pair_rule_v2
состояние охраны;20.03.2025 08:05:12;1;0.0;1;unknown;weak_rule;conservative_pair_rule_v2
ибп;17;1;0.0;1;unknown;weak_rule;conservative_pair_rule_v2
состояние охраны;20.03.2025 20:04:18;1;0.0;1;unknown;weak_rule;conservative_pair_rule_v2
состояние охраны;24.03.2025 08:50:31;1;0.0;1;unknown;weak_rule;conservative_pair_rule_v2
состояние охраны;24.03.2025 20:05:10;1;0.0;1;unknown;weak_rule;conservative_pair_rule_v2
состояние охраны;30.03.2025 08:03:20;1;0.0;1;unknown;weak_rule;conservative_pair_rule_v2
состояние охраны;30.03.2025 08:31:39;1;0.0;1;unknown;weak_rule;conservative_pair_rule_v2
состояние охраны;31.03.2025 07:47:15;1;0.0;1;unknown;weak_rule;conservative_pair_rule_v2
состояние охраны;31.03.2025 08:03:45;1;0.0;1;unknown;weak_rule;conservative_pair_rule_v2
состояние охраны;31.03.2025 08:47:07;1;0.0;1;unknown;weak_rule;conservative_pair_rule_v2
состояние охраны;05.04.2025 08:08:17;1;0.0;1;unknown;weak_rule;conservative_pair_rule_v2
состояние охраны;05.04.2025 08:08:18;1;0.0;1;unknown;weak_rule;conservative_pair_rule_v2
состояние охраны;05.04.2025 10:36:27;1;0.0;1;unknown;weak_rule;conservative_pair_rule_v2
состояние охраны;05.04.2025 11:55:23;1;0.0;1;unknown;weak_rule;conservative_pair_rule_v2
состояние охраны;05.04.2025 11:56:28;1;0.0;1;unknown;weak_rule;conservative_pair_rule_v2
состояние охраны;05.04.2025 16:12:23;1;0.0;1;unknown;weak_rule;conservative_pair_rule_v2
состояние охраны;05.04.2025 18:08:27;1;0.0;1;unknown;weak_rule;conservative_pair_rule_v2
состояние охраны;06.04.2025 07:28:02;1;0.0;1;unknown;weak_rule;conservative_pair_rule_v2
состояние охраны;06.04.2025 09:28:10;1;0.0;1;unknown;weak_rule;conservative_pair_rule_v2
состояние охраны;09.04.2025 07:41:08;1;0.0;1;unknown;weak_rule;conservative_pair_rule_v2
состояние охраны;09.04.2025 07:56:57;1;0.0;1;unknown;weak_rule;conservative_pair_rule_v2
состояние охраны;09.04.2025 08:01:23;1;0.0;1;unknown;weak_rule;conservative_pair_rule_v2
состояние охраны;09.04.2025 10:35:06;1;0.0;1;unknown;weak_rule;conservative_pair_rule_v2
состояние охраны;09.04.2025 14:08:28;1;0.0;1;unknown;weak_rule;conservative_pair_rule_v2
состояние охраны;09.04.2025 14:43:47;1;0.0;1;unknown;weak_rule;conservative_pair_rule_v2
состояние охраны;09.04.2025 16:28:00;1;0.0;1;unknown;weak_rule;conservative_pair_rule_v2
состояние охраны;09.04.2025 17:43:58;1;0.0;1;unknown;weak_rule;conservative_pair_rule_v2
состояние охраны;09.04.2025 17:51:22;1;0.0;1;unknown;weak_rule;conservative_pair_rule_v2
состояние охраны;09.04.2025 20:08:00;1;0.0;1;unknown;weak_rule;conservative_pair_rule_v2
состояние охраны;15.04.2025 07:16:33;1;0.0;1;unknown;weak_rule;conservative_pair_rule_v2
состояние охраны;15.04.2025 07:36:54;1;0.0;1;unknown;weak_rule;conservative_pair_rule_v2
состояние охраны;15.04.2025 07:58:28;1;0.0;1;unknown;weak_rule;conservative_pair_rule_v2
состояние охраны;15.04.2025 07:59:11;1;0.0;1;unknown;weak_rule;conservative_pair_rule_v2
состояние охраны;15.04.2025 07:59:18;1;0.0;1;unknown;weak_rule;conservative_pair_rule_v2
состояние охраны;15.04.2025 11:26:29;1;0.0;1;unknown;weak_rule;conservative_pair_rule_v2
состояние охраны;15.04.2025 11:41:22;1;0.0;1;unknown;weak_rule;conservative_pair_rule_v2
состояние охраны;15.04.2025 17:34:17;1;0.0;1;unknown;weak_rule;conservative_pair_rule_v2
состояние охраны;16.04.2025 00:49:56;1;0.0;1;unknown;weak_rule;conservative_pair_rule_v2
состояние охраны;16.04.2025 01:09:04;1;0.0;1;unknown;weak_rule;conservative_pair_rule_v2
состояние охраны;17.04.2025 08:32:59;1;0.0;1;unknown;weak_rule;conservative_pair_rule_v2
состояние охраны;17.04.2025 14:17:42;1;0.0;1;unknown;weak_rule;conservative_pair_rule_v2
состояние охраны;17.04.2025 15:41:11;1;0.0;1;unknown;weak_rule;conservative_pair_rule_v2
состояние охраны;17.04.2025 17:40:19;1;0.0;1;unknown;weak_rule;conservative_pair_rule_v2
состояние охраны;17.04.2025 22:08:09;1;0.0;1;unknown;weak_rule;conservative_pair_rule_v2
состояние охраны;17.04.2025 22:14:38;1;0.0;1;unknown;weak_rule;conservative_pair_rule_v2
состояние охраны;18.04.2025 07:33:41;1;0.0;1;unknown;weak_rule;conservative_pair_rule_v2
состояние охраны;18.04.2025 08:04:00;1;0.0;1;unknown;weak_rule;conservative_pair_rule_v2
состояние охраны;22.04.2025 00:32:50;1;0.0;1;unknown;weak_rule;conservative_pair_rule_v2
состояние охраны;22.04.2025 07:31:56;1;0.0;1;unknown;weak_rule;conservative_pair_rule_v2
состояние охраны;22.04.2025 07:32:11;1;0.0;1;unknown;weak_rule;conservative_pair_rule_v2
состояние охраны;22.04.2025 08:01:24;1;0.0;1;unknown;weak_rule;conservative_pair_rule_v2
состояние охраны;22.04.2025 08:01:26;1;0.0;1;unknown;weak_rule;conservative_pair_rule_v2
состояние охраны;22.04.2025 18:46:43;1;0.0;1;unknown;weak_rule;conservative_pair_rule_v2
состояние охраны;26.04.2025 20:04:39;1;0.0;1;unknown;weak_rule;conservative_pair_rule_v2
состояние охраны;03.05.2025 08:02:22;1;0.0;1;unknown;weak_rule;conservative_pair_rule_v2
состояние охраны;03.05.2025 17:03:34;1;0.0;1;unknown;weak_rule;conservative_pair_rule_v2
состояние охраны;04.05.2025 09:19:29;1;0.0;1;unknown;weak_rule;conservative_pair_rule_v2
состояние охраны;04.05.2025 10:58:12;1;0.0;1;unknown;weak_rule;conservative_pair_rule_v2
состояние охраны;04.05.2025 14:18:08;1;0.0;1;unknown;weak_rule;conservative_pair_rule_v2
состояние охраны;04.05.2025 14:53:26;1;0.0;1;unknown;weak_rule;conservative_pair_rule_v2
состояние охраны;07.05.2025 07:38:15;1;0.0;1;unknown;weak_rule;conservative_pair_rule_v2
состояние охраны;07.05.2025 08:24:43;1;0.0;1;unknown;weak_rule;conservative_pair_rule_v2
состояние охраны;07.05.2025 15:10:12;1;0.0;1;unknown;weak_rule;conservative_pair_rule_v2
состояние охраны;07.05.2025 17:00:32;1;0.0;1;unknown;weak_rule;conservative_pair_rule_v2
состояние охраны;08.05.2025 08:00:35;1;0.0;1;unknown;weak_rule;conservative_pair_rule_v2
состояние охраны;08.05.2025 09:44:39;1;0.0;1;unknown;weak_rule;conservative_pair_rule_v2
состояние охраны;12.05.2025 17:12:12;1;0.0;1;unknown;weak_rule;conservative_pair_rule_v2
состояние охраны;13.05.2025 07:57:11;1;0.0;1;unknown;weak_rule;conservative_pair_rule_v2
состояние охраны;13.05.2025 08:00:38;1;0.0;1;unknown;weak_rule;conservative_pair_rule_v2
состояние охраны;13.05.2025 08:04:20;1;0.0;1;unknown;weak_rule;conservative_pair_rule_v2
состояние охраны;13.05.2025 10:04:50;1;0.0;1;unknown;weak_rule;conservative_pair_rule_v2
состояние охраны;13.05.2025 13:09:46;1;0.0;1;unknown;weak_rule;conservative_pair_rule_v2
состояние охраны;13.05.2025 13:26:03;1;0.0;1;unknown;weak_rule;conservative_pair_rule_v2
состояние охраны;19.05.2025 16:29:37;1;0.0;1;unknown;weak_rule;conservative_pair_rule_v2
состояние охраны;19.05.2025 17:29:00;1;0.0;1;unknown;weak_rule;conservative_pair_rule_v2
состояние охраны;20.05.2025 04:30:43;1;0.0;1;unknown;weak_rule;conservative_pair_rule_v2
состояние охраны;20.05.2025 04:40:58;1;0.0;1;unknown;weak_rule;conservative_pair_rule_v2
состояние охраны;20.05.2025 07:39:14;1;0.0;1;unknown;weak_rule;conservative_pair_rule_v2
состояние охраны;20.05.2025 07:44:09;1;0.0;1;unknown;weak_rule;conservative_pair_rule_v2
состояние охраны;20.05.2025 07:44:12;1;0.0;1;unknown;weak_rule;conservative_pair_rule_v2
состояние охраны;20.05.2025 08:03:40;1;0.0;1;unknown;weak_rule;conservative_pair_rule_v2
состояние охраны;21.05.2025 16:44:27;1;0.0;1;unknown;weak_rule;conservative_pair_rule_v2
состояние охраны;21.05.2025 17:00:29;1;0.0;1;unknown;weak_rule;conservative_pair_rule_v2
состояние охраны;21.05.2025 22:50:51;1;0.0;1;unknown;weak_rule;conservative_pair_rule_v2
состояние охраны;21.05.2025 22:50:56;1;0.0;1;unknown;weak_rule;conservative_pair_rule_v2
состояние охраны;21.05.2025 22:54:21;1;0.0;1;unknown;weak_rule;conservative_pair_rule_v2
состояние охраны;21.05.2025 23:49:00;1;0.0;1;unknown;weak_rule;conservative_pair_rule_v2
состояние охраны;21.05.2025 23:53:01;1;0.0;1;unknown;weak_rule;conservative_pair_rule_v2
состояние охраны;22.05.2025 00:54:48;1;0.0;1;unknown;weak_rule;conservative_pair_rule_v2
состояние охраны;22.05.2025 00:54:52;1;0.0;1;unknown;weak_rule;conservative_pair_rule_v2
состояние охраны;22.05.2025 00:56:25;1;0.0;1;unknown;weak_rule;conservative_pair_rule_v2
состояние охраны;22.05.2025 15:42:10;1;0.0;1;unknown;weak_rule;conservative_pair_rule_v2
состояние охраны;27.05.2025 08:00:33;1;0.0;1;unknown;weak_rule;conservative_pair_rule_v2
состояние охраны;27.05.2025 08:00:40;1;0.0;1;unknown;weak_rule;conservative_pair_rule_v2
состояние охраны;27.05.2025 08:30:25;1;0.0;1;unknown;weak_rule;conservative_pair_rule_v2
состояние охраны;27.05.2025 09:57:48;1;0.0;1;unknown;weak_rule;conservative_pair_rule_v2
состояние охраны;27.05.2025 12:27:03;1;0.0;1;unknown;weak_rule;conservative_pair_rule_v2
состояние охраны;27.05.2025 12:47:32;1;0.0;1;unknown;weak_rule;conservative_pair_rule_v2
состояние охраны;27.05.2025 12:50:28;1;0.0;1;unknown;weak_rule;conservative_pair_rule_v2
состояние охраны;27.05.2025 16:27:16;1;0.0;1;unknown;weak_rule;conservative_pair_rule_v2
состояние охраны;27.05.2025 16:43:33;1;0.0;1;unknown;weak_rule;conservative_pair_rule_v2
состояние охраны;27.05.2025 17:01:41;1;0.0;1;unknown;weak_rule;conservative_pair_rule_v2
состояние охраны;28.05.2025 03:16:18;1;0.0;1;unknown;weak_rule;conservative_pair_rule_v2
состояние охраны;01.06.2025 08:00:11;1;0.0;1;unknown;weak_rule;conservative_pair_rule_v2
состояние охраны;01.06.2025 14:12:58;1;0.0;1;unknown;weak_rule;conservative_pair_rule_v2
состояние охраны;01.06.2025 14:16:43;1;0.0;1;unknown;weak_rule;conservative_pair_rule_v2
состояние охраны;01.06.2025 15:56:20;1;0.0;1;unknown;weak_rule;conservative_pair_rule_v2
состояние охраны;01.06.2025 15:59:20;1;0.0;1;unknown;weak_rule;conservative_pair_rule_v2
состояние охраны;01.06.2025 16:04:27;1;0.0;1;unknown;weak_rule;conservative_pair_rule_v2
состояние охраны;01.06.2025 16:05:01;1;0.0;1;unknown;weak_rule;conservative_pair_rule_v2
состояние охраны;01.06.2025 20:30:26;1;0.0;1;unknown;weak_rule;conservative_pair_rule_v2
состояние охраны;01.06.2025 23:53:59;1;0.0;1;unknown;weak_rule;conservative_pair_rule_v2
состояние охраны;02.06.2025 02:27:45;1;0.0;1;unknown;weak_rule;conservative_pair_rule_v2
состояние охраны;02.06.2025 02:37:35;1;0.0;1;unknown;weak_rule;conservative_pair_rule_v2
состояние охраны;05.06.2025 07:15:39;1;0.0;1;unknown;weak_rule;conservative_pair_rule_v2
состояние охраны;05.06.2025 07:52:49;1;0.0;1;unknown;weak_rule;conservative_pair_rule_v2
состояние охраны;05.06.2025 08:01:20;1;0.0;1;unknown;weak_rule;conservative_pair_rule_v2
состояние охраны;05.06.2025 23:34:57;1;0.0;1;unknown;weak_rule;conservative_pair_rule_v2
состояние охраны;06.06.2025 05:47:13;1;0.0;1;unknown;weak_rule;conservative_pair_rule_v2
состояние охраны;06.06.2025 07:54:53;1;0.0;1;unknown;weak_rule;conservative_pair_rule_v2
состояние охраны;06.06.2025 08:03:53;1;0.0;1;unknown;weak_rule;conservative_pair_rule_v2
состояние охраны;06.06.2025 08:04:12;1;0.0;1;unknown;weak_rule;conservative_pair_rule_v2
состояние охраны;08.06.2025 04:47:48;1;0.0;1;unknown;weak_rule;conservative_pair_rule_v2
состояние охраны;08.06.2025 10:17:09;1;0.0;1;unknown;weak_rule;conservative_pair_rule_v2
состояние охраны;08.06.2025 20:23:10;1;0.0;1;unknown;weak_rule;conservative_pair_rule_v2
состояние охраны;12.06.2025 01:46:32;1;0.0;1;unknown;weak_rule;conservative_pair_rule_v2
состояние охраны;12.06.2025 08:30:29;1;0.0;1;unknown;weak_rule;conservative_pair_rule_v2
состояние охраны;12.06.2025 12:18:23;1;0.0;1;unknown;weak_rule;conservative_pair_rule_v2
состояние охраны;12.06.2025 22:04:38;1;0.0;1;unknown;weak_rule;conservative_pair_rule_v2
состояние охраны;16.06.2025 14:14:18;1;0.0;1;unknown;weak_rule;conservative_pair_rule_v2
состояние охраны;16.06.2025 15:49:45;1;0.0;1;unknown;weak_rule;conservative_pair_rule_v2
состояние охраны;16.06.2025 16:02:01;1;0.0;1;unknown;weak_rule;conservative_pair_rule_v2
состояние охраны;16.06.2025 23:03:08;1;0.0;1;unknown;weak_rule;conservative_pair_rule_v2
состояние охраны;16.06.2025 23:30:16;1;0.0;1;unknown;weak_rule;conservative_pair_rule_v2
состояние охраны;16.06.2025 23:41:13;1;0.0;1;unknown;weak_rule;conservative_pair_rule_v2
состояние охраны;17.06.2025 01:02:09;1;0.0;1;unknown;weak_rule;conservative_pair_rule_v2
состояние охраны;17.06.2025 01:59:51;1;0.0;1;unknown;weak_rule;conservative_pair_rule_v2
состояние охраны;17.06.2025 03:49:54;1;0.0;1;unknown;weak_rule;conservative_pair_rule_v2
состояние охраны;17.06.2025 07:51:55;1;0.0;1;unknown;weak_rule;conservative_pair_rule_v2
состояние охраны;17.06.2025 09:08:09;1;0.0;1;unknown;weak_rule;conservative_pair_rule_v2
состояние охраны;17.06.2025 10:53:53;1;0.0;1;unknown;weak_rule;conservative_pair_rule_v2
состояние охраны;20.06.2025 07:13:59;1;0.0;1;unknown;weak_rule;conservative_pair_rule_v2
состояние охраны;20.06.2025 07:44:16;1;0.0;1;unknown;weak_rule;conservative_pair_rule_v2
состояние охраны;20.06.2025 07:44:23;1;0.0;1;unknown;weak_rule;conservative_pair_rule_v2
состояние охраны;20.06.2025 07:59:47;1;0.0;1;unknown;weak_rule;conservative_pair_rule_v2
состояние охраны;20.06.2025 08:00:43;1;0.0;1;unknown;weak_rule;conservative_pair_rule_v2
состояние охраны;20.06.2025 14:47:41;1;0.0;1;unknown;weak_rule;conservative_pair_rule_v2
состояние охраны;20.06.2025 14:48:24;1;0.0;1;unknown;weak_rule;conservative_pair_rule_v2
состояние охраны;24.06.2025 04:30:55;1;0.0;1;unknown;weak_rule;conservative_pair_rule_v2
состояние охраны;24.06.2025 04:44:37;1;0.0;1;unknown;weak_rule;conservative_pair_rule_v2
состояние охраны;24.06.2025 11:37:58;1;0.0;1;unknown;weak_rule;conservative_pair_rule_v2
состояние охраны;24.06.2025 16:10:35;1;0.0;1;unknown;weak_rule;conservative_pair_rule_v2
состояние охраны;24.06.2025 16:23:34;1;0.0;1;unknown;weak_rule;conservative_pair_rule_v2
состояние охраны;24.06.2025 18:36:30;1;0.0;1;unknown;weak_rule;conservative_pair_rule_v2
состояние охраны;24.06.2025 22:33:14;1;0.0;1;unknown;weak_rule;conservative_pair_rule_v2
состояние охраны;25.06.2025 00:27:39;1;0.0;1;unknown;weak_rule;conservative_pair_rule_v2
состояние охраны;28.06.2025 01:17:59;1;0.0;1;unknown;weak_rule;conservative_pair_rule_v2
состояние охраны;28.06.2025 23:15:16;1;0.0;1;unknown;weak_rule;conservative_pair_rule_v2
состояние охраны;04.07.2025 15:23:43;1;0.0;1;unknown;weak_rule;conservative_pair_rule_v2
состояние охраны;04.07.2025 16:23:49;1;0.0;1;unknown;weak_rule;conservative_pair_rule_v2
состояние охраны;05.07.2025 08:06:50;1;0.0;1;unknown;weak_rule;conservative_pair_rule_v2
состояние охраны;05.07.2025 08:39:25;1;0.0;1;unknown;weak_rule;conservative_pair_rule_v2
состояние охраны;05.07.2025 09:56:57;1;0.0;1;unknown;weak_rule;conservative_pair_rule_v2
состояние охраны;07.07.2025 07:11:29;1;0.0;1;unknown;weak_rule;conservative_pair_rule_v2
состояние охраны;07.07.2025 07:33:51;1;0.0;1;unknown;weak_rule;conservative_pair_rule_v2
состояние охраны;07.07.2025 11:16:18;1;0.0;1;unknown;weak_rule;conservative_pair_rule_v2
состояние охраны;07.07.2025 11:18:01;1;0.0;1;unknown;weak_rule;conservative_pair_rule_v2
состояние охраны;07.07.2025 12:34:48;1;0.0;1;unknown;weak_rule;conservative_pair_rule_v2
состояние охраны;07.07.2025 14:22:59;1;0.0;1;unknown;weak_rule;conservative_pair_rule_v2
состояние охраны;07.07.2025 16:47:43;1;0.0;1;unknown;weak_rule;conservative_pair_rule_v2
состояние охраны;11.07.2025 08:10:47;1;0.0;1;unknown;weak_rule;conservative_pair_rule_v2
состояние охраны;11.07.2025 15:50:46;1;0.0;1;unknown;weak_rule;conservative_pair_rule_v2
состояние охраны;11.07.2025 16:15:19;1;0.0;1;unknown;weak_rule;conservative_pair_rule_v2
состояние охраны;14.07.2025 07:11:49;1;0.0;1;unknown;weak_rule;conservative_pair_rule_v2
состояние охраны;14.07.2025 07:45:03;1;0.0;1;unknown;weak_rule;conservative_pair_rule_v2
состояние охраны;14.07.2025 07:48:16;1;0.0;1;unknown;weak_rule;conservative_pair_rule_v2
состояние охраны;14.07.2025 15:52:09;1;0.0;1;unknown;weak_rule;conservative_pair_rule_v2
состояние охраны;14.07.2025 16:09:16;1;0.0;1;unknown;weak_rule;conservative_pair_rule_v2
состояние охраны;14.07.2025 16:09:28;1;0.0;1;unknown;weak_rule;conservative_pair_rule_v2
состояние охраны;14.07.2025 17:01:14;1;0.0;1;unknown;weak_rule;conservative_pair_rule_v2
состояние охраны;14.07.2025 17:05:50;1;0.0;1;unknown;weak_rule;conservative_pair_rule_v2
состояние охраны;14.07.2025 21:23:50;1;0.0;1;unknown;weak_rule;conservative_pair_rule_v2
состояние охраны;18.07.2025 16:59:41;1;0.0;1;unknown;weak_rule;conservative_pair_rule_v2
состояние охраны;18.07.2025 20:39:14;1;0.0;1;unknown;weak_rule;conservative_pair_rule_v2
состояние охраны;19.07.2025 11:25:48;1;0.0;1;unknown;weak_rule;conservative_pair_rule_v2
состояние охраны;23.07.2025 07:36:27;1;0.0;1;unknown;weak_rule;conservative_pair_rule_v2
состояние охраны;23.07.2025 08:07:43;1;0.0;1;unknown;weak_rule;conservative_pair_rule_v2
состояние охраны;23.07.2025 13:37:48;1;0.0;1;unknown;weak_rule;conservative_pair_rule_v2
состояние охраны;23.07.2025 14:54:07;1;0.0;1;unknown;weak_rule;conservative_pair_rule_v2
состояние охраны;23.07.2025 14:54:17;1;0.0;1;unknown;weak_rule;conservative_pair_rule_v2
состояние охраны;23.07.2025 17:03:58;1;0.0;1;unknown;weak_rule;conservative_pair_rule_v2
состояние охраны;26.07.2025 02:12:18;1;0.0;1;unknown;weak_rule;conservative_pair_rule_v2
состояние охраны;26.07.2025 08:03:54;1;0.0;1;unknown;weak_rule;conservative_pair_rule_v2
состояние охраны;26.07.2025 12:30:04;1;0.0;1;unknown;weak_rule;conservative_pair_rule_v2
состояние охраны;26.07.2025 14:24:32;1;0.0;1;unknown;weak_rule;conservative_pair_rule_v2
состояние охраны;26.07.2025 18:52:45;1;0.0;1;unknown;weak_rule;conservative_pair_rule_v2
состояние охраны;30.07.2025 07:28:54;1;0.0;1;unknown;weak_rule;conservative_pair_rule_v2
состояние охраны;30.07.2025 07:44:41;1;0.0;1;unknown;weak_rule;conservative_pair_rule_v2
состояние охраны;30.07.2025 08:04:09;1;0.0;1;unknown;weak_rule;conservative_pair_rule_v2
состояние охраны;30.07.2025 08:44:57;1;0.0;1;unknown;weak_rule;conservative_pair_rule_v2
состояние охраны;01.08.2025 11:04:27;1;0.0;1;unknown;weak_rule;conservative_pair_rule_v2
состояние охраны;01.08.2025 12:26:26;1;0.0;1;unknown;weak_rule;conservative_pair_rule_v2
состояние охраны;01.08.2025 18:26:54;1;0.0;1;unknown;weak_rule;conservative_pair_rule_v2
состояние охраны;01.08.2025 20:12:17;1;0.0;1;unknown;weak_rule;conservative_pair_rule_v2
состояние охраны;02.08.2025 02:15:31;1;0.0;1;unknown;weak_rule;conservative_pair_rule_v2
состояние охраны;02.08.2025 07:47:43;1;0.0;1;unknown;weak_rule;conservative_pair_rule_v2
состояние охраны;02.08.2025 08:02:51;1;0.0;1;unknown;weak_rule;conservative_pair_rule_v2
состояние охраны;05.08.2025 19:49:32;1;0.0;1;unknown;weak_rule;conservative_pair_rule_v2
состояние охраны;06.08.2025 07:52:18;1;0.0;1;unknown;weak_rule;conservative_pair_rule_v2
состояние охраны;06.08.2025 08:05:43;1;0.0;1;unknown;weak_rule;conservative_pair_rule_v2
состояние охраны;06.08.2025 08:12:32;1;0.0;1;unknown;weak_rule;conservative_pair_rule_v2
состояние охраны;06.08.2025 08:21:32;1;0.0;1;unknown;weak_rule;conservative_pair_rule_v2
состояние охраны;06.08.2025 16:00:01;1;0.0;1;unknown;weak_rule;conservative_pair_rule_v2
состояние охраны;09.08.2025 09:25:27;1;0.0;1;unknown;weak_rule;conservative_pair_rule_v2
состояние охраны;10.08.2025 07:53:32;1;0.0;1;unknown;weak_rule;conservative_pair_rule_v2
состояние охраны;10.08.2025 08:00:14;1;0.0;1;unknown;weak_rule;conservative_pair_rule_v2
состояние охраны;12.08.2025 08:00:31;1;0.0;1;unknown;weak_rule;conservative_pair_rule_v2
состояние охраны;12.08.2025 08:04:03;1;0.0;1;unknown;weak_rule;conservative_pair_rule_v2
состояние охраны;12.08.2025 16:44:48;1;0.0;1;unknown;weak_rule;conservative_pair_rule_v2
состояние охраны;12.08.2025 20:03:19;1;0.0;1;unknown;weak_rule;conservative_pair_rule_v2
состояние охраны;12.08.2025 23:36:23;1;0.0;1;unknown;weak_rule;conservative_pair_rule_v2
состояние охраны;13.08.2025 00:47:38;1;0.0;1;unknown;weak_rule;conservative_pair_rule_v2
состояние охраны;17.08.2025 08:01:13;1;0.0;1;unknown;weak_rule;conservative_pair_rule_v2
состояние охраны;18.08.2025 09:01:00;1;0.0;1;unknown;weak_rule;conservative_pair_rule_v2
состояние охраны;21.08.2025 07:47:57;1;0.0;1;unknown;weak_rule;conservative_pair_rule_v2
состояние охраны;21.08.2025 07:57:20;1;0.0;1;unknown;weak_rule;conservative_pair_rule_v2
состояние охраны;21.08.2025 15:16:29;1;0.0;1;unknown;weak_rule;conservative_pair_rule_v2
состояние охраны;21.08.2025 16:22:01;1;0.0;1;unknown;weak_rule;conservative_pair_rule_v2
состояние охраны;21.08.2025 16:29:32;1;0.0;1;unknown;weak_rule;conservative_pair_rule_v2
состояние охраны;21.08.2025 16:39:56;1;0.0;1;unknown;weak_rule;conservative_pair_rule_v2
состояние охраны;21.08.2025 18:38:42;1;0.0;1;unknown;weak_rule;conservative_pair_rule_v2
состояние охраны;24.08.2025 07:34:07;1;0.0;1;unknown;weak_rule;conservative_pair_rule_v2
состояние охраны;24.08.2025 09:10:11;1;0.0;1;unknown;weak_rule;conservative_pair_rule_v2
состояние охраны;24.08.2025 10:35:53;1;0.0;1;unknown;weak_rule;conservative_pair_rule_v2
состояние охраны;28.08.2025 18:44:15;1;0.0;1;unknown;weak_rule;conservative_pair_rule_v2
состояние охраны;29.08.2025 08:00:14;1;0.0;1;unknown;weak_rule;conservative_pair_rule_v2
состояние охраны;29.08.2025 08:24:19;1;0.0;1;unknown;weak_rule;conservative_pair_rule_v2
состояние охраны;29.08.2025 08:24:23;1;0.0;1;unknown;weak_rule;conservative_pair_rule_v2
состояние охраны;29.08.2025 08:55:41;1;0.0;1;unknown;weak_rule;conservative_pair_rule_v2
состояние охраны;29.08.2025 10:54:07;1;0.0;1;unknown;weak_rule;conservative_pair_rule_v2
состояние охраны;29.08.2025 16:20:36;1;0.0;1;unknown;weak_rule;conservative_pair_rule_v2
состояние охраны;29.08.2025 16:20:43;1;0.0;1;unknown;weak_rule;conservative_pair_rule_v2
состояние охраны;29.08.2025 16:38:00;1;0.0;1;unknown;weak_rule;conservative_pair_rule_v2
состояние охраны;01.09.2025 19:37:17;1;0.0;1;unknown;weak_rule;conservative_pair_rule_v2
состояние охраны;02.09.2025 07:56:50;1;0.0;1;unknown;weak_rule;conservative_pair_rule_v2
состояние охраны;02.09.2025 08:01:14;1;0.0;1;unknown;weak_rule;conservative_pair_rule_v2
состояние охраны;02.09.2025 15:58:08;1;0.0;1;unknown;weak_rule;conservative_pair_rule_v2
состояние охраны;04.09.2025 13:21:44;1;0.0;1;unknown;weak_rule;conservative_pair_rule_v2
состояние охраны;04.09.2025 15:45:47;1;0.0;1;unknown;weak_rule;conservative_pair_rule_v2
состояние охраны;04.09.2025 16:08:29;1;0.0;1;unknown;weak_rule;conservative_pair_rule_v2
состояние охраны;04.09.2025 19:56:30;1;0.0;1;unknown;weak_rule;conservative_pair_rule_v2
состояние охраны;05.09.2025 08:01:29;1;0.0;1;unknown;weak_rule;conservative_pair_rule_v2
состояние охраны;05.09.2025 08:49:10;1;0.0;1;unknown;weak_rule;conservative_pair_rule_v2
состояние охраны;08.09.2025 09:37:04;1;0.0;1;unknown;weak_rule;conservative_pair_rule_v2
состояние охраны;08.09.2025 11:35:30;1;0.0;1;unknown;weak_rule;conservative_pair_rule_v2
состояние охраны;08.09.2025 16:01:55;1;0.0;1;unknown;weak_rule;conservative_pair_rule_v2
состояние охраны;08.09.2025 18:26:41;1;0.0;1;unknown;weak_rule;conservative_pair_rule_v2
состояние охраны;08.09.2025 20:22:55;1;0.0;1;unknown;weak_rule;conservative_pair_rule_v2
состояние охраны;08.09.2025 23:00:43;1;0.0;1;unknown;weak_rule;conservative_pair_rule_v2
состояние охраны;12.09.2025 08:55:07;1;0.0;1;unknown;weak_rule;conservative_pair_rule_v2
состояние охраны;12.09.2025 12:00:00;1;0.0;1;unknown;weak_rule;conservative_pair_rule_v2
состояние охраны;12.09.2025 15:47:45;1;0.0;1;unknown;weak_rule;conservative_pair_rule_v2
состояние охраны;12.09.2025 16:24:55;1;0.0;1;unknown;weak_rule;conservative_pair_rule_v2
состояние охраны;14.09.2025 11:15:05;1;0.0;1;unknown;weak_rule;conservative_pair_rule_v2
состояние охраны;15.09.2025 01:12:53;1;0.0;1;unknown;weak_rule;conservative_pair_rule_v2
состояние охраны;15.09.2025 07:30:30;1;0.0;1;unknown;weak_rule;conservative_pair_rule_v2
состояние охраны;15.09.2025 08:45:26;1;0.0;1;unknown;weak_rule;conservative_pair_rule_v2
состояние охраны;18.09.2025 07:17:50;1;0.0;1;unknown;weak_rule;conservative_pair_rule_v2
состояние охраны;18.09.2025 07:49:22;1;0.0;1;unknown;weak_rule;conservative_pair_rule_v2
состояние охраны;18.09.2025 07:51:15;1;0.0;1;unknown;weak_rule;conservative_pair_rule_v2
состояние охраны;18.09.2025 07:57:07;1;0.0;1;unknown;weak_rule;conservative_pair_rule_v2
состояние охраны;18.09.2025 09:22:43;1;0.0;1;unknown;weak_rule;conservative_pair_rule_v2
состояние охраны;18.09.2025 09:36:37;1;0.0;1;unknown;weak_rule;conservative_pair_rule_v2
состояние охраны;18.09.2025 11:36:07;1;0.0;1;unknown;weak_rule;conservative_pair_rule_v2
состояние охраны;18.09.2025 11:55:20;1;0.0;1;unknown;weak_rule;conservative_pair_rule_v2
состояние охраны;18.09.2025 13:14:31;1;0.0;1;unknown;weak_rule;conservative_pair_rule_v2
состояние охраны;18.09.2025 16:22:06;1;0.0;1;unknown;weak_rule;conservative_pair_rule_v2
состояние охраны;18.09.2025 16:35:48;1;0.0;1;unknown;weak_rule;conservative_pair_rule_v2
состояние охраны;23.09.2025 08:03:45;1;0.0;1;unknown;weak_rule;conservative_pair_rule_v2
состояние охраны;23.09.2025 08:04:52;1;0.0;1;unknown;weak_rule;conservative_pair_rule_v2
состояние охраны;23.09.2025 08:04:54;1;0.0;1;unknown;weak_rule;conservative_pair_rule_v2
состояние охраны;23.09.2025 08:05:08;1;0.0;1;unknown;weak_rule;conservative_pair_rule_v2
состояние охраны;23.09.2025 08:14:48;1;0.0;1;unknown;weak_rule;conservative_pair_rule_v2
состояние охраны;23.09.2025 09:12:19;1;0.0;1;unknown;weak_rule;conservative_pair_rule_v2
состояние охраны;23.09.2025 09:12:25;1;0.0;1;unknown;weak_rule;conservative_pair_rule_v2
состояние охраны;27.09.2025 10:06:08;1;0.0;1;unknown;weak_rule;conservative_pair_rule_v2
состояние охраны;27.09.2025 20:03:04;1;0.0;1;unknown;weak_rule;conservative_pair_rule_v2
состояние охраны;28.09.2025 03:32:06;1;0.0;1;unknown;weak_rule;conservative_pair_rule_v2
состояние охраны;29.09.2025 16:30:11;1;0.0;1;unknown;weak_rule;conservative_pair_rule_v2
состояние охраны;29.09.2025 16:37:05;1;0.0;1;unknown;weak_rule;conservative_pair_rule_v2
состояние охраны;29.09.2025 16:51:27;1;0.0;1;unknown;weak_rule;conservative_pair_rule_v2
состояние охраны;29.09.2025 21:29:52;1;0.0;1;unknown;weak_rule;conservative_pair_rule_v2
состояние охраны;29.09.2025 21:39:21;1;0.0;1;unknown;weak_rule;conservative_pair_rule_v2
состояние охраны;30.09.2025 08:25:00;1;0.0;1;unknown;weak_rule;conservative_pair_rule_v2
состояние охраны;30.09.2025 09:49:11;1;0.0;1;unknown;weak_rule;conservative_pair_rule_v2
состояние охраны;30.09.2025 09:51:42;1;0.0;1;unknown;weak_rule;conservative_pair_rule_v2
состояние охраны;05.10.2025 08:01:16;1;0.0;1;unknown;weak_rule;conservative_pair_rule_v2
состояние охраны;05.10.2025 08:01:27;1;0.0;1;unknown;weak_rule;conservative_pair_rule_v2
состояние охраны;05.10.2025 08:34:20;1;0.0;1;unknown;weak_rule;conservative_pair_rule_v2
состояние охраны;09.10.2025 10:28:18;1;0.0;1;unknown;weak_rule;conservative_pair_rule_v2
состояние охраны;09.10.2025 16:28:35;1;0.0;1;unknown;weak_rule;conservative_pair_rule_v2
состояние охраны;10.10.2025 07:53:37;1;0.0;1;unknown;weak_rule;conservative_pair_rule_v2
состояние охраны;11.10.2025 20:03:13;1;0.0;1;unknown;weak_rule;conservative_pair_rule_v2
состояние охраны;17.10.2025 14:34:46;1;0.0;1;unknown;weak_rule;conservative_pair_rule_v2
состояние охраны;17.10.2025 16:06:12;1;0.0;1;unknown;weak_rule;conservative_pair_rule_v2
состояние охраны;17.10.2025 17:06:47;1;0.0;1;unknown;weak_rule;conservative_pair_rule_v2
состояние охраны;18.10.2025 08:03:25;1;0.0;1;unknown;weak_rule;conservative_pair_rule_v2
состояние охраны;18.10.2025 08:39:44;1;0.0;1;unknown;weak_rule;conservative_pair_rule_v2
состояние охраны;18.10.2025 11:06:47;1;0.0;1;unknown;weak_rule;conservative_pair_rule_v2
состояние охраны;18.10.2025 11:21:34;1;0.0;1;unknown;weak_rule;conservative_pair_rule_v2
состояние охраны;18.10.2025 12:36:02;1;0.0;1;unknown;weak_rule;conservative_pair_rule_v2
состояние охраны;18.10.2025 13:55:38;1;0.0;1;unknown;weak_rule;conservative_pair_rule_v2
состояние охраны;21.10.2025 16:29:35;1;0.0;1;unknown;weak_rule;conservative_pair_rule_v2
состояние охраны;21.10.2025 16:56:21;1;0.0;1;unknown;weak_rule;conservative_pair_rule_v2
состояние охраны;21.10.2025 16:59:01;1;0.0;1;unknown;weak_rule;conservative_pair_rule_v2
состояние охраны;21.10.2025 17:38:38;1;0.0;1;unknown;weak_rule;conservative_pair_rule_v2
состояние охраны;26.10.2025 08:22:24;1;0.0;1;unknown;weak_rule;conservative_pair_rule_v2
состояние охраны;26.10.2025 08:40:15;1;0.0;1;unknown;weak_rule;conservative_pair_rule_v2
состояние охраны;26.10.2025 18:49:36;1;0.0;1;unknown;weak_rule;conservative_pair_rule_v2
состояние охраны;26.10.2025 19:42:19;1;0.0;1;unknown;weak_rule;conservative_pair_rule_v2
состояние охраны;27.10.2025 11:12:29;1;0.0;1;unknown;weak_rule;conservative_pair_rule_v2
состояние охраны;28.10.2025 17:00:27;1;0.0;1;unknown;weak_rule;conservative_pair_rule_v2
состояние охраны;28.10.2025 17:11:16;1;0.0;1;unknown;weak_rule;conservative_pair_rule_v2
датчик температуры;928;1;0.0;1;unknown;weak_rule;conservative_pair_rule_v2
состояние охраны;29.10.2025 07:19:42;1;0.0;1;unknown;weak_rule;conservative_pair_rule_v2
состояние охраны;29.10.2025 07:52:43;1;0.0;1;unknown;weak_rule;conservative_pair_rule_v2
состояние охраны;29.10.2025 08:02:49;1;0.0;1;unknown;weak_rule;conservative_pair_rule_v2
состояние охраны;29.10.2025 08:04:34;1;0.0;1;unknown;weak_rule;conservative_pair_rule_v2
состояние охраны;29.10.2025 16:30:53;1;0.0;1;unknown;weak_rule;conservative_pair_rule_v2
состояние охраны;29.10.2025 16:30:58;1;0.0;1;unknown;weak_rule;conservative_pair_rule_v2
состояние охраны;04.11.2025 08:00:37;1;0.0;1;unknown;weak_rule;conservative_pair_rule_v2
состояние охраны;04.11.2025 08:31:13;1;0.0;1;unknown;weak_rule;conservative_pair_rule_v2
состояние охраны;06.11.2025 16:11:02;1;0.0;1;unknown;weak_rule;conservative_pair_rule_v2
состояние охраны;06.11.2025 16:38:41;1;0.0;1;unknown;weak_rule;conservative_pair_rule_v2
состояние охраны;06.11.2025 17:01:14;1;0.0;1;unknown;weak_rule;conservative_pair_rule_v2
состояние охраны;07.11.2025 01:57:23;1;0.0;1;unknown;weak_rule;conservative_pair_rule_v2
состояние охраны;07.11.2025 04:07:01;1;0.0;1;unknown;weak_rule;conservative_pair_rule_v2
состояние охраны;07.11.2025 07:43:36;1;0.0;1;unknown;weak_rule;conservative_pair_rule_v2
состояние охраны;07.11.2025 07:43:53;1;0.0;1;unknown;weak_rule;conservative_pair_rule_v2
состояние охраны;07.11.2025 08:05:46;1;0.0;1;unknown;weak_rule;conservative_pair_rule_v2
состояние охраны;07.11.2025 08:20:32;1;0.0;1;unknown;weak_rule;conservative_pair_rule_v2
состояние охраны;07.11.2025 14:51:41;1;0.0;1;unknown;weak_rule;conservative_pair_rule_v2
состояние охраны;07.11.2025 15:50:18;1;0.0;1;unknown;weak_rule;conservative_pair_rule_v2
состояние охраны;17.11.2025 16:56:08;1;0.0;1;unknown;weak_rule;conservative_pair_rule_v2
состояние охраны;17.11.2025 17:05:13;1;0.0;1;unknown;weak_rule;conservative_pair_rule_v2
состояние охраны;17.11.2025 20:02:05;1;0.0;1;unknown;weak_rule;conservative_pair_rule_v2
состояние охраны;18.11.2025 01:22:02;1;0.0;1;unknown;weak_rule;conservative_pair_rule_v2
состояние охраны;18.11.2025 01:43:34;1;0.0;1;unknown;weak_rule;conservative_pair_rule_v2
состояние охраны;18.11.2025 01:54:00;1;0.0;1;unknown;weak_rule;conservative_pair_rule_v2
состояние охраны;18.11.2025 01:56:22;1;0.0;1;unknown;weak_rule;conservative_pair_rule_v2
состояние охраны;18.11.2025 07:16:08;1;0.0;1;unknown;weak_rule;conservative_pair_rule_v2
состояние охраны;18.11.2025 07:56:36;1;0.0;1;unknown;weak_rule;conservative_pair_rule_v2
состояние охраны;18.11.2025 08:02:33;1;0.0;1;unknown;weak_rule;conservative_pair_rule_v2
состояние охраны;21.11.2025 07:59:27;1;0.0;1;unknown;weak_rule;conservative_pair_rule_v2
состояние охраны;21.11.2025 08:01:36;1;0.0;1;unknown;weak_rule;conservative_pair_rule_v2
состояние охраны;21.11.2025 08:03:01;1;0.0;1;unknown;weak_rule;conservative_pair_rule_v2
состояние охраны;21.11.2025 08:52:13;1;0.0;1;unknown;weak_rule;conservative_pair_rule_v2
состояние охраны;21.11.2025 08:52:16;1;0.0;1;unknown;weak_rule;conservative_pair_rule_v2
состояние охраны;21.11.2025 13:13:11;1;0.0;1;unknown;weak_rule;conservative_pair_rule_v2
состояние охраны;21.11.2025 16:37:06;1;0.0;1;unknown;weak_rule;conservative_pair_rule_v2
состояние охраны;21.11.2025 16:38:37;1;0.0;1;unknown;weak_rule;conservative_pair_rule_v2
состояние охраны;24.11.2025 16:47:29;1;0.0;1;unknown;weak_rule;conservative_pair_rule_v2
состояние охраны;24.11.2025 20:02:12;1;0.0;1;unknown;weak_rule;conservative_pair_rule_v2
состояние охраны;24.11.2025 22:03:24;1;0.0;1;unknown;weak_rule;conservative_pair_rule_v2
состояние охраны;24.11.2025 22:20:46;1;0.0;1;unknown;weak_rule;conservative_pair_rule_v2
состояние охраны;25.11.2025 08:23:40;1;0.0;1;unknown;weak_rule;conservative_pair_rule_v2
состояние охраны;25.11.2025 09:20:14;1;0.0;1;unknown;weak_rule;conservative_pair_rule_v2
состояние охраны;28.11.2025 15:41:59;1;0.0;1;unknown;weak_rule;conservative_pair_rule_v2
состояние охраны;28.11.2025 16:51:22;1;0.0;1;unknown;weak_rule;conservative_pair_rule_v2
состояние охраны;29.11.2025 07:51:36;1;0.0;1;unknown;weak_rule;conservative_pair_rule_v2
состояние охраны;29.11.2025 08:00:59;1;0.0;1;unknown;weak_rule;conservative_pair_rule_v2
состояние охраны;29.11.2025 08:56:27;1;0.0;1;unknown;weak_rule;conservative_pair_rule_v2
состояние охраны;04.12.2025 14:02:00;1;0.0;1;unknown;weak_rule;conservative_pair_rule_v2
состояние охраны;08.12.2025 08:59:53;1;0.0;1;unknown;weak_rule;conservative_pair_rule_v2
состояние охраны;08.12.2025 10:29:31;1;0.0;1;unknown;weak_rule;conservative_pair_rule_v2
состояние охраны;08.12.2025 12:23:06;1;0.0;1;unknown;weak_rule;conservative_pair_rule_v2
состояние охраны;08.12.2025 12:23:11;1;0.0;1;unknown;weak_rule;conservative_pair_rule_v2
состояние охраны;08.12.2025 15:24:44;1;0.0;1;unknown;weak_rule;conservative_pair_rule_v2
состояние охраны;12.12.2025 07:51:04;1;0.0;1;unknown;weak_rule;conservative_pair_rule_v2
состояние охраны;12.12.2025 08:03:00;1;0.0;1;unknown;weak_rule;conservative_pair_rule_v2
состояние охраны;12.12.2025 14:00:44;1;0.0;1;unknown;weak_rule;conservative_pair_rule_v2
состояние охраны;12.12.2025 14:40:45;1;0.0;1;unknown;weak_rule;conservative_pair_rule_v2
состояние охраны;12.12.2025 15:43:06;1;0.0;1;unknown;weak_rule;conservative_pair_rule_v2
состояние охраны;12.12.2025 16:49:50;1;0.0;1;unknown;weak_rule;conservative_pair_rule_v2
состояние охраны;12.12.2025 18:03:26;1;0.0;1;unknown;weak_rule;conservative_pair_rule_v2
состояние охраны;12.12.2025 23:14:26;1;0.0;1;unknown;weak_rule;conservative_pair_rule_v2
состояние охраны;15.12.2025 16:15:44;1;0.0;1;unknown;weak_rule;conservative_pair_rule_v2
состояние охраны;15.12.2025 16:41:13;1;0.0;1;unknown;weak_rule;conservative_pair_rule_v2
состояние охраны;15.12.2025 17:03:30;1;0.0;1;unknown;weak_rule;conservative_pair_rule_v2
состояние охраны;16.12.2025 07:16:08;1;0.0;1;unknown;weak_rule;conservative_pair_rule_v2
состояние охраны;16.12.2025 08:06:37;1;0.0;1;unknown;weak_rule;conservative_pair_rule_v2
состояние охраны;16.12.2025 08:16:07;1;0.0;1;unknown;weak_rule;conservative_pair_rule_v2
состояние охраны;16.12.2025 08:17:19;1;0.0;1;unknown;weak_rule;conservative_pair_rule_v2
состояние охраны;21.12.2025 06:28:52;1;0.0;1;unknown;weak_rule;conservative_pair_rule_v2
состояние охраны;21.12.2025 20:02:41;1;0.0;1;unknown;weak_rule;conservative_pair_rule_v2
состояние охраны;22.12.2025 07:17:23;1;0.0;1;unknown;weak_rule;conservative_pair_rule_v2
состояние охраны;22.12.2025 07:54:43;1;0.0;1;unknown;weak_rule;conservative_pair_rule_v2
состояние охраны;22.12.2025 07:59:47;1;0.0;1;unknown;weak_rule;conservative_pair_rule_v2
состояние охраны;26.12.2025 15:20:15;1;0.0;1;unknown;weak_rule;conservative_pair_rule_v2
состояние охраны;26.12.2025 20:01:42;1;0.0;1;unknown;weak_rule;conservative_pair_rule_v2
состояние охраны;27.12.2025 11:55:35;1;0.0;1;unknown;weak_rule;conservative_pair_rule_v2
состояние охраны;29.12.2025 07:16:20;1;0.0;1;unknown;weak_rule;conservative_pair_rule_v2
состояние охраны;29.12.2025 07:49:34;1;0.0;1;unknown;weak_rule;conservative_pair_rule_v2
состояние охраны;29.12.2025 09:00:35;1;0.0;1;unknown;weak_rule;conservative_pair_rule_v2
состояние охраны;29.12.2025 11:27:18;1;0.0;1;unknown;weak_rule;conservative_pair_rule_v2
состояние охраны;29.12.2025 16:42:52;1;0.0;1;unknown;weak_rule;conservative_pair_rule_v2
состояние охраны;29.12.2025 20:03:42;1;0.0;1;unknown;weak_rule;conservative_pair_rule_v2
состояние охраны;03.01.2025 15:58:39;1;0.0;1;unknown;weak_rule;conservative_pair_rule_v2
состояние охраны;03.01.2025 18:30:51;1;0.0;1;unknown;weak_rule;conservative_pair_rule_v2
состояние охраны;04.01.2025 08:00:48;1;0.0;1;unknown;weak_rule;conservative_pair_rule_v2
состояние охраны;04.01.2025 19:57:16;1;0.0;1;unknown;weak_rule;conservative_pair_rule_v2
состояние охраны;07.01.2025 20:01:30;1;0.0;1;unknown;weak_rule;conservative_pair_rule_v2
состояние охраны;08.01.2025 08:32:30;1;0.0;1;unknown;weak_rule;conservative_pair_rule_v2
состояние охраны;08.01.2025 10:04:31;1;0.0;1;unknown;weak_rule;conservative_pair_rule_v2
состояние охраны;12.01.2025 07:12:30;1;0.0;1;unknown;weak_rule;conservative_pair_rule_v2
состояние охраны;12.01.2025 09:52:39;1;0.0;1;unknown;weak_rule;conservative_pair_rule_v2
состояние охраны;15.01.2025 08:52:37;1;0.0;1;unknown;weak_rule;conservative_pair_rule_v2
состояние охраны;15.01.2025 16:24:24;1;0.0;1;unknown;weak_rule;conservative_pair_rule_v2
состояние охраны;19.01.2025 13:06:19;1;0.0;1;unknown;weak_rule;conservative_pair_rule_v2
состояние охраны;19.01.2025 20:01:39;1;0.0;1;unknown;weak_rule;conservative_pair_rule_v2
состояние охраны;19.01.2025 20:52:54;1;0.0;1;unknown;weak_rule;conservative_pair_rule_v2
состояние охраны;20.01.2025 07:55:41;1;0.0;1;unknown;weak_rule;conservative_pair_rule_v2
состояние охраны;20.01.2025 08:01:56;1;0.0;1;unknown;weak_rule;conservative_pair_rule_v2
состояние охраны;20.01.2025 09:25:46;1;0.0;1;unknown;weak_rule;conservative_pair_rule_v2
состояние охраны;20.01.2025 09:56:57;1;0.0;1;unknown;weak_rule;conservative_pair_rule_v2
состояние охраны;26.01.2025 19:55:42;1;0.0;1;unknown;weak_rule;conservative_pair_rule_v2
состояние охраны;31.01.2025 15:04:21;1;0.0;1;unknown;weak_rule;conservative_pair_rule_v2
состояние охраны;31.01.2025 15:50:39;1;0.0;1;unknown;weak_rule;conservative_pair_rule_v2
состояние охраны;01.02.2025 09:50:01;1;0.0;1;unknown;weak_rule;conservative_pair_rule_v2
состояние охраны;01.02.2025 10:49:53;1;0.0;1;unknown;weak_rule;conservative_pair_rule_v2
состояние охраны;03.02.2025 08:56:06;1;0.0;1;unknown;weak_rule;conservative_pair_rule_v2
состояние охраны;03.02.2025 15:39:08;1;0.0;1;unknown;weak_rule;conservative_pair_rule_v2
состояние охраны;03.02.2025 15:50:05;1;0.0;1;unknown;weak_rule;conservative_pair_rule_v2
состояние охраны;03.02.2025 16:43:47;1;0.0;1;unknown;weak_rule;conservative_pair_rule_v2
состояние охраны;03.02.2025 17:01:31;1;0.0;1;unknown;weak_rule;conservative_pair_rule_v2
состояние охраны;08.02.2025 06:33:09;1;0.0;1;unknown;weak_rule;conservative_pair_rule_v2
состояние охраны;08.02.2025 18:18:59;1;0.0;1;unknown;weak_rule;conservative_pair_rule_v2
состояние охраны;10.02.2025 13:09:18;1;0.0;1;unknown;weak_rule;conservative_pair_rule_v2
состояние охраны;10.02.2025 14:20:25;1;0.0;1;unknown;weak_rule;conservative_pair_rule_v2
состояние охраны;10.02.2025 17:00:06;1;0.0;1;unknown;weak_rule;conservative_pair_rule_v2
состояние охраны;10.02.2025 23:14:48;1;0.0;1;unknown;weak_rule;conservative_pair_rule_v2
состояние охраны;11.02.2025 07:09:14;1;0.0;1;unknown;weak_rule;conservative_pair_rule_v2
состояние охраны;11.02.2025 08:23:18;1;0.0;1;unknown;weak_rule;conservative_pair_rule_v2
состояние охраны;11.02.2025 08:23:25;1;0.0;1;unknown;weak_rule;conservative_pair_rule_v2
состояние охраны;11.02.2025 08:41:23;1;0.0;1;unknown;weak_rule;conservative_pair_rule_v2
состояние охраны;18.02.2025 07:43:36;1;0.0;1;unknown;weak_rule;conservative_pair_rule_v2
состояние охраны;18.02.2025 07:59:08;1;0.0;1;unknown;weak_rule;conservative_pair_rule_v2
состояние охраны;18.02.2025 08:49:24;1;0.0;1;unknown;weak_rule;conservative_pair_rule_v2
состояние охраны;18.02.2025 19:21:06;1;0.0;1;unknown;weak_rule;conservative_pair_rule_v2
состояние охраны;18.02.2025 20:06:20;1;0.0;1;unknown;weak_rule;conservative_pair_rule_v2
состояние охраны;25.02.2025 07:15:13;1;0.0;1;unknown;weak_rule;conservative_pair_rule_v2
состояние охраны;25.02.2025 08:19:01;1;0.0;1;unknown;weak_rule;conservative_pair_rule_v2
состояние охраны;25.02.2025 10:18:41;1;0.0;1;unknown;weak_rule;conservative_pair_rule_v2
состояние охраны;25.02.2025 16:04:08;1;0.0;1;unknown;weak_rule;conservative_pair_rule_v2
состояние охраны;25.02.2025 16:37:34;1;0.0;1;unknown;weak_rule;conservative_pair_rule_v2
состояние охраны;25.02.2025 16:37:42;1;0.0;1;unknown;weak_rule;conservative_pair_rule_v2
состояние охраны;25.02.2025 17:00:42;1;0.0;1;unknown;weak_rule;conservative_pair_rule_v2
состояние охраны;25.02.2025 19:10:24;1;0.0;1;unknown;weak_rule;conservative_pair_rule_v2
состояние охраны;28.02.2025 13:36:53;1;0.0;1;unknown;weak_rule;conservative_pair_rule_v2
состояние охраны;28.02.2025 15:07:40;1;0.0;1;unknown;weak_rule;conservative_pair_rule_v2
состояние охраны;28.02.2025 16:39:53;1;0.0;1;unknown;weak_rule;conservative_pair_rule_v2
состояние охраны;28.02.2025 21:46:02;1;0.0;1;unknown;weak_rule;conservative_pair_rule_v2
состояние охраны;05.03.2025 07:49:39;1;0.0;1;unknown;weak_rule;conservative_pair_rule_v2
состояние охраны;05.03.2025 07:49:42;1;0.0;1;unknown;weak_rule;conservative_pair_rule_v2
состояние охраны;05.03.2025 07:49:45;1;0.0;1;unknown;weak_rule;conservative_pair_rule_v2
состояние охраны;05.03.2025 08:00:49;1;0.0;1;unknown;weak_rule;conservative_pair_rule_v2
состояние охраны;05.03.2025 08:02:19;1;0.0;1;unknown;weak_rule;conservative_pair_rule_v2
состояние охраны;05.03.2025 08:40:15;1;0.0;1;unknown;weak_rule;conservative_pair_rule_v2
состояние охраны;05.03.2025 11:04:30;1;0.0;1;unknown;weak_rule;conservative_pair_rule_v2
состояние охраны;05.03.2025 16:10:55;1;0.0;1;unknown;weak_rule;conservative_pair_rule_v2
состояние охраны;05.03.2025 16:24:43;1;0.0;1;unknown;weak_rule;conservative_pair_rule_v2
состояние охраны;11.03.2025 07:16:56;1;0.0;1;unknown;weak_rule;conservative_pair_rule_v2
состояние охраны;11.03.2025 15:43:10;1;0.0;1;unknown;weak_rule;conservative_pair_rule_v2
состояние охраны;11.03.2025 21:37:45;1;0.0;1;unknown;weak_rule;conservative_pair_rule_v2
состояние охраны;14.03.2025 07:44:15;1;0.0;1;unknown;weak_rule;conservative_pair_rule_v2
состояние охраны;14.03.2025 07:44:28;1;0.0;1;unknown;weak_rule;conservative_pair_rule_v2
состояние охраны;14.03.2025 07:49:15;1;0.0;1;unknown;weak_rule;conservative_pair_rule_v2
состояние охраны;14.03.2025 08:01:59;1;0.0;1;unknown;weak_rule;conservative_pair_rule_v2
состояние охраны;14.03.2025 08:33:43;1;0.0;1;unknown;weak_rule;conservative_pair_rule_v2
состояние охраны;14.03.2025 15:43:01;1;0.0;1;unknown;weak_rule;conservative_pair_rule_v2
состояние охраны;14.03.2025 16:59:55;1;0.0;1;unknown;weak_rule;conservative_pair_rule_v2
состояние охраны;14.03.2025 19:53:33;1;0.0;1;unknown;weak_rule;conservative_pair_rule_v2
состояние охраны;14.03.2025 19:57:09;1;0.0;1;unknown;weak_rule;conservative_pair_rule_v2
состояние охраны;14.03.2025 22:02:56;1;0.0;1;unknown;weak_rule;conservative_pair_rule_v2
состояние охраны;14.03.2025 22:34:50;1;0.0;1;unknown;weak_rule;conservative_pair_rule_v2
состояние охраны;15.03.2025 08:00:24;1;0.0;1;unknown;weak_rule;conservative_pair_rule_v2
состояние охраны;15.03.2025 08:30:33;1;0.0;1;unknown;weak_rule;conservative_pair_rule_v2
состояние охраны;21.03.2025 07:46:23;1;0.0;1;unknown;weak_rule;conservative_pair_rule_v2
состояние охраны;25.03.2025 07:56:21;1;0.0;1;unknown;weak_rule;conservative_pair_rule_v2
состояние охраны;25.03.2025 07:58:35;1;0.0;1;unknown;weak_rule;conservative_pair_rule_v2
состояние охраны;25.03.2025 08:00:47;1;0.0;1;unknown;weak_rule;conservative_pair_rule_v2
состояние охраны;25.03.2025 13:12:10;1;0.0;1;unknown;weak_rule;conservative_pair_rule_v2
состояние охраны;25.03.2025 13:16:28;1;0.0;1;unknown;weak_rule;conservative_pair_rule_v2
состояние охраны;25.03.2025 16:43:25;1;0.0;1;unknown;weak_rule;conservative_pair_rule_v2
состояние охраны;26.03.2025 07:09:00;1;0.0;1;unknown;weak_rule;conservative_pair_rule_v2
состояние охраны;26.03.2025 07:40:31;1;0.0;1;unknown;weak_rule;conservative_pair_rule_v2
состояние охраны;26.03.2025 08:02:29;1;0.0;1;unknown;weak_rule;conservative_pair_rule_v2
состояние охраны;26.03.2025 08:19:23;1;0.0;1;unknown;weak_rule;conservative_pair_rule_v2
состояние охраны;26.03.2025 08:19:43;1;0.0;1;unknown;weak_rule;conservative_pair_rule_v2
состояние охраны;31.03.2025 17:00:04;1;0.0;1;unknown;weak_rule;conservative_pair_rule_v2
состояние охраны;31.03.2025 20:02:49;1;0.0;1;unknown;weak_rule;conservative_pair_rule_v2
состояние охраны;01.04.2025 07:51:52;1;0.0;1;unknown;weak_rule;conservative_pair_rule_v2
состояние охраны;01.04.2025 07:51:58;1;0.0;1;unknown;weak_rule;conservative_pair_rule_v2
состояние охраны;01.04.2025 08:04:15;1;0.0;1;unknown;weak_rule;conservative_pair_rule_v2
состояние охраны;01.04.2025 13:01:00;1;0.0;1;unknown;weak_rule;conservative_pair_rule_v2
состояние охраны;01.04.2025 13:01:08;1;0.0;1;unknown;weak_rule;conservative_pair_rule_v2
состояние охраны;03.04.2025 07:41:44;1;0.0;1;unknown;weak_rule;conservative_pair_rule_v2
состояние охраны;03.04.2025 07:57:40;1;0.0;1;unknown;weak_rule;conservative_pair_rule_v2
состояние охраны;03.04.2025 07:59:09;1;0.0;1;unknown;weak_rule;conservative_pair_rule_v2
состояние охраны;03.04.2025 08:14:37;1;0.0;1;unknown;weak_rule;conservative_pair_rule_v2
состояние охраны;03.04.2025 08:32:54;1;0.0;1;unknown;weak_rule;conservative_pair_rule_v2
состояние охраны;03.04.2025 08:32:56;1;0.0;1;unknown;weak_rule;conservative_pair_rule_v2
состояние охраны;03.04.2025 19:00:20;1;0.0;1;unknown;weak_rule;conservative_pair_rule_v2
состояние охраны;03.04.2025 20:11:11;1;0.0;1;unknown;weak_rule;conservative_pair_rule_v2
состояние охраны;03.04.2025 20:18:53;1;0.0;1;unknown;weak_rule;conservative_pair_rule_v2
состояние охраны;04.04.2025 00:25:10;1;0.0;1;unknown;weak_rule;conservative_pair_rule_v2
состояние охраны;10.04.2025 08:00:13;1;0.0;1;unknown;weak_rule;conservative_pair_rule_v2
состояние охраны;10.04.2025 08:10:15;1;0.0;1;unknown;weak_rule;conservative_pair_rule_v2
состояние охраны;10.04.2025 08:23:17;1;0.0;1;unknown;weak_rule;conservative_pair_rule_v2
состояние охраны;10.04.2025 09:06:11;1;0.0;1;unknown;weak_rule;conservative_pair_rule_v2
состояние охраны;10.04.2025 16:03:52;1;0.0;1;unknown;weak_rule;conservative_pair_rule_v2
состояние охраны;10.04.2025 17:00:43;1;0.0;1;unknown;weak_rule;conservative_pair_rule_v2
состояние охраны;16.04.2025 08:04:05;1;0.0;1;unknown;weak_rule;conservative_pair_rule_v2
состояние охраны;16.04.2025 08:20:44;1;0.0;1;unknown;weak_rule;conservative_pair_rule_v2
состояние охраны;16.04.2025 16:12:56;1;0.0;1;unknown;weak_rule;conservative_pair_rule_v2
состояние охраны;21.04.2025 07:28:42;1;0.0;1;unknown;weak_rule;conservative_pair_rule_v2
состояние охраны;21.04.2025 09:21:49;1;0.0;1;unknown;weak_rule;conservative_pair_rule_v2
состояние охраны;21.04.2025 09:21:52;1;0.0;1;unknown;weak_rule;conservative_pair_rule_v2
состояние охраны;21.04.2025 13:08:00;1;0.0;1;unknown;weak_rule;conservative_pair_rule_v2
состояние охраны;21.04.2025 16:43:17;1;0.0;1;unknown;weak_rule;conservative_pair_rule_v2
состояние охраны;21.04.2025 20:07:48;1;0.0;1;unknown;weak_rule;conservative_pair_rule_v2
состояние охраны;25.04.2025 11:05:15;1;0.0;1;unknown;weak_rule;conservative_pair_rule_v2
состояние охраны;25.04.2025 12:34:37;1;0.0;1;unknown;weak_rule;conservative_pair_rule_v2
состояние охраны;25.04.2025 15:47:22;1;0.0;1;unknown;weak_rule;conservative_pair_rule_v2
состояние охраны;25.04.2025 17:00:16;1;0.0;1;unknown;weak_rule;conservative_pair_rule_v2
состояние охраны;26.04.2025 11:22:01;1;0.0;1;unknown;weak_rule;conservative_pair_rule_v2
состояние охраны;29.04.2025 07:44:47;1;0.0;1;unknown;weak_rule;conservative_pair_rule_v2
состояние охраны;29.04.2025 08:02:19;1;0.0;1;unknown;weak_rule;conservative_pair_rule_v2
состояние охраны;29.04.2025 08:03:52;1;0.0;1;unknown;weak_rule;conservative_pair_rule_v2
состояние охраны;29.04.2025 08:05:26;1;0.0;1;unknown;weak_rule;conservative_pair_rule_v2
состояние охраны;29.04.2025 08:21:39;1;0.0;1;unknown;weak_rule;conservative_pair_rule_v2
состояние охраны;29.04.2025 08:23:08;1;0.0;1;unknown;weak_rule;conservative_pair_rule_v2
состояние охраны;29.04.2025 14:44:14;1;0.0;1;unknown;weak_rule;conservative_pair_rule_v2
состояние охраны;29.04.2025 15:35:16;1;0.0;1;unknown;weak_rule;conservative_pair_rule_v2
состояние охраны;29.04.2025 16:18:03;1;0.0;1;unknown;weak_rule;conservative_pair_rule_v2
состояние охраны;29.04.2025 16:18:09;1;0.0;1;unknown;weak_rule;conservative_pair_rule_v2
состояние охраны;29.04.2025 22:38:45;1;0.0;1;unknown;weak_rule;conservative_pair_rule_v2
состояние охраны;30.04.2025 08:00:57;1;0.0;1;unknown;weak_rule;conservative_pair_rule_v2
состояние охраны;04.05.2025 16:19:47;1;0.0;1;unknown;weak_rule;conservative_pair_rule_v2
состояние охраны;05.05.2025 07:50:27;1;0.0;1;unknown;weak_rule;conservative_pair_rule_v2
состояние охраны;05.05.2025 08:41:18;1;0.0;1;unknown;weak_rule;conservative_pair_rule_v2
состояние охраны;05.05.2025 08:41:30;1;0.0;1;unknown;weak_rule;conservative_pair_rule_v2
состояние охраны;05.05.2025 14:56:54;1;0.0;1;unknown;weak_rule;conservative_pair_rule_v2
состояние охраны;05.05.2025 17:08:06;1;0.0;1;unknown;weak_rule;conservative_pair_rule_v2
состояние охраны;10.05.2025 14:00:30;1;0.0;1;unknown;weak_rule;conservative_pair_rule_v2
состояние охраны;10.05.2025 20:01:02;1;0.0;1;unknown;weak_rule;conservative_pair_rule_v2
состояние охраны;11.05.2025 08:05:42;1;0.0;1;unknown;weak_rule;conservative_pair_rule_v2
состояние охраны;15.05.2025 07:46:05;1;0.0;1;unknown;weak_rule;conservative_pair_rule_v2
состояние охраны;15.05.2025 07:46:31;1;0.0;1;unknown;weak_rule;conservative_pair_rule_v2
состояние охраны;15.05.2025 07:53:50;1;0.0;1;unknown;weak_rule;conservative_pair_rule_v2
состояние охраны;15.05.2025 08:03:35;1;0.0;1;unknown;weak_rule;conservative_pair_rule_v2
состояние охраны;15.05.2025 08:09:45;1;0.0;1;unknown;weak_rule;conservative_pair_rule_v2
состояние охраны;15.05.2025 16:10:43;1;0.0;1;unknown;weak_rule;conservative_pair_rule_v2
состояние охраны;15.05.2025 18:10:10;1;0.0;1;unknown;weak_rule;conservative_pair_rule_v2
состояние охраны;15.05.2025 19:02:04;1;0.0;1;unknown;weak_rule;conservative_pair_rule_v2
состояние охраны;17.05.2025 08:00:19;1;0.0;1;unknown;weak_rule;conservative_pair_rule_v2
состояние охраны;18.05.2025 08:00:57;1;0.0;1;unknown;weak_rule;conservative_pair_rule_v2
состояние охраны;25.05.2025 04:05:06;1;0.0;1;unknown;weak_rule;conservative_pair_rule_v2
состояние охраны;25.05.2025 04:05:38;1;0.0;1;unknown;weak_rule;conservative_pair_rule_v2
состояние охраны;25.05.2025 13:14:39;1;0.0;1;unknown;weak_rule;conservative_pair_rule_v2
состояние охраны;25.05.2025 14:10:21;1;0.0;1;unknown;weak_rule;conservative_pair_rule_v2
состояние охраны;25.05.2025 23:00:08;1;0.0;1;unknown;weak_rule;conservative_pair_rule_v2
состояние охраны;25.05.2025 23:03:44;1;0.0;1;unknown;weak_rule;conservative_pair_rule_v2
состояние охраны;26.05.2025 08:00:20;1;0.0;1;unknown;weak_rule;conservative_pair_rule_v2
состояние охраны;29.05.2025 07:21:04;1;0.0;1;unknown;weak_rule;conservative_pair_rule_v2
состояние охраны;29.05.2025 07:49:01;1;0.0;1;unknown;weak_rule;conservative_pair_rule_v2
состояние охраны;29.05.2025 14:54:11;1;0.0;1;unknown;weak_rule;conservative_pair_rule_v2
состояние охраны;29.05.2025 14:54:53;1;0.0;1;unknown;weak_rule;conservative_pair_rule_v2
состояние охраны;29.05.2025 14:56:57;1;0.0;1;unknown;weak_rule;conservative_pair_rule_v2
состояние охраны;29.05.2025 16:47:07;1;0.0;1;unknown;weak_rule;conservative_pair_rule_v2
состояние охраны;29.05.2025 20:55:00;1;0.0;1;unknown;weak_rule;conservative_pair_rule_v2
состояние охраны;29.05.2025 21:56:30;1;0.0;1;unknown;weak_rule;conservative_pair_rule_v2
состояние охраны;29.05.2025 21:57:16;1;0.0;1;unknown;weak_rule;conservative_pair_rule_v2
состояние охраны;29.05.2025 23:25:14;1;0.0;1;unknown;weak_rule;conservative_pair_rule_v2
состояние охраны;29.05.2025 23:25:19;1;0.0;1;unknown;weak_rule;conservative_pair_rule_v2
состояние охраны;02.06.2025 08:01:52;1;0.0;1;unknown;weak_rule;conservative_pair_rule_v2
состояние охраны;02.06.2025 16:49:45;1;0.0;1;unknown;weak_rule;conservative_pair_rule_v2
состояние охраны;02.06.2025 22:12:03;1;0.0;1;unknown;weak_rule;conservative_pair_rule_v2
состояние охраны;02.06.2025 23:23:21;1;0.0;1;unknown;weak_rule;conservative_pair_rule_v2
состояние охраны;06.06.2025 13:35:08;1;0.0;1;unknown;weak_rule;conservative_pair_rule_v2
состояние охраны;06.06.2025 16:24:52;1;0.0;1;unknown;weak_rule;conservative_pair_rule_v2
состояние охраны;07.06.2025 08:02:08;1;0.0;1;unknown;weak_rule;conservative_pair_rule_v2
состояние охраны;10.06.2025 07:56:40;1;0.0;1;unknown;weak_rule;conservative_pair_rule_v2
состояние охраны;10.06.2025 07:58:01;1;0.0;1;unknown;weak_rule;conservative_pair_rule_v2
состояние охраны;10.06.2025 16:57:38;1;0.0;1;unknown;weak_rule;conservative_pair_rule_v2
состояние охраны;10.06.2025 17:57:58;1;0.0;1;unknown;weak_rule;conservative_pair_rule_v2
состояние охраны;13.06.2025 07:53:49;1;0.0;1;unknown;weak_rule;conservative_pair_rule_v2
состояние охраны;18.06.2025 00:34:56;1;0.0;1;unknown;weak_rule;conservative_pair_rule_v2
состояние охраны;18.06.2025 02:59:16;1;0.0;1;unknown;weak_rule;conservative_pair_rule_v2
состояние охраны;18.06.2025 03:27:08;1;0.0;1;unknown;weak_rule;conservative_pair_rule_v2
состояние охраны;18.06.2025 03:54:22;1;0.0;1;unknown;weak_rule;conservative_pair_rule_v2
состояние охраны;18.06.2025 08:01:07;1;0.0;1;unknown;weak_rule;conservative_pair_rule_v2
состояние охраны;26.06.2025 01:02:50;1;0.0;1;unknown;weak_rule;conservative_pair_rule_v2
состояние охраны;26.06.2025 07:14:21;1;0.0;1;unknown;weak_rule;conservative_pair_rule_v2
состояние охраны;26.06.2025 07:33:14;1;0.0;1;unknown;weak_rule;conservative_pair_rule_v2
состояние охраны;26.06.2025 09:03:37;1;0.0;1;unknown;weak_rule;conservative_pair_rule_v2
состояние охраны;26.06.2025 13:04:32;1;0.0;1;unknown;weak_rule;conservative_pair_rule_v2
состояние охраны;26.06.2025 14:08:54;1;0.0;1;unknown;weak_rule;conservative_pair_rule_v2
состояние охраны;26.06.2025 16:19:20;1;0.0;1;unknown;weak_rule;conservative_pair_rule_v2
состояние охраны;26.06.2025 16:56:59;1;0.0;1;unknown;weak_rule;conservative_pair_rule_v2
состояние охраны;26.06.2025 20:09:09;1;0.0;1;unknown;weak_rule;conservative_pair_rule_v2
состояние охраны;01.07.2025 07:11:00;1;0.0;1;unknown;weak_rule;conservative_pair_rule_v2
состояние охраны;01.07.2025 07:27:49;1;0.0;1;unknown;weak_rule;conservative_pair_rule_v2
состояние охраны;01.07.2025 07:41:20;1;0.0;1;unknown;weak_rule;conservative_pair_rule_v2
состояние охраны;01.07.2025 07:57:39;1;0.0;1;unknown;weak_rule;conservative_pair_rule_v2
состояние охраны;01.07.2025 08:14:47;1;0.0;1;unknown;weak_rule;conservative_pair_rule_v2
состояние охраны;01.07.2025 08:14:49;1;0.0;1;unknown;weak_rule;conservative_pair_rule_v2
состояние охраны;01.07.2025 08:39:26;1;0.0;1;unknown;weak_rule;conservative_pair_rule_v2
состояние охраны;01.07.2025 15:53:53;1;0.0;1;unknown;weak_rule;conservative_pair_rule_v2
состояние охраны;01.07.2025 16:11:53;1;0.0;1;unknown;weak_rule;conservative_pair_rule_v2
состояние охраны;01.07.2025 16:42:07;1;0.0;1;unknown;weak_rule;conservative_pair_rule_v2
состояние охраны;01.07.2025 16:55:50;1;0.0;1;unknown;weak_rule;conservative_pair_rule_v2
состояние охраны;02.07.2025 16:45:34;1;0.0;1;unknown;weak_rule;conservative_pair_rule_v2
состояние охраны;02.07.2025 20:29:14;1;0.0;1;unknown;weak_rule;conservative_pair_rule_v2
состояние охраны;03.07.2025 07:57:59;1;0.0;1;unknown;weak_rule;conservative_pair_rule_v2
состояние охраны;03.07.2025 09:42:27;1;0.0;1;unknown;weak_rule;conservative_pair_rule_v2
состояние охраны;03.07.2025 13:50:18;1;0.0;1;unknown;weak_rule;conservative_pair_rule_v2
состояние охраны;10.07.2025 16:17:00;1;0.0;1;unknown;weak_rule;conservative_pair_rule_v2
состояние охраны;10.07.2025 16:40:33;1;0.0;1;unknown;weak_rule;conservative_pair_rule_v2
состояние охраны;10.07.2025 19:51:21;1;0.0;1;unknown;weak_rule;conservative_pair_rule_v2
состояние охраны;10.07.2025 20:02:34;1;0.0;1;unknown;weak_rule;conservative_pair_rule_v2
состояние охраны;10.07.2025 22:37:34;1;0.0;1;unknown;weak_rule;conservative_pair_rule_v2
состояние охраны;11.07.2025 06:34:54;1;0.0;1;unknown;weak_rule;conservative_pair_rule_v2
состояние охраны;13.07.2025 07:46:19;1;0.0;1;unknown;weak_rule;conservative_pair_rule_v2
состояние охраны;13.07.2025 14:01:12;1;0.0;1;unknown;weak_rule;conservative_pair_rule_v2
состояние охраны;17.07.2025 17:01:40;1;0.0;1;unknown;weak_rule;conservative_pair_rule_v2
состояние охраны;18.07.2025 07:46:22;1;0.0;1;unknown;weak_rule;conservative_pair_rule_v2
состояние охраны;18.07.2025 07:46:47;1;0.0;1;unknown;weak_rule;conservative_pair_rule_v2
состояние охраны;18.07.2025 08:01:37;1;0.0;1;unknown;weak_rule;conservative_pair_rule_v2
состояние охраны;18.07.2025 10:43:50;1;0.0;1;unknown;weak_rule;conservative_pair_rule_v2
состояние охраны;22.07.2025 16:01:36;1;0.0;1;unknown;weak_rule;conservative_pair_rule_v2
состояние фазы;35.3;1;0.0;1;unknown;weak_rule;conservative_pair_rule_v2
состояние охраны;22.07.2025 18:35:15;1;0.0;1;unknown;weak_rule;conservative_pair_rule_v2
состояние охраны;22.07.2025 19:03:48;1;0.0;1;unknown;weak_rule;conservative_pair_rule_v2
состояние охраны;22.07.2025 21:57:36;1;0.0;1;unknown;weak_rule;conservative_pair_rule_v2
состояние охраны;23.07.2025 00:30:15;1;0.0;1;unknown;weak_rule;conservative_pair_rule_v2
состояние охраны;24.07.2025 05:50:01;1;0.0;1;unknown;weak_rule;conservative_pair_rule_v2
состояние охраны;24.07.2025 08:06:09;1;0.0;1;unknown;weak_rule;conservative_pair_rule_v2
состояние охраны;24.07.2025 09:05:54;1;0.0;1;unknown;weak_rule;conservative_pair_rule_v2
состояние охраны;24.07.2025 09:38:24;1;0.0;1;unknown;weak_rule;conservative_pair_rule_v2
состояние охраны;24.07.2025 11:30:39;1;0.0;1;unknown;weak_rule;conservative_pair_rule_v2
состояние охраны;24.07.2025 12:38:24;1;0.0;1;unknown;weak_rule;conservative_pair_rule_v2
состояние охраны;24.07.2025 14:41:03;1;0.0;1;unknown;weak_rule;conservative_pair_rule_v2
состояние охраны;24.07.2025 15:18:00;1;0.0;1;unknown;weak_rule;conservative_pair_rule_v2
состояние охраны;24.07.2025 16:06:51;1;0.0;1;unknown;weak_rule;conservative_pair_rule_v2
состояние охраны;24.07.2025 16:45:23;1;0.0;1;unknown;weak_rule;conservative_pair_rule_v2
состояние охраны;24.07.2025 17:17:20;1;0.0;1;unknown;weak_rule;conservative_pair_rule_v2
состояние охраны;28.07.2025 05:15:15;1;0.0;1;unknown;weak_rule;conservative_pair_rule_v2
состояние охраны;28.07.2025 05:15:16;1;0.0;1;unknown;weak_rule;conservative_pair_rule_v2
состояние охраны;28.07.2025 07:33:13;1;0.0;1;unknown;weak_rule;conservative_pair_rule_v2
состояние охраны;28.07.2025 08:04:59;1;0.0;1;unknown;weak_rule;conservative_pair_rule_v2
состояние охраны;28.07.2025 08:06:28;1;0.0;1;unknown;weak_rule;conservative_pair_rule_v2
состояние охраны;28.07.2025 08:20:24;1;0.0;1;unknown;weak_rule;conservative_pair_rule_v2
состояние охраны;28.07.2025 09:20:48;1;0.0;1;unknown;weak_rule;conservative_pair_rule_v2
состояние охраны;28.07.2025 14:39:29;1;0.0;1;unknown;weak_rule;conservative_pair_rule_v2
состояние охраны;31.07.2025 14:09:30;1;0.0;1;unknown;weak_rule;conservative_pair_rule_v2
состояние охраны;31.07.2025 16:27:16;1;0.0;1;unknown;weak_rule;conservative_pair_rule_v2
состояние охраны;31.07.2025 16:27:49;1;0.0;1;unknown;weak_rule;conservative_pair_rule_v2
состояние охраны;31.07.2025 17:06:38;1;0.0;1;unknown;weak_rule;conservative_pair_rule_v2
состояние охраны;31.07.2025 17:40:29;1;0.0;1;unknown;weak_rule;conservative_pair_rule_v2
состояние охраны;31.07.2025 18:00:41;1;0.0;1;unknown;weak_rule;conservative_pair_rule_v2
состояние охраны;01.08.2025 06:19:58;1;0.0;1;unknown;weak_rule;conservative_pair_rule_v2
состояние охраны;01.08.2025 07:06:25;1;0.0;1;unknown;weak_rule;conservative_pair_rule_v2
состояние охраны;01.08.2025 07:17:32;1;0.0;1;unknown;weak_rule;conservative_pair_rule_v2
состояние охраны;01.08.2025 08:40:17;1;0.0;1;unknown;weak_rule;conservative_pair_rule_v2
состояние охраны;01.08.2025 09:29:36;1;0.0;1;unknown;weak_rule;conservative_pair_rule_v2
состояние охраны;04.08.2025 13:05:16;1;0.0;1;unknown;weak_rule;conservative_pair_rule_v2
состояние охраны;04.08.2025 14:07:14;1;0.0;1;unknown;weak_rule;conservative_pair_rule_v2
состояние охраны;04.08.2025 16:54:01;1;0.0;1;unknown;weak_rule;conservative_pair_rule_v2
состояние охраны;04.08.2025 18:40:54;1;0.0;1;unknown;weak_rule;conservative_pair_rule_v2
состояние охраны;04.08.2025 19:35:27;1;0.0;1;unknown;weak_rule;conservative_pair_rule_v2
состояние охраны;05.08.2025 01:17:38;1;0.0;1;unknown;weak_rule;conservative_pair_rule_v2
состояние охраны;08.08.2025 15:08:28;1;0.0;1;unknown;weak_rule;conservative_pair_rule_v2
состояние охраны;08.08.2025 15:37:10;1;0.0;1;unknown;weak_rule;conservative_pair_rule_v2
состояние охраны;08.08.2025 17:00:22;1;0.0;1;unknown;weak_rule;conservative_pair_rule_v2
состояние охраны;09.08.2025 07:25:55;1;0.0;1;unknown;weak_rule;conservative_pair_rule_v2
состояние охраны;09.08.2025 07:56:00;1;0.0;1;unknown;weak_rule;conservative_pair_rule_v2
состояние охраны;13.08.2025 07:53:03;1;0.0;1;unknown;weak_rule;conservative_pair_rule_v2
состояние охраны;13.08.2025 08:01:00;1;0.0;1;unknown;weak_rule;conservative_pair_rule_v2
состояние охраны;13.08.2025 09:26:19;1;0.0;1;unknown;weak_rule;conservative_pair_rule_v2
состояние охраны;13.08.2025 17:47:30;1;0.0;1;unknown;weak_rule;conservative_pair_rule_v2
состояние охраны;13.08.2025 18:21:20;1;0.0;1;unknown;weak_rule;conservative_pair_rule_v2
состояние охраны;13.08.2025 18:41:04;1;0.0;1;unknown;weak_rule;conservative_pair_rule_v2
состояние охраны;14.08.2025 08:15:17;1;0.0;1;unknown;weak_rule;conservative_pair_rule_v2
состояние охраны;14.08.2025 15:38:09;1;0.0;1;unknown;weak_rule;conservative_pair_rule_v2
состояние охраны;14.08.2025 17:27:41;1;0.0;1;unknown;weak_rule;conservative_pair_rule_v2
состояние охраны;15.08.2025 08:00:09;1;0.0;1;unknown;weak_rule;conservative_pair_rule_v2
состояние охраны;15.08.2025 08:00:44;1;0.0;1;unknown;weak_rule;conservative_pair_rule_v2
состояние охраны;15.08.2025 08:04:58;1;0.0;1;unknown;weak_rule;conservative_pair_rule_v2
состояние охраны;18.08.2025 09:46:03;1;0.0;1;unknown;weak_rule;conservative_pair_rule_v2
состояние охраны;18.08.2025 16:25:03;1;0.0;1;unknown;weak_rule;conservative_pair_rule_v2
состояние охраны;18.08.2025 16:41:05;1;0.0;1;unknown;weak_rule;conservative_pair_rule_v2
состояние охраны;18.08.2025 22:29:56;1;0.0;1;unknown;weak_rule;conservative_pair_rule_v2
состояние охраны;22.08.2025 07:28:56;1;0.0;1;unknown;weak_rule;conservative_pair_rule_v2
состояние охраны;22.08.2025 08:44:30;1;0.0;1;unknown;weak_rule;conservative_pair_rule_v2
состояние охраны;22.08.2025 14:46:44;1;0.0;1;unknown;weak_rule;conservative_pair_rule_v2
состояние охраны;22.08.2025 16:30:35;1;0.0;1;unknown;weak_rule;conservative_pair_rule_v2
состояние охраны;22.08.2025 16:36:52;1;0.0;1;unknown;weak_rule;conservative_pair_rule_v2
состояние охраны;25.08.2025 07:15:18;1;0.0;1;unknown;weak_rule;conservative_pair_rule_v2
состояние охраны;25.08.2025 07:38:41;1;0.0;1;unknown;weak_rule;conservative_pair_rule_v2
состояние охраны;25.08.2025 07:56:28;1;0.0;1;unknown;weak_rule;conservative_pair_rule_v2
состояние охраны;25.08.2025 08:01:49;1;0.0;1;unknown;weak_rule;conservative_pair_rule_v2
состояние охраны;25.08.2025 10:16:06;1;0.0;1;unknown;weak_rule;conservative_pair_rule_v2
состояние охраны;25.08.2025 15:40:22;1;0.0;1;unknown;weak_rule;conservative_pair_rule_v2
состояние охраны;25.08.2025 16:56:06;1;0.0;1;unknown;weak_rule;conservative_pair_rule_v2
состояние охраны;25.08.2025 17:00:12;1;0.0;1;unknown;weak_rule;conservative_pair_rule_v2
состояние охраны;28.08.2025 07:39:53;1;0.0;1;unknown;weak_rule;conservative_pair_rule_v2
состояние охраны;28.08.2025 13:45:31;1;0.0;1;unknown;weak_rule;conservative_pair_rule_v2
состояние охраны;31.08.2025 07:46:37;1;0.0;1;unknown;weak_rule;conservative_pair_rule_v2
состояние охраны;31.08.2025 07:58:20;1;0.0;1;unknown;weak_rule;conservative_pair_rule_v2
состояние охраны;31.08.2025 08:37:34;1;0.0;1;unknown;weak_rule;conservative_pair_rule_v2
состояние охраны;31.08.2025 20:03:58;1;0.0;1;unknown;weak_rule;conservative_pair_rule_v2
состояние охраны;03.09.2025 20:59:57;1;0.0;1;unknown;weak_rule;conservative_pair_rule_v2
состояние охраны;04.09.2025 07:54:10;1;0.0;1;unknown;weak_rule;conservative_pair_rule_v2
состояние охраны;04.09.2025 08:09:03;1;0.0;1;unknown;weak_rule;conservative_pair_rule_v2
состояние охраны;04.09.2025 08:11:57;1;0.0;1;unknown;weak_rule;conservative_pair_rule_v2
состояние охраны;04.09.2025 08:52:51;1;0.0;1;unknown;weak_rule;conservative_pair_rule_v2
состояние охраны;07.09.2025 08:30:49;1;0.0;1;unknown;weak_rule;conservative_pair_rule_v2
состояние охраны;08.09.2025 08:46:01;1;0.0;1;unknown;weak_rule;conservative_pair_rule_v2
состояние охраны;10.09.2025 16:04:57;1;0.0;1;unknown;weak_rule;conservative_pair_rule_v2
состояние охраны;10.09.2025 16:44:23;1;0.0;1;unknown;weak_rule;conservative_pair_rule_v2
состояние охраны;10.09.2025 17:02:04;1;0.0;1;unknown;weak_rule;conservative_pair_rule_v2
состояние охраны;02.01.2025 14:03:26;1;0.0;1;unknown;weak_rule;conservative_pair_rule_v2
состояние охраны;02.01.2025 19:07:01;1;0.0;1;unknown;weak_rule;conservative_pair_rule_v2
состояние охраны;03.01.2025 07:54:18;1;0.0;1;unknown;weak_rule;conservative_pair_rule_v2
состояние охраны;03.01.2025 07:59:33;1;0.0;1;unknown;weak_rule;conservative_pair_rule_v2
состояние охраны;03.01.2025 08:44:51;1;0.0;1;unknown;weak_rule;conservative_pair_rule_v2
состояние охраны;03.01.2025 13:29:28;1;0.0;1;unknown;weak_rule;conservative_pair_rule_v2
состояние охраны;10.01.2025 07:53:16;1;0.0;1;unknown;weak_rule;conservative_pair_rule_v2
состояние охраны;10.01.2025 10:10:36;1;0.0;1;unknown;weak_rule;conservative_pair_rule_v2
состояние охраны;10.01.2025 15:58:52;1;0.0;1;unknown;weak_rule;conservative_pair_rule_v2
состояние охраны;10.01.2025 20:01:38;1;0.0;1;unknown;weak_rule;conservative_pair_rule_v2
состояние охраны;14.01.2025 14:01:43;1;0.0;1;unknown;weak_rule;conservative_pair_rule_v2
состояние охраны;17.01.2025 23:54:02;1;0.0;1;unknown;weak_rule;conservative_pair_rule_v2
состояние охраны;18.01.2025 00:24:54;1;0.0;1;unknown;weak_rule;conservative_pair_rule_v2
состояние охраны;18.01.2025 04:08:35;1;0.0;1;unknown;weak_rule;conservative_pair_rule_v2
состояние охраны;18.01.2025 11:56:46;1;0.0;1;unknown;weak_rule;conservative_pair_rule_v2
состояние охраны;18.01.2025 13:24:37;1;0.0;1;unknown;weak_rule;conservative_pair_rule_v2
состояние охраны;18.01.2025 14:51:33;1;0.0;1;unknown;weak_rule;conservative_pair_rule_v2
состояние охраны;18.01.2025 21:01:01;1;0.0;1;unknown;weak_rule;conservative_pair_rule_v2
состояние охраны;18.01.2025 21:42:54;1;0.0;1;unknown;weak_rule;conservative_pair_rule_v2
состояние охраны;18.01.2025 22:13:37;1;0.0;1;unknown;weak_rule;conservative_pair_rule_v2
состояние охраны;22.01.2025 20:06:21;1;0.0;1;unknown;weak_rule;conservative_pair_rule_v2
состояние охраны;22.01.2025 21:53:00;1;0.0;1;unknown;weak_rule;conservative_pair_rule_v2
состояние охраны;22.01.2025 22:21:58;1;0.0;1;unknown;weak_rule;conservative_pair_rule_v2
состояние охраны;23.01.2025 17:01:53;1;0.0;1;unknown;weak_rule;conservative_pair_rule_v2
состояние охраны;23.01.2025 17:28:25;1;0.0;1;unknown;weak_rule;conservative_pair_rule_v2
состояние охраны;23.01.2025 18:02:42;1;0.0;1;unknown;weak_rule;conservative_pair_rule_v2
состояние охраны;24.01.2025 23:09:58;1;0.0;1;unknown;weak_rule;conservative_pair_rule_v2
состояние охраны;30.01.2025 10:32:18;1;0.0;1;unknown;weak_rule;conservative_pair_rule_v2
состояние охраны;30.01.2025 13:23:07;1;0.0;1;unknown;weak_rule;conservative_pair_rule_v2
состояние охраны;30.01.2025 14:24:19;1;0.0;1;unknown;weak_rule;conservative_pair_rule_v2
состояние охраны;30.01.2025 16:40:07;1;0.0;1;unknown;weak_rule;conservative_pair_rule_v2
состояние охраны;31.01.2025 08:55:19;1;0.0;1;unknown;weak_rule;conservative_pair_rule_v2
состояние охраны;31.01.2025 09:12:27;1;0.0;1;unknown;weak_rule;conservative_pair_rule_v2
состояние охраны;05.02.2025 03:32:11;1;0.0;1;unknown;weak_rule;conservative_pair_rule_v2
состояние охраны;05.02.2025 08:47:14;1;0.0;1;unknown;weak_rule;conservative_pair_rule_v2
состояние охраны;05.02.2025 08:53:26;1;0.0;1;unknown;weak_rule;conservative_pair_rule_v2
состояние охраны;05.02.2025 08:54:45;1;0.0;1;unknown;weak_rule;conservative_pair_rule_v2
состояние охраны;05.02.2025 13:21:07;1;0.0;1;unknown;weak_rule;conservative_pair_rule_v2
состояние охраны;09.02.2025 07:23:15;1;0.0;1;unknown;weak_rule;conservative_pair_rule_v2
состояние охраны;09.02.2025 10:33:05;1;0.0;1;unknown;weak_rule;conservative_pair_rule_v2
состояние охраны;09.02.2025 20:31:40;1;0.0;1;unknown;weak_rule;conservative_pair_rule_v2
состояние охраны;10.02.2025 00:04:21;1;0.0;1;unknown;weak_rule;conservative_pair_rule_v2
состояние охраны;10.02.2025 07:51:43;1;0.0;1;unknown;weak_rule;conservative_pair_rule_v2
состояние охраны;10.02.2025 08:41:05;1;0.0;1;unknown;weak_rule;conservative_pair_rule_v2
состояние охраны;10.02.2025 08:44:21;1;0.0;1;unknown;weak_rule;conservative_pair_rule_v2
состояние охраны;10.02.2025 10:24:19;1;0.0;1;unknown;weak_rule;conservative_pair_rule_v2
состояние охраны;10.02.2025 10:24:25;1;0.0;1;unknown;weak_rule;conservative_pair_rule_v2
состояние охраны;11.02.2025 11:26:09;1;0.0;1;unknown;weak_rule;conservative_pair_rule_v2
состояние охраны;12.02.2025 06:01:51;1;0.0;1;unknown;weak_rule;conservative_pair_rule_v2
состояние охраны;12.02.2025 07:14:17;1;0.0;1;unknown;weak_rule;conservative_pair_rule_v2
состояние охраны;12.02.2025 07:43:46;1;0.0;1;unknown;weak_rule;conservative_pair_rule_v2
состояние охраны;12.02.2025 07:51:56;1;0.0;1;unknown;weak_rule;conservative_pair_rule_v2
состояние охраны;12.02.2025 08:35:45;1;0.0;1;unknown;weak_rule;conservative_pair_rule_v2
состояние охраны;12.02.2025 08:51:22;1;0.0;1;unknown;weak_rule;conservative_pair_rule_v2
состояние охраны;14.02.2025 12:23:45;1;0.0;1;unknown;weak_rule;conservative_pair_rule_v2
состояние охраны;14.02.2025 13:10:13;1;0.0;1;unknown;weak_rule;conservative_pair_rule_v2
состояние охраны;14.02.2025 16:05:12;1;0.0;1;unknown;weak_rule;conservative_pair_rule_v2
состояние охраны;14.02.2025 17:53:11;1;0.0;1;unknown;weak_rule;conservative_pair_rule_v2
состояние охраны;14.02.2025 19:39:51;1;0.0;1;unknown;weak_rule;conservative_pair_rule_v2
состояние охраны;14.02.2025 20:32:46;1;0.0;1;unknown;weak_rule;conservative_pair_rule_v2
состояние охраны;15.02.2025 14:32:44;1;0.0;1;unknown;weak_rule;conservative_pair_rule_v2
состояние охраны;15.02.2025 16:14:51;1;0.0;1;unknown;weak_rule;conservative_pair_rule_v2
состояние охраны;15.02.2025 16:45:49;1;0.0;1;unknown;weak_rule;conservative_pair_rule_v2
состояние охраны;21.02.2025 17:03:50;1;0.0;1;unknown;weak_rule;conservative_pair_rule_v2
состояние охраны;22.02.2025 07:31:34;1;0.0;1;unknown;weak_rule;conservative_pair_rule_v2
состояние охраны;22.02.2025 07:56:49;1;0.0;1;unknown;weak_rule;conservative_pair_rule_v2
состояние охраны;22.02.2025 13:56:24;1;0.0;1;unknown;weak_rule;conservative_pair_rule_v2
состояние охраны;26.02.2025 08:37:36;1;0.0;1;unknown;weak_rule;conservative_pair_rule_v2
состояние охраны;26.02.2025 08:37:40;1;0.0;1;unknown;weak_rule;conservative_pair_rule_v2
состояние охраны;26.02.2025 08:47:12;1;0.0;1;unknown;weak_rule;conservative_pair_rule_v2
состояние охраны;26.02.2025 10:02:21;1;0.0;1;unknown;weak_rule;conservative_pair_rule_v2
состояние охраны;26.02.2025 10:17:45;1;0.0;1;unknown;weak_rule;conservative_pair_rule_v2
газовый датчик;2.64;1;0.0;1;unknown;weak_rule;conservative_pair_rule_v2
газовый датчик;2.54;1;0.0;1;unknown;weak_rule;conservative_pair_rule_v2
газовый датчик;3.49;1;0.0;1;unknown;weak_rule;conservative_pair_rule_v2
газовый датчик;4.06;1;0.0;1;unknown;weak_rule;conservative_pair_rule_v2
газовый датчик;4.66;1;0.0;1;unknown;weak_rule;conservative_pair_rule_v2
газовый датчик;5.47;1;0.0;1;unknown;weak_rule;conservative_pair_rule_v2
газовый датчик;6.12;1;0.0;1;unknown;weak_rule;conservative_pair_rule_v2
газовый датчик;6.65;1;0.0;1;unknown;weak_rule;conservative_pair_rule_v2
газовый датчик;8.45;1;0.0;1;unknown;weak_rule;conservative_pair_rule_v2
газовый датчик;9.51;1;0.0;1;unknown;weak_rule;conservative_pair_rule_v2
газовый датчик;11.03;1;0.0;1;unknown;weak_rule;conservative_pair_rule_v2
газовый датчик;13.50;1;0.0;1;unknown;weak_rule;conservative_pair_rule_v2
газовый датчик;15.57;1;0.0;1;unknown;weak_rule;conservative_pair_rule_v2
газовый датчик;15.49;1;0.0;1;unknown;weak_rule;conservative_pair_rule_v2
газовый датчик;18.12;1;0.0;1;unknown;weak_rule;conservative_pair_rule_v2
газовый датчик;19.33;1;0.0;1;unknown;weak_rule;conservative_pair_rule_v2
газовый датчик;18.74;1;0.0;1;unknown;weak_rule;conservative_pair_rule_v2
газовый датчик;26.48;1;0.0;1;unknown;weak_rule;conservative_pair_rule_v2
газовый датчик;25.85;1;0.0;1;unknown;weak_rule;conservative_pair_rule_v2
газовый датчик;10.70;1;0.0;1;unknown;weak_rule;conservative_pair_rule_v2
газовый датчик;13.68;1;0.0;1;unknown;weak_rule;conservative_pair_rule_v2
газовый датчик;13.14;1;0.0;1;unknown;weak_rule;conservative_pair_rule_v2
газовый датчик;13.48;1;0.0;1;unknown;weak_rule;conservative_pair_rule_v2
газовый датчик;11.92;1;0.0;1;unknown;weak_rule;conservative_pair_rule_v2
газовый датчик;15.20;1;0.0;1;unknown;weak_rule;conservative_pair_rule_v2
газовый датчик;14.07;1;0.0;1;unknown;weak_rule;conservative_pair_rule_v2
газовый датчик;13.01;1;0.0;1;unknown;weak_rule;conservative_pair_rule_v2
газовый датчик;17.54;1;0.0;1;unknown;weak_rule;conservative_pair_rule_v2
газовый датчик;16.02;1;0.0;1;unknown;weak_rule;conservative_pair_rule_v2
газовый датчик;18.72;1;0.0;1;unknown;weak_rule;conservative_pair_rule_v2
газовый датчик;16.64;1;0.0;1;unknown;weak_rule;conservative_pair_rule_v2
газовый датчик;16.79;1;0.0;1;unknown;weak_rule;conservative_pair_rule_v2
газовый датчик;19.75;1;0.0;1;unknown;weak_rule;conservative_pair_rule_v2
газовый датчик;19.47;1;0.0;1;unknown;weak_rule;conservative_pair_rule_v2
газовый датчик;18.88;1;0.0;1;unknown;weak_rule;conservative_pair_rule_v2
газовый датчик;20.11;1;0.0;1;unknown;weak_rule;conservative_pair_rule_v2
газовый датчик;18.08;1;0.0;1;unknown;weak_rule;conservative_pair_rule_v2
газовый датчик;30.32;1;0.0;1;unknown;weak_rule;conservative_pair_rule_v2
газовый датчик;25.81;1;0.0;1;unknown;weak_rule;conservative_pair_rule_v2
газовый датчик;23.13;1;0.0;1;unknown;weak_rule;conservative_pair_rule_v2
газовый датчик;28.98;1;0.0;1;unknown;weak_rule;conservative_pair_rule_v2
газовый датчик;26.60;1;0.0;1;unknown;weak_rule;conservative_pair_rule_v2
газовый датчик;32.03;1;0.0;1;unknown;weak_rule;conservative_pair_rule_v2
газовый датчик;28.70;1;0.0;1;unknown;weak_rule;conservative_pair_rule_v2
газовый датчик;27.99;1;0.0;1;unknown;weak_rule;conservative_pair_rule_v2
газовый датчик;27.49;1;0.0;1;unknown;weak_rule;conservative_pair_rule_v2
газовый датчик;29.26;1;0.0;1;unknown;weak_rule;conservative_pair_rule_v2
газовый датчик;24.41;1;0.0;1;unknown;weak_rule;conservative_pair_rule_v2
газовый датчик;30.69;1;0.0;1;unknown;weak_rule;conservative_pair_rule_v2
газовый датчик;40.86;1;0.0;1;unknown;weak_rule;conservative_pair_rule_v2
газовый датчик;40.43;1;0.0;1;unknown;weak_rule;conservative_pair_rule_v2
газовый датчик;48.52;1;0.0;1;unknown;weak_rule;conservative_pair_rule_v2
газовый датчик;45.22;1;0.0;1;unknown;weak_rule;conservative_pair_rule_v2
газовый датчик;38.72;1;0.0;1;unknown;weak_rule;conservative_pair_rule_v2
газовый датчик;34.53;1;0.0;1;unknown;weak_rule;conservative_pair_rule_v2
газовый датчик;42.52;1;0.0;1;unknown;weak_rule;conservative_pair_rule_v2
газовый датчик;35.11;1;0.0;1;unknown;weak_rule;conservative_pair_rule_v2
газовый датчик;35.87;1;0.0;1;unknown;weak_rule;conservative_pair_rule_v2
газовый датчик;38.25;1;0.0;1;unknown;weak_rule;conservative_pair_rule_v2
газовый датчик;28.78;1;0.0;1;unknown;weak_rule;conservative_pair_rule_v2
газовый датчик;38.91;1;0.0;1;unknown;weak_rule;conservative_pair_rule_v2
газовый датчик;51.18;1;0.0;1;unknown;weak_rule;conservative_pair_rule_v2
газовый датчик;42.86;1;0.0;1;unknown;weak_rule;conservative_pair_rule_v2
газовый датчик;42.91;1;0.0;1;unknown;weak_rule;conservative_pair_rule_v2
газовый датчик;37.51;1;0.0;1;unknown;weak_rule;conservative_pair_rule_v2
газовый датчик;46.08;1;0.0;1;unknown;weak_rule;conservative_pair_rule_v2
газовый датчик;33.53;1;0.0;1;unknown;weak_rule;conservative_pair_rule_v2
газовый датчик;40.47;1;0.0;1;unknown;weak_rule;conservative_pair_rule_v2
газовый датчик;52.70;1;0.0;1;unknown;weak_rule;conservative_pair_rule_v2
газовый датчик;44.61;1;0.0;1;unknown;weak_rule;conservative_pair_rule_v2
газовый датчик;50.00;1;0.0;1;unknown;weak_rule;conservative_pair_rule_v2
газовый датчик;59.90;1;0.0;1;unknown;weak_rule;conservative_pair_rule_v2
газовый датчик;39.66;1;0.0;1;unknown;weak_rule;conservative_pair_rule_v2
газовый датчик;48.10;1;0.0;1;unknown;weak_rule;conservative_pair_rule_v2
газовый датчик;36.46;1;0.0;1;unknown;weak_rule;conservative_pair_rule_v2
газовый датчик;34.27;1;0.0;1;unknown;weak_rule;conservative_pair_rule_v2
газовый датчик;49.90;1;0.0;1;unknown;weak_rule;conservative_pair_rule_v2
газовый датчик;51.61;1;0.0;1;unknown;weak_rule;conservative_pair_rule_v2
газовый датчик;41.44;1;0.0;1;unknown;weak_rule;conservative_pair_rule_v2
газовый датчик;48.57;1;0.0;1;unknown;weak_rule;conservative_pair_rule_v2
газовый датчик;47.48;1;0.0;1;unknown;weak_rule;conservative_pair_rule_v2
газовый датчик;45.47;1;0.0;1;unknown;weak_rule;conservative_pair_rule_v2
газовый датчик;53.52;1;0.0;1;unknown;weak_rule;conservative_pair_rule_v2
газовый датчик;51.78;1;0.0;1;unknown;weak_rule;conservative_pair_rule_v2
газовый датчик;42.61;1;0.0;1;unknown;weak_rule;conservative_pair_rule_v2
газовый датчик;41.39;1;0.0;1;unknown;weak_rule;conservative_pair_rule_v2
газовый датчик;52.54;1;0.0;1;unknown;weak_rule;conservative_pair_rule_v2
газовый датчик;50.75;1;0.0;1;unknown;weak_rule;conservative_pair_rule_v2
газовый датчик;46.60;1;0.0;1;unknown;weak_rule;conservative_pair_rule_v2
газовый датчик;49.31;1;0.0;1;unknown;weak_rule;conservative_pair_rule_v2
газовый датчик;47.32;1;0.0;1;unknown;weak_rule;conservative_pair_rule_v2
газовый датчик;50.43;1;0.0;1;unknown;weak_rule;conservative_pair_rule_v2
газовый датчик;57.27;1;0.0;1;unknown;weak_rule;conservative_pair_rule_v2
газовый датчик;40.28;1;0.0;1;unknown;weak_rule;conservative_pair_rule_v2
газовый датчик;45.93;1;0.0;1;unknown;weak_rule;conservative_pair_rule_v2
состояние охраны;26.02.2025 15:58:17;1;0.0;1;unknown;weak_rule;conservative_pair_rule_v2
состояние охраны;26.02.2025 16:26:11;1;0.0;1;unknown;weak_rule;conservative_pair_rule_v2
состояние охраны;26.02.2025 20:02:15;1;0.0;1;unknown;weak_rule;conservative_pair_rule_v2
состояние охраны;26.02.2025 20:02:18;1;0.0;1;unknown;weak_rule;conservative_pair_rule_v2
состояние охраны;27.02.2025 07:55:21;1;0.0;1;unknown;weak_rule;conservative_pair_rule_v2
состояние охраны;27.02.2025 07:56:26;1;0.0;1;unknown;weak_rule;conservative_pair_rule_v2
состояние охраны;27.02.2025 08:11:35;1;0.0;1;unknown;weak_rule;conservative_pair_rule_v2
состояние охраны;01.03.2025 11:31:53;1;0.0;1;unknown;weak_rule;conservative_pair_rule_v2
состояние охраны;01.03.2025 12:19:57;1;0.0;1;unknown;weak_rule;conservative_pair_rule_v2
состояние охраны;01.03.2025 12:52:55;1;0.0;1;unknown;weak_rule;conservative_pair_rule_v2
состояние охраны;02.03.2025 07:48:56;1;0.0;1;unknown;weak_rule;conservative_pair_rule_v2
состояние охраны;02.03.2025 19:10:07;1;0.0;1;unknown;weak_rule;conservative_pair_rule_v2
состояние охраны;07.03.2025 07:03:01;1;0.0;1;unknown;weak_rule;conservative_pair_rule_v2
состояние охраны;07.03.2025 08:15:04;1;0.0;1;unknown;weak_rule;conservative_pair_rule_v2
состояние охраны;07.03.2025 08:24:15;1;0.0;1;unknown;weak_rule;conservative_pair_rule_v2
состояние охраны;09.03.2025 20:03:02;1;0.0;1;unknown;weak_rule;conservative_pair_rule_v2
состояние охраны;10.03.2025 07:12:36;1;0.0;1;unknown;weak_rule;conservative_pair_rule_v2
состояние охраны;10.03.2025 08:22:31;1;0.0;1;unknown;weak_rule;conservative_pair_rule_v2
состояние охраны;10.03.2025 08:22:34;1;0.0;1;unknown;weak_rule;conservative_pair_rule_v2
состояние охраны;10.03.2025 08:34:05;1;0.0;1;unknown;weak_rule;conservative_pair_rule_v2
состояние охраны;10.03.2025 13:31:42;1;0.0;1;unknown;weak_rule;conservative_pair_rule_v2
состояние охраны;10.03.2025 17:00:58;1;0.0;1;unknown;weak_rule;conservative_pair_rule_v2
состояние охраны;10.03.2025 18:11:43;1;0.0;1;unknown;weak_rule;conservative_pair_rule_v2
состояние охраны;17.03.2025 08:00:35;1;0.0;1;unknown;weak_rule;conservative_pair_rule_v2
состояние охраны;17.03.2025 11:25:48;1;0.0;1;unknown;weak_rule;conservative_pair_rule_v2
состояние охраны;17.03.2025 14:12:03;1;0.0;1;unknown;weak_rule;conservative_pair_rule_v2
состояние охраны;17.03.2025 16:26:36;1;0.0;1;unknown;weak_rule;conservative_pair_rule_v2
состояние охраны;19.03.2025 07:50:24;1;0.0;1;unknown;weak_rule;conservative_pair_rule_v2
состояние охраны;19.03.2025 09:04:20;1;0.0;1;unknown;weak_rule;conservative_pair_rule_v2
состояние охраны;19.03.2025 11:08:48;1;0.0;1;unknown;weak_rule;conservative_pair_rule_v2
состояние охраны;19.03.2025 11:16:28;1;0.0;1;unknown;weak_rule;conservative_pair_rule_v2
состояние охраны;26.03.2025 15:27:48;1;0.0;1;unknown;weak_rule;conservative_pair_rule_v2
состояние охраны;26.03.2025 16:42:02;1;0.0;1;unknown;weak_rule;conservative_pair_rule_v2
состояние охраны;26.03.2025 18:49:48;1;0.0;1;unknown;weak_rule;conservative_pair_rule_v2
состояние охраны;26.03.2025 20:07:52;1;0.0;1;unknown;weak_rule;conservative_pair_rule_v2
состояние охраны;27.03.2025 07:40:43;1;0.0;1;unknown;weak_rule;conservative_pair_rule_v2
состояние охраны;27.03.2025 08:02:16;1;0.0;1;unknown;weak_rule;conservative_pair_rule_v2
состояние охраны;27.03.2025 08:03:12;1;0.0;1;unknown;weak_rule;conservative_pair_rule_v2
состояние охраны;27.03.2025 08:30:33;1;0.0;1;unknown;weak_rule;conservative_pair_rule_v2
состояние охраны;27.03.2025 08:50:09;1;0.0;1;unknown;weak_rule;conservative_pair_rule_v2
состояние охраны;27.03.2025 11:57:56;1;0.0;1;unknown;weak_rule;conservative_pair_rule_v2
состояние охраны;27.03.2025 11:58:22;1;0.0;1;unknown;weak_rule;conservative_pair_rule_v2
состояние охраны;27.03.2025 12:31:09;1;0.0;1;unknown;weak_rule;conservative_pair_rule_v2
состояние охраны;28.03.2025 22:00:25;1;0.0;1;unknown;weak_rule;conservative_pair_rule_v2
состояние охраны;28.03.2025 22:39:15;1;0.0;1;unknown;weak_rule;conservative_pair_rule_v2
состояние охраны;28.03.2025 23:10:49;1;0.0;1;unknown;weak_rule;conservative_pair_rule_v2
состояние охраны;28.03.2025 23:15:35;1;0.0;1;unknown;weak_rule;conservative_pair_rule_v2
состояние охраны;29.03.2025 08:01:58;1;0.0;1;unknown;weak_rule;conservative_pair_rule_v2
состояние охраны;29.03.2025 20:03:05;1;0.0;1;unknown;weak_rule;conservative_pair_rule_v2
состояние охраны;04.04.2025 08:02:24;1;0.0;1;unknown;weak_rule;conservative_pair_rule_v2
состояние охраны;04.04.2025 08:02:53;1;0.0;1;unknown;weak_rule;conservative_pair_rule_v2
состояние охраны;04.04.2025 08:34:26;1;0.0;1;unknown;weak_rule;conservative_pair_rule_v2
состояние охраны;04.04.2025 19:49:41;1;0.0;1;unknown;weak_rule;conservative_pair_rule_v2
состояние охраны;04.04.2025 22:57:24;1;0.0;1;unknown;weak_rule;conservative_pair_rule_v2
состояние охраны;07.04.2025 20:13:17;1;0.0;1;unknown;weak_rule;conservative_pair_rule_v2
состояние охраны;08.04.2025 07:50:10;1;0.0;1;unknown;weak_rule;conservative_pair_rule_v2
состояние охраны;08.04.2025 07:58:47;1;0.0;1;unknown;weak_rule;conservative_pair_rule_v2
состояние охраны;08.04.2025 13:41:27;1;0.0;1;unknown;weak_rule;conservative_pair_rule_v2
состояние охраны;12.04.2025 20:06:05;1;0.0;1;unknown;weak_rule;conservative_pair_rule_v2
состояние охраны;13.04.2025 08:30:41;1;0.0;1;unknown;weak_rule;conservative_pair_rule_v2
состояние охраны;13.04.2025 08:31:22;1;0.0;1;unknown;weak_rule;conservative_pair_rule_v2
состояние охраны;18.04.2025 14:34:18;1;0.0;1;unknown;weak_rule;conservative_pair_rule_v2
состояние охраны;19.04.2025 07:59:02;1;0.0;1;unknown;weak_rule;conservative_pair_rule_v2
состояние охраны;19.04.2025 09:38:39;1;0.0;1;unknown;weak_rule;conservative_pair_rule_v2
состояние охраны;19.04.2025 10:09:27;1;0.0;1;unknown;weak_rule;conservative_pair_rule_v2
состояние охраны;23.04.2025 07:55:20;1;0.0;1;unknown;weak_rule;conservative_pair_rule_v2
состояние охраны;23.04.2025 16:59:54;1;0.0;1;unknown;weak_rule;conservative_pair_rule_v2
состояние охраны;30.04.2025 14:19:39;1;0.0;1;unknown;weak_rule;conservative_pair_rule_v2
состояние охраны;30.04.2025 15:15:05;1;0.0;1;unknown;weak_rule;conservative_pair_rule_v2
состояние охраны;30.04.2025 16:21:26;1;0.0;1;unknown;weak_rule;conservative_pair_rule_v2
состояние охраны;30.04.2025 18:49:11;1;0.0;1;unknown;weak_rule;conservative_pair_rule_v2
состояние охраны;01.05.2025 08:00:48;1;0.0;1;unknown;weak_rule;conservative_pair_rule_v2
состояние охраны;06.05.2025 04:41:49;1;0.0;1;unknown;weak_rule;conservative_pair_rule_v2
состояние охраны;06.05.2025 07:47:59;1;0.0;1;unknown;weak_rule;conservative_pair_rule_v2
состояние охраны;06.05.2025 08:36:55;1;0.0;1;unknown;weak_rule;conservative_pair_rule_v2
состояние охраны;06.05.2025 16:17:39;1;0.0;1;unknown;weak_rule;conservative_pair_rule_v2
состояние охраны;06.05.2025 16:53:58;1;0.0;1;unknown;weak_rule;conservative_pair_rule_v2
состояние охраны;09.05.2025 22:33:53;1;0.0;1;unknown;weak_rule;conservative_pair_rule_v2
состояние охраны;14.05.2025 07:16:44;1;0.0;1;unknown;weak_rule;conservative_pair_rule_v2
состояние охраны;14.05.2025 07:57:04;1;0.0;1;unknown;weak_rule;conservative_pair_rule_v2
состояние охраны;14.05.2025 14:49:31;1;0.0;1;unknown;weak_rule;conservative_pair_rule_v2
состояние охраны;18.05.2025 11:28:35;1;0.0;1;unknown;weak_rule;conservative_pair_rule_v2
состояние охраны;19.05.2025 07:48:00;1;0.0;1;unknown;weak_rule;conservative_pair_rule_v2
состояние охраны;19.05.2025 07:57:37;1;0.0;1;unknown;weak_rule;conservative_pair_rule_v2
состояние охраны;22.05.2025 22:21:31;1;0.0;1;unknown;weak_rule;conservative_pair_rule_v2
состояние охраны;23.05.2025 00:16:46;1;0.0;1;unknown;weak_rule;conservative_pair_rule_v2
состояние охраны;23.05.2025 00:16:51;1;0.0;1;unknown;weak_rule;conservative_pair_rule_v2
состояние охраны;23.05.2025 07:58:18;1;0.0;1;unknown;weak_rule;conservative_pair_rule_v2
состояние охраны;23.05.2025 08:00:31;1;0.0;1;unknown;weak_rule;conservative_pair_rule_v2
состояние охраны;23.05.2025 08:07:44;1;0.0;1;unknown;weak_rule;conservative_pair_rule_v2
состояние охраны;23.05.2025 08:10:49;1;0.0;1;unknown;weak_rule;conservative_pair_rule_v2
состояние охраны;23.05.2025 08:36:19;1;0.0;1;unknown;weak_rule;conservative_pair_rule_v2
состояние охраны;23.05.2025 15:34:31;1;0.0;1;unknown;weak_rule;conservative_pair_rule_v2
состояние охраны;23.05.2025 16:17:52;1;0.0;1;unknown;weak_rule;conservative_pair_rule_v2
состояние охраны;23.05.2025 16:41:12;1;0.0;1;unknown;weak_rule;conservative_pair_rule_v2
состояние охраны;23.05.2025 16:44:04;1;0.0;1;unknown;weak_rule;conservative_pair_rule_v2
состояние охраны;28.05.2025 12:39:22;1;0.0;1;unknown;weak_rule;conservative_pair_rule_v2
состояние охраны;28.05.2025 15:52:28;1;0.0;1;unknown;weak_rule;conservative_pair_rule_v2
состояние охраны;28.05.2025 18:05:25;1;0.0;1;unknown;weak_rule;conservative_pair_rule_v2
состояние охраны;29.05.2025 02:04:01;1;0.0;1;unknown;weak_rule;conservative_pair_rule_v2
состояние охраны;31.05.2025 07:46:13;1;0.0;1;unknown;weak_rule;conservative_pair_rule_v2
состояние охраны;31.05.2025 08:05:39;1;0.0;1;unknown;weak_rule;conservative_pair_rule_v2
состояние охраны;31.05.2025 22:59:06;1;0.0;1;unknown;weak_rule;conservative_pair_rule_v2
состояние охраны;01.06.2025 01:06:06;1;0.0;1;unknown;weak_rule;conservative_pair_rule_v2
состояние охраны;04.06.2025 08:29:05;1;0.0;1;unknown;weak_rule;conservative_pair_rule_v2
состояние охраны;04.06.2025 09:49:33;1;0.0;1;unknown;weak_rule;conservative_pair_rule_v2
состояние охраны;04.06.2025 16:06:21;1;0.0;1;unknown;weak_rule;conservative_pair_rule_v2
состояние охраны;04.06.2025 20:21:24;1;0.0;1;unknown;weak_rule;conservative_pair_rule_v2
состояние охраны;05.06.2025 05:37:51;1;0.0;1;unknown;weak_rule;conservative_pair_rule_v2
состояние охраны;09.06.2025 08:22:43;1;0.0;1;unknown;weak_rule;conservative_pair_rule_v2
состояние охраны;09.06.2025 09:49:15;1;0.0;1;unknown;weak_rule;conservative_pair_rule_v2
состояние охраны;09.06.2025 16:13:06;1;0.0;1;unknown;weak_rule;conservative_pair_rule_v2
состояние охраны;09.06.2025 17:45:49;1;0.0;1;unknown;weak_rule;conservative_pair_rule_v2
состояние охраны;09.06.2025 17:46:10;1;0.0;1;unknown;weak_rule;conservative_pair_rule_v2
состояние охраны;09.06.2025 18:52:38;1;0.0;1;unknown;weak_rule;conservative_pair_rule_v2
состояние охраны;14.06.2025 13:07:37;1;0.0;1;unknown;weak_rule;conservative_pair_rule_v2
состояние охраны;18.06.2025 09:50:42;1;0.0;1;unknown;weak_rule;conservative_pair_rule_v2
состояние охраны;18.06.2025 10:12:27;1;0.0;1;unknown;weak_rule;conservative_pair_rule_v2
состояние охраны;18.06.2025 12:40:43;1;0.0;1;unknown;weak_rule;conservative_pair_rule_v2
состояние охраны;18.06.2025 15:36:23;1;0.0;1;unknown;weak_rule;conservative_pair_rule_v2
состояние охраны;18.06.2025 16:31:33;1;0.0;1;unknown;weak_rule;conservative_pair_rule_v2
состояние охраны;19.06.2025 07:14:52;1;0.0;1;unknown;weak_rule;conservative_pair_rule_v2
состояние охраны;19.06.2025 07:15:51;1;0.0;1;unknown;weak_rule;conservative_pair_rule_v2
состояние охраны;23.06.2025 07:15:28;1;0.0;1;unknown;weak_rule;conservative_pair_rule_v2
состояние охраны;23.06.2025 07:57:53;1;0.0;1;unknown;weak_rule;conservative_pair_rule_v2
состояние охраны;23.06.2025 08:28:36;1;0.0;1;unknown;weak_rule;conservative_pair_rule_v2
состояние охраны;23.06.2025 08:42:18;1;0.0;1;unknown;weak_rule;conservative_pair_rule_v2
состояние охраны;25.06.2025 07:12:43;1;0.0;1;unknown;weak_rule;conservative_pair_rule_v2
состояние охраны;25.06.2025 07:36:13;1;0.0;1;unknown;weak_rule;conservative_pair_rule_v2
состояние охраны;25.06.2025 07:36:16;1;0.0;1;unknown;weak_rule;conservative_pair_rule_v2
состояние охраны;25.06.2025 07:47:52;1;0.0;1;unknown;weak_rule;conservative_pair_rule_v2
состояние охраны;25.06.2025 08:11:48;1;0.0;1;unknown;weak_rule;conservative_pair_rule_v2
состояние охраны;25.06.2025 08:11:55;1;0.0;1;unknown;weak_rule;conservative_pair_rule_v2
состояние охраны;25.06.2025 10:48:38;1;0.0;1;unknown;weak_rule;conservative_pair_rule_v2
состояние охраны;25.06.2025 17:06:15;1;0.0;1;unknown;weak_rule;conservative_pair_rule_v2
состояние охраны;25.06.2025 18:15:05;1;0.0;1;unknown;weak_rule;conservative_pair_rule_v2
состояние охраны;30.06.2025 07:16:32;1;0.0;1;unknown;weak_rule;conservative_pair_rule_v2
состояние охраны;30.06.2025 07:41:50;1;0.0;1;unknown;weak_rule;conservative_pair_rule_v2
состояние охраны;30.06.2025 07:54:48;1;0.0;1;unknown;weak_rule;conservative_pair_rule_v2
состояние охраны;30.06.2025 07:57:42;1;0.0;1;unknown;weak_rule;conservative_pair_rule_v2
состояние охраны;30.06.2025 08:11:09;1;0.0;1;unknown;weak_rule;conservative_pair_rule_v2
состояние охраны;30.06.2025 11:20:54;1;0.0;1;unknown;weak_rule;conservative_pair_rule_v2
состояние охраны;30.06.2025 16:50:29;1;0.0;1;unknown;weak_rule;conservative_pair_rule_v2
состояние охраны;30.06.2025 17:09:10;1;0.0;1;unknown;weak_rule;conservative_pair_rule_v2
состояние охраны;03.07.2025 16:22:14;1;0.0;1;unknown;weak_rule;conservative_pair_rule_v2
состояние охраны;03.07.2025 16:24:34;1;0.0;1;unknown;weak_rule;conservative_pair_rule_v2
состояние охраны;03.07.2025 17:02:01;1;0.0;1;unknown;weak_rule;conservative_pair_rule_v2
состояние охраны;03.07.2025 23:19:59;1;0.0;1;unknown;weak_rule;conservative_pair_rule_v2
состояние охраны;03.07.2025 23:20:11;1;0.0;1;unknown;weak_rule;conservative_pair_rule_v2
состояние охраны;03.07.2025 23:37:46;1;0.0;1;unknown;weak_rule;conservative_pair_rule_v2
состояние охраны;04.07.2025 07:45:14;1;0.0;1;unknown;weak_rule;conservative_pair_rule_v2
состояние охраны;04.07.2025 07:57:00;1;0.0;1;unknown;weak_rule;conservative_pair_rule_v2
газовый датчик;2.84;1;0.0;1;unknown;weak_rule;conservative_pair_rule_v2
состояние охраны;07.07.2025 17:02:28;1;0.0;1;unknown;weak_rule;conservative_pair_rule_v2
состояние охраны;08.07.2025 07:13:02;1;0.0;1;unknown;weak_rule;conservative_pair_rule_v2
состояние охраны;08.07.2025 07:23:07;1;0.0;1;unknown;weak_rule;conservative_pair_rule_v2
состояние охраны;08.07.2025 07:45:27;1;0.0;1;unknown;weak_rule;conservative_pair_rule_v2
состояние охраны;09.07.2025 14:53:23;1;0.0;1;unknown;weak_rule;conservative_pair_rule_v2
состояние охраны;09.07.2025 16:01:41;1;0.0;1;unknown;weak_rule;conservative_pair_rule_v2
состояние охраны;09.07.2025 16:31:44;1;0.0;1;unknown;weak_rule;conservative_pair_rule_v2
состояние охраны;09.07.2025 17:35:42;1;0.0;1;unknown;weak_rule;conservative_pair_rule_v2
состояние охраны;15.07.2025 07:28:08;1;0.0;1;unknown;weak_rule;conservative_pair_rule_v2
состояние охраны;15.07.2025 14:13:39;1;0.0;1;unknown;weak_rule;conservative_pair_rule_v2
состояние охраны;15.07.2025 16:09:51;1;0.0;1;unknown;weak_rule;conservative_pair_rule_v2
состояние охраны;15.07.2025 16:41:11;1;0.0;1;unknown;weak_rule;conservative_pair_rule_v2
состояние охраны;15.07.2025 17:01:39;1;0.0;1;unknown;weak_rule;conservative_pair_rule_v2
состояние охраны;17.07.2025 07:47:23;1;0.0;1;unknown;weak_rule;conservative_pair_rule_v2
состояние охраны;17.07.2025 08:01:55;1;0.0;1;unknown;weak_rule;conservative_pair_rule_v2
состояние охраны;17.07.2025 09:50:18;1;0.0;1;unknown;weak_rule;conservative_pair_rule_v2
состояние охраны;17.07.2025 11:59:26;1;0.0;1;unknown;weak_rule;conservative_pair_rule_v2
состояние охраны;21.07.2025 07:44:40;1;0.0;1;unknown;weak_rule;conservative_pair_rule_v2
состояние охраны;21.07.2025 07:48:04;1;0.0;1;unknown;weak_rule;conservative_pair_rule_v2
состояние охраны;21.07.2025 08:06:04;1;0.0;1;unknown;weak_rule;conservative_pair_rule_v2
состояние охраны;21.07.2025 08:19:25;1;0.0;1;unknown;weak_rule;conservative_pair_rule_v2
состояние охраны;21.07.2025 08:27:35;1;0.0;1;unknown;weak_rule;conservative_pair_rule_v2
состояние охраны;21.07.2025 08:27:44;1;0.0;1;unknown;weak_rule;conservative_pair_rule_v2
состояние охраны;21.07.2025 09:25:18;1;0.0;1;unknown;weak_rule;conservative_pair_rule_v2
состояние охраны;21.07.2025 10:27:08;1;0.0;1;unknown;weak_rule;conservative_pair_rule_v2
состояние охраны;21.07.2025 11:25:27;1;0.0;1;unknown;weak_rule;conservative_pair_rule_v2
состояние охраны;21.07.2025 12:31:29;1;0.0;1;unknown;weak_rule;conservative_pair_rule_v2
состояние охраны;25.07.2025 02:33:29;1;0.0;1;unknown;weak_rule;conservative_pair_rule_v2
состояние охраны;25.07.2025 07:46:20;1;0.0;1;unknown;weak_rule;conservative_pair_rule_v2
состояние охраны;25.07.2025 07:59:09;1;0.0;1;unknown;weak_rule;conservative_pair_rule_v2
состояние охраны;25.07.2025 08:04:12;1;0.0;1;unknown;weak_rule;conservative_pair_rule_v2
состояние охраны;25.07.2025 10:03:52;1;0.0;1;unknown;weak_rule;conservative_pair_rule_v2
состояние охраны;25.07.2025 12:14:46;1;0.0;1;unknown;weak_rule;conservative_pair_rule_v2
состояние охраны;30.07.2025 17:00:19;1;0.0;1;unknown;weak_rule;conservative_pair_rule_v2
состояние охраны;31.07.2025 07:38:46;1;0.0;1;unknown;weak_rule;conservative_pair_rule_v2
состояние охраны;02.08.2025 09:38:26;1;0.0;1;unknown;weak_rule;conservative_pair_rule_v2
состояние охраны;02.08.2025 16:18:15;1;0.0;1;unknown;weak_rule;conservative_pair_rule_v2
состояние охраны;03.08.2025 08:01:33;1;0.0;1;unknown;weak_rule;conservative_pair_rule_v2
состояние охраны;05.08.2025 08:00:48;1;0.0;1;unknown;weak_rule;conservative_pair_rule_v2
состояние охраны;05.08.2025 08:12:59;1;0.0;1;unknown;weak_rule;conservative_pair_rule_v2
состояние охраны;05.08.2025 09:38:15;1;0.0;1;unknown;weak_rule;conservative_pair_rule_v2
состояние охраны;05.08.2025 13:07:28;1;0.0;1;unknown;weak_rule;conservative_pair_rule_v2
состояние охраны;05.08.2025 17:13:50;1;0.0;1;unknown;weak_rule;conservative_pair_rule_v2
состояние охраны;07.08.2025 14:40:25;1;0.0;1;unknown;weak_rule;conservative_pair_rule_v2
состояние охраны;07.08.2025 16:35:33;1;0.0;1;unknown;weak_rule;conservative_pair_rule_v2
состояние охраны;07.08.2025 17:00:34;1;0.0;1;unknown;weak_rule;conservative_pair_rule_v2
состояние охраны;07.08.2025 19:29:15;1;0.0;1;unknown;weak_rule;conservative_pair_rule_v2
состояние охраны;07.08.2025 20:32:07;1;0.0;1;unknown;weak_rule;conservative_pair_rule_v2
состояние охраны;08.08.2025 07:53:05;1;0.0;1;unknown;weak_rule;conservative_pair_rule_v2
состояние охраны;08.08.2025 08:23:59;1;0.0;1;unknown;weak_rule;conservative_pair_rule_v2
состояние охраны;11.08.2025 10:05:57;1;0.0;1;unknown;weak_rule;conservative_pair_rule_v2
состояние охраны;11.08.2025 15:38:12;1;0.0;1;unknown;weak_rule;conservative_pair_rule_v2
состояние охраны;11.08.2025 15:49:47;1;0.0;1;unknown;weak_rule;conservative_pair_rule_v2
состояние охраны;11.08.2025 22:57:24;1;0.0;1;unknown;weak_rule;conservative_pair_rule_v2
состояние охраны;12.08.2025 04:44:28;1;0.0;1;unknown;weak_rule;conservative_pair_rule_v2
состояние охраны;16.08.2025 07:51:44;1;0.0;1;unknown;weak_rule;conservative_pair_rule_v2
состояние охраны;16.08.2025 08:01:46;1;0.0;1;unknown;weak_rule;conservative_pair_rule_v2
состояние охраны;16.08.2025 08:59:59;1;0.0;1;unknown;weak_rule;conservative_pair_rule_v2
состояние охраны;16.08.2025 21:00:07;1;0.0;1;unknown;weak_rule;conservative_pair_rule_v2
состояние охраны;19.08.2025 07:28:28;1;0.0;1;unknown;weak_rule;conservative_pair_rule_v2
состояние охраны;19.08.2025 08:01:32;1;0.0;1;unknown;weak_rule;conservative_pair_rule_v2
состояние охраны;19.08.2025 08:32:29;1;0.0;1;unknown;weak_rule;conservative_pair_rule_v2
состояние охраны;19.08.2025 12:59:41;1;0.0;1;unknown;weak_rule;conservative_pair_rule_v2
состояние охраны;19.08.2025 13:35:38;1;0.0;1;unknown;weak_rule;conservative_pair_rule_v2
состояние охраны;19.08.2025 16:29:05;1;0.0;1;unknown;weak_rule;conservative_pair_rule_v2
состояние охраны;23.08.2025 07:53:25;1;0.0;1;unknown;weak_rule;conservative_pair_rule_v2
состояние охраны;23.08.2025 08:01:44;1;0.0;1;unknown;weak_rule;conservative_pair_rule_v2
состояние охраны;23.08.2025 08:36:32;1;0.0;1;unknown;weak_rule;conservative_pair_rule_v2
состояние охраны;23.08.2025 12:26:00;1;0.0;1;unknown;weak_rule;conservative_pair_rule_v2
состояние охраны;27.08.2025 08:00:55;1;0.0;1;unknown;weak_rule;conservative_pair_rule_v2
состояние охраны;27.08.2025 08:03:20;1;0.0;1;unknown;weak_rule;conservative_pair_rule_v2
состояние охраны;27.08.2025 08:03:31;1;0.0;1;unknown;weak_rule;conservative_pair_rule_v2
состояние охраны;27.08.2025 13:50:45;1;0.0;1;unknown;weak_rule;conservative_pair_rule_v2
состояние охраны;27.08.2025 14:48:17;1;0.0;1;unknown;weak_rule;conservative_pair_rule_v2
состояние охраны;27.08.2025 16:32:20;1;0.0;1;unknown;weak_rule;conservative_pair_rule_v2
состояние охраны;27.08.2025 16:57:09;1;0.0;1;unknown;weak_rule;conservative_pair_rule_v2
состояние охраны;01.09.2025 04:21:46;1;0.0;1;unknown;weak_rule;conservative_pair_rule_v2
состояние охраны;01.09.2025 07:18:45;1;0.0;1;unknown;weak_rule;conservative_pair_rule_v2
состояние охраны;01.09.2025 07:27:01;1;0.0;1;unknown;weak_rule;conservative_pair_rule_v2
состояние охраны;01.09.2025 07:52:01;1;0.0;1;unknown;weak_rule;conservative_pair_rule_v2
состояние охраны;01.09.2025 07:55:11;1;0.0;1;unknown;weak_rule;conservative_pair_rule_v2
состояние охраны;01.09.2025 07:57:52;1;0.0;1;unknown;weak_rule;conservative_pair_rule_v2
состояние охраны;01.09.2025 08:04:52;1;0.0;1;unknown;weak_rule;conservative_pair_rule_v2
состояние охраны;01.09.2025 08:20:09;1;0.0;1;unknown;weak_rule;conservative_pair_rule_v2
состояние охраны;05.09.2025 09:30:53;1;0.0;1;unknown;weak_rule;conservative_pair_rule_v2
состояние охраны;09.09.2025 07:51:31;1;0.0;1;unknown;weak_rule;conservative_pair_rule_v2
состояние охраны;09.09.2025 08:23:30;1;0.0;1;unknown;weak_rule;conservative_pair_rule_v2
состояние охраны;09.09.2025 12:10:38;1;0.0;1;unknown;weak_rule;conservative_pair_rule_v2
состояние охраны;11.09.2025 15:09:52;1;0.0;1;unknown;weak_rule;conservative_pair_rule_v2
состояние охраны;11.09.2025 16:27:37;1;0.0;1;unknown;weak_rule;conservative_pair_rule_v2
состояние охраны;11.09.2025 16:45:37;1;0.0;1;unknown;weak_rule;conservative_pair_rule_v2
состояние охраны;11.09.2025 17:02:29;1;0.0;1;unknown;weak_rule;conservative_pair_rule_v2
состояние охраны;11.09.2025 23:36:41;1;0.0;1;unknown;weak_rule;conservative_pair_rule_v2
состояние охраны;16.09.2025 08:07:02;1;0.0;1;unknown;weak_rule;conservative_pair_rule_v2
состояние охраны;16.09.2025 08:07:09;1;0.0;1;unknown;weak_rule;conservative_pair_rule_v2
состояние охраны;16.09.2025 08:22:45;1;0.0;1;unknown;weak_rule;conservative_pair_rule_v2
состояние охраны;16.09.2025 08:42:09;1;0.0;1;unknown;weak_rule;conservative_pair_rule_v2
состояние охраны;16.09.2025 12:14:44;1;0.0;1;unknown;weak_rule;conservative_pair_rule_v2
состояние охраны;16.09.2025 16:34:43;1;0.0;1;unknown;weak_rule;conservative_pair_rule_v2
состояние охраны;16.09.2025 17:52:06;1;0.0;1;unknown;weak_rule;conservative_pair_rule_v2
состояние охраны;20.09.2025 12:37:49;1;0.0;1;unknown;weak_rule;conservative_pair_rule_v2
состояние охраны;20.09.2025 13:09:33;1;0.0;1;unknown;weak_rule;conservative_pair_rule_v2
состояние охраны;20.09.2025 14:22:21;1;0.0;1;unknown;weak_rule;conservative_pair_rule_v2
датчик затопления;отключено устройство;1;1.0;1;fault;weak_rule;conservative_pair_rule_v2
состояние охраны;22.09.2025 08:01:07;1;0.0;1;unknown;weak_rule;conservative_pair_rule_v2
состояние охраны;22.09.2025 08:02:40;1;0.0;1;unknown;weak_rule;conservative_pair_rule_v2
состояние охраны;22.09.2025 15:37:55;1;0.0;1;unknown;weak_rule;conservative_pair_rule_v2
состояние охраны;22.09.2025 15:38:00;1;0.0;1;unknown;weak_rule;conservative_pair_rule_v2
состояние охраны;22.09.2025 18:43:12;1;0.0;1;unknown;weak_rule;conservative_pair_rule_v2
состояние охраны;26.09.2025 15:39:54;1;0.0;1;unknown;weak_rule;conservative_pair_rule_v2
состояние охраны;26.09.2025 16:38:36;1;0.0;1;unknown;weak_rule;conservative_pair_rule_v2
состояние охраны;26.09.2025 16:38:42;1;0.0;1;unknown;weak_rule;conservative_pair_rule_v2
состояние охраны;01.10.2025 09:50:44;1;0.0;1;unknown;weak_rule;conservative_pair_rule_v2
состояние охраны;01.10.2025 14:34:53;1;0.0;1;unknown;weak_rule;conservative_pair_rule_v2
состояние охраны;01.10.2025 18:13:07;1;0.0;1;unknown;weak_rule;conservative_pair_rule_v2
состояние охраны;01.10.2025 20:02:00;1;0.0;1;unknown;weak_rule;conservative_pair_rule_v2
состояние охраны;01.10.2025 23:30:15;1;0.0;1;unknown;weak_rule;conservative_pair_rule_v2
состояние охраны;03.10.2025 07:25:14;1;0.0;1;unknown;weak_rule;conservative_pair_rule_v2
состояние охраны;03.10.2025 08:33:11;1;0.0;1;unknown;weak_rule;conservative_pair_rule_v2
состояние охраны;03.10.2025 09:35:05;1;0.0;1;unknown;weak_rule;conservative_pair_rule_v2
состояние охраны;03.10.2025 09:53:22;1;0.0;1;unknown;weak_rule;conservative_pair_rule_v2
состояние охраны;03.10.2025 16:20:45;1;0.0;1;unknown;weak_rule;conservative_pair_rule_v2
состояние охраны;07.10.2025 10:09:30;1;0.0;1;unknown;weak_rule;conservative_pair_rule_v2
состояние охраны;07.10.2025 10:11:57;1;0.0;1;unknown;weak_rule;conservative_pair_rule_v2
состояние охраны;07.10.2025 15:58:47;1;0.0;1;unknown;weak_rule;conservative_pair_rule_v2
состояние охраны;07.10.2025 16:41:36;1;0.0;1;unknown;weak_rule;conservative_pair_rule_v2
состояние охраны;07.10.2025 16:41:43;1;0.0;1;unknown;weak_rule;conservative_pair_rule_v2
состояние охраны;07.10.2025 22:00:07;1;0.0;1;unknown;weak_rule;conservative_pair_rule_v2
состояние охраны;08.10.2025 08:02:42;1;0.0;1;unknown;weak_rule;conservative_pair_rule_v2
состояние охраны;08.10.2025 08:39:12;1;0.0;1;unknown;weak_rule;conservative_pair_rule_v2
состояние охраны;13.10.2025 16:46:45;1;0.0;1;unknown;weak_rule;conservative_pair_rule_v2
состояние охраны;13.10.2025 16:58:24;1;0.0;1;unknown;weak_rule;conservative_pair_rule_v2
состояние охраны;14.10.2025 07:46:12;1;0.0;1;unknown;weak_rule;conservative_pair_rule_v2
состояние охраны;14.10.2025 08:02:59;1;0.0;1;unknown;weak_rule;conservative_pair_rule_v2
состояние охраны;14.10.2025 08:04:22;1;0.0;1;unknown;weak_rule;conservative_pair_rule_v2
состояние охраны;14.10.2025 08:40:48;1;0.0;1;unknown;weak_rule;conservative_pair_rule_v2
состояние охраны;14.10.2025 14:20:37;1;0.0;1;unknown;weak_rule;conservative_pair_rule_v2
состояние охраны;16.10.2025 16:21:07;1;0.0;1;unknown;weak_rule;conservative_pair_rule_v2
состояние охраны;16.10.2025 16:57:37;1;0.0;1;unknown;weak_rule;conservative_pair_rule_v2
состояние охраны;16.10.2025 20:22:58;1;0.0;1;unknown;weak_rule;conservative_pair_rule_v2
состояние охраны;17.10.2025 08:00:38;1;0.0;1;unknown;weak_rule;conservative_pair_rule_v2
состояние охраны;17.10.2025 08:04:04;1;0.0;1;unknown;weak_rule;conservative_pair_rule_v2
состояние охраны;17.10.2025 09:15:48;1;0.0;1;unknown;weak_rule;conservative_pair_rule_v2
состояние охраны;20.10.2025 07:44:20;1;0.0;1;unknown;weak_rule;conservative_pair_rule_v2
состояние охраны;20.10.2025 08:00:50;1;0.0;1;unknown;weak_rule;conservative_pair_rule_v2
состояние охраны;20.10.2025 08:53:48;1;0.0;1;unknown;weak_rule;conservative_pair_rule_v2
состояние охраны;20.10.2025 11:48:21;1;0.0;1;unknown;weak_rule;conservative_pair_rule_v2
состояние охраны;20.10.2025 16:50:53;1;0.0;1;unknown;weak_rule;conservative_pair_rule_v2
состояние охраны;20.10.2025 22:59:53;1;0.0;1;unknown;weak_rule;conservative_pair_rule_v2
состояние охраны;24.10.2025 08:02:30;1;0.0;1;unknown;weak_rule;conservative_pair_rule_v2
состояние охраны;24.10.2025 08:35:59;1;0.0;1;unknown;weak_rule;conservative_pair_rule_v2
состояние охраны;24.10.2025 16:36:16;1;0.0;1;unknown;weak_rule;conservative_pair_rule_v2
состояние охраны;24.10.2025 16:38:58;1;0.0;1;unknown;weak_rule;conservative_pair_rule_v2
состояние охраны;24.10.2025 17:00:52;1;0.0;1;unknown;weak_rule;conservative_pair_rule_v2
состояние охраны;24.10.2025 17:09:30;1;0.0;1;unknown;weak_rule;conservative_pair_rule_v2
состояние охраны;24.10.2025 18:17:37;1;0.0;1;unknown;weak_rule;conservative_pair_rule_v2
состояние охраны;30.10.2025 16:36:01;1;0.0;1;unknown;weak_rule;conservative_pair_rule_v2
состояние охраны;30.10.2025 17:00:26;1;0.0;1;unknown;weak_rule;conservative_pair_rule_v2
состояние охраны;30.10.2025 17:08:31;1;0.0;1;unknown;weak_rule;conservative_pair_rule_v2
состояние охраны;30.10.2025 23:23:27;1;0.0;1;unknown;weak_rule;conservative_pair_rule_v2
состояние охраны;31.10.2025 07:07:14;1;0.0;1;unknown;weak_rule;conservative_pair_rule_v2
состояние охраны;31.10.2025 07:53:06;1;0.0;1;unknown;weak_rule;conservative_pair_rule_v2
состояние охраны;31.10.2025 08:00:05;1;0.0;1;unknown;weak_rule;conservative_pair_rule_v2
состояние охраны;31.10.2025 08:01:38;1;0.0;1;unknown;weak_rule;conservative_pair_rule_v2
состояние охраны;31.10.2025 09:35:08;1;0.0;1;unknown;weak_rule;conservative_pair_rule_v2
состояние охраны;04.11.2025 20:03:38;1;0.0;1;unknown;weak_rule;conservative_pair_rule_v2
состояние охраны;04.11.2025 21:29:59;1;0.0;1;unknown;weak_rule;conservative_pair_rule_v2
состояние охраны;05.11.2025 07:15:48;1;0.0;1;unknown;weak_rule;conservative_pair_rule_v2
состояние охраны;05.11.2025 07:57:18;1;0.0;1;unknown;weak_rule;conservative_pair_rule_v2
состояние охраны;05.11.2025 08:00:57;1;0.0;1;unknown;weak_rule;conservative_pair_rule_v2
состояние охраны;05.11.2025 08:01:06;1;0.0;1;unknown;weak_rule;conservative_pair_rule_v2
состояние охраны;07.11.2025 17:39:45;1;0.0;1;unknown;weak_rule;conservative_pair_rule_v2
состояние охраны;07.11.2025 19:02:16;1;0.0;1;unknown;weak_rule;conservative_pair_rule_v2
состояние охраны;08.11.2025 00:36:48;1;0.0;1;unknown;weak_rule;conservative_pair_rule_v2
состояние охраны;08.11.2025 08:00:18;1;0.0;1;unknown;weak_rule;conservative_pair_rule_v2
состояние охраны;10.11.2025 02:06:52;1;0.0;1;unknown;weak_rule;conservative_pair_rule_v2
состояние охраны;10.11.2025 08:22:42;1;0.0;1;unknown;weak_rule;conservative_pair_rule_v2
состояние охраны;16.11.2025 07:26:56;1;0.0;1;unknown;weak_rule;conservative_pair_rule_v2
состояние охраны;16.11.2025 08:45:44;1;0.0;1;unknown;weak_rule;conservative_pair_rule_v2
состояние охраны;16.11.2025 20:04:58;1;0.0;1;unknown;weak_rule;conservative_pair_rule_v2
состояние охраны;16.11.2025 22:56:27;1;0.0;1;unknown;weak_rule;conservative_pair_rule_v2
состояние охраны;17.11.2025 07:15:53;1;0.0;1;unknown;weak_rule;conservative_pair_rule_v2
состояние охраны;17.11.2025 08:24:40;1;0.0;1;unknown;weak_rule;conservative_pair_rule_v2
состояние охраны;17.11.2025 08:24:43;1;0.0;1;unknown;weak_rule;conservative_pair_rule_v2
состояние охраны;17.11.2025 09:25:52;1;0.0;1;unknown;weak_rule;conservative_pair_rule_v2
состояние охраны;21.11.2025 20:02:29;1;0.0;1;unknown;weak_rule;conservative_pair_rule_v2
состояние охраны;22.11.2025 07:49:42;1;0.0;1;unknown;weak_rule;conservative_pair_rule_v2
состояние охраны;27.11.2025 07:54:14;1;0.0;1;unknown;weak_rule;conservative_pair_rule_v2
состояние охраны;27.11.2025 08:00:49;1;0.0;1;unknown;weak_rule;conservative_pair_rule_v2
состояние охраны;27.11.2025 08:20:45;1;0.0;1;unknown;weak_rule;conservative_pair_rule_v2
состояние охраны;27.11.2025 08:54:22;1;0.0;1;unknown;weak_rule;conservative_pair_rule_v2
состояние охраны;01.12.2025 04:54:07;1;0.0;1;unknown;weak_rule;conservative_pair_rule_v2
состояние охраны;01.12.2025 07:54:07;1;0.0;1;unknown;weak_rule;conservative_pair_rule_v2
состояние охраны;03.12.2025 09:40:16;1;0.0;1;unknown;weak_rule;conservative_pair_rule_v2
состояние охраны;03.12.2025 15:56:25;1;0.0;1;unknown;weak_rule;conservative_pair_rule_v2
состояние охраны;03.12.2025 16:49:49;1;0.0;1;unknown;weak_rule;conservative_pair_rule_v2
состояние охраны;03.12.2025 17:00:42;1;0.0;1;unknown;weak_rule;conservative_pair_rule_v2
состояние охраны;03.12.2025 17:31:12;1;0.0;1;unknown;weak_rule;conservative_pair_rule_v2
состояние охраны;03.12.2025 18:46:17;1;0.0;1;unknown;weak_rule;conservative_pair_rule_v2
состояние охраны;03.12.2025 21:13:50;1;0.0;1;unknown;weak_rule;conservative_pair_rule_v2
состояние охраны;04.12.2025 08:00:22;1;0.0;1;unknown;weak_rule;conservative_pair_rule_v2
состояние охраны;04.12.2025 08:22:46;1;0.0;1;unknown;weak_rule;conservative_pair_rule_v2
состояние охраны;04.12.2025 08:40:04;1;0.0;1;unknown;weak_rule;conservative_pair_rule_v2
состояние охраны;10.12.2025 08:00:21;1;0.0;1;unknown;weak_rule;conservative_pair_rule_v2
состояние охраны;10.12.2025 08:19:24;1;0.0;1;unknown;weak_rule;conservative_pair_rule_v2
состояние охраны;10.12.2025 12:37:25;1;0.0;1;unknown;weak_rule;conservative_pair_rule_v2
состояние охраны;10.12.2025 13:29:20;1;0.0;1;unknown;weak_rule;conservative_pair_rule_v2
состояние охраны;10.12.2025 16:11:33;1;0.0;1;unknown;weak_rule;conservative_pair_rule_v2
состояние охраны;10.12.2025 16:14:25;1;0.0;1;unknown;weak_rule;conservative_pair_rule_v2
состояние охраны;10.12.2025 16:36:06;1;0.0;1;unknown;weak_rule;conservative_pair_rule_v2
состояние охраны;10.12.2025 17:00:39;1;0.0;1;unknown;weak_rule;conservative_pair_rule_v2
состояние охраны;10.12.2025 17:10:55;1;0.0;1;unknown;weak_rule;conservative_pair_rule_v2
состояние охраны;13.12.2025 08:26:52;1;0.0;1;unknown;weak_rule;conservative_pair_rule_v2
состояние охраны;13.12.2025 08:29:49;1;0.0;1;unknown;weak_rule;conservative_pair_rule_v2
состояние охраны;13.12.2025 13:15:18;1;0.0;1;unknown;weak_rule;conservative_pair_rule_v2
состояние охраны;13.12.2025 13:56:08;1;0.0;1;unknown;weak_rule;conservative_pair_rule_v2
состояние охраны;17.12.2025 14:25:26;1;0.0;1;unknown;weak_rule;conservative_pair_rule_v2
состояние охраны;17.12.2025 14:41:29;1;0.0;1;unknown;weak_rule;conservative_pair_rule_v2
состояние охраны;17.12.2025 17:05:13;1;0.0;1;unknown;weak_rule;conservative_pair_rule_v2
состояние охраны;17.12.2025 23:33:32;1;0.0;1;unknown;weak_rule;conservative_pair_rule_v2
состояние охраны;18.12.2025 05:55:29;1;0.0;1;unknown;weak_rule;conservative_pair_rule_v2
состояние охраны;18.12.2025 08:03:13;1;0.0;1;unknown;weak_rule;conservative_pair_rule_v2
состояние охраны;18.12.2025 08:03:19;1;0.0;1;unknown;weak_rule;conservative_pair_rule_v2
состояние охраны;18.12.2025 08:42:03;1;0.0;1;unknown;weak_rule;conservative_pair_rule_v2
состояние охраны;18.12.2025 09:02:53;1;0.0;1;unknown;weak_rule;conservative_pair_rule_v2
состояние охраны;19.12.2025 16:16:17;1;0.0;1;unknown;weak_rule;conservative_pair_rule_v2
состояние охраны;19.12.2025 16:21:04;1;0.0;1;unknown;weak_rule;conservative_pair_rule_v2
состояние охраны;20.12.2025 08:19:45;1;0.0;1;unknown;weak_rule;conservative_pair_rule_v2
состояние охраны;20.12.2025 08:20:34;1;0.0;1;unknown;weak_rule;conservative_pair_rule_v2
состояние охраны;20.12.2025 13:04:56;1;0.0;1;unknown;weak_rule;conservative_pair_rule_v2
состояние охраны;20.12.2025 13:46:29;1;0.0;1;unknown;weak_rule;conservative_pair_rule_v2
состояние охраны;25.12.2025 14:43:33;1;0.0;1;unknown;weak_rule;conservative_pair_rule_v2
состояние охраны;25.12.2025 14:59:09;1;0.0;1;unknown;weak_rule;conservative_pair_rule_v2
состояние охраны;25.12.2025 16:08:22;1;0.0;1;unknown;weak_rule;conservative_pair_rule_v2
состояние охраны;25.12.2025 16:16:19;1;0.0;1;unknown;weak_rule;conservative_pair_rule_v2
состояние охраны;25.12.2025 17:01:15;1;0.0;1;unknown;weak_rule;conservative_pair_rule_v2
состояние охраны;25.12.2025 17:13:06;1;0.0;1;unknown;weak_rule;conservative_pair_rule_v2
состояние охраны;26.12.2025 05:01:23;1;0.0;1;unknown;weak_rule;conservative_pair_rule_v2
состояние охраны;26.12.2025 07:59:31;1;0.0;1;unknown;weak_rule;conservative_pair_rule_v2
состояние охраны;26.12.2025 08:07:16;1;0.0;1;unknown;weak_rule;conservative_pair_rule_v2
состояние охраны;26.12.2025 08:07:22;1;0.0;1;unknown;weak_rule;conservative_pair_rule_v2
состояние охраны;26.12.2025 09:28:11;1;0.0;1;unknown;weak_rule;conservative_pair_rule_v2
состояние охраны;01.01.2025 07:24:20;1;0.0;1;unknown;weak_rule;conservative_pair_rule_v2
состояние охраны;02.01.2025 06:19:22;1;0.0;1;unknown;weak_rule;conservative_pair_rule_v2
состояние охраны;02.01.2025 06:47:08;1;0.0;1;unknown;weak_rule;conservative_pair_rule_v2
состояние охраны;02.01.2025 07:48:55;1;0.0;1;unknown;weak_rule;conservative_pair_rule_v2
состояние охраны;06.01.2025 19:38:05;1;0.0;1;unknown;weak_rule;conservative_pair_rule_v2
состояние охраны;06.01.2025 20:00:42;1;0.0;1;unknown;weak_rule;conservative_pair_rule_v2
состояние охраны;07.01.2025 11:36:46;1;0.0;1;unknown;weak_rule;conservative_pair_rule_v2
состояние охраны;11.01.2025 15:21:11;1;0.0;1;unknown;weak_rule;conservative_pair_rule_v2
состояние охраны;11.01.2025 15:29:55;1;0.0;1;unknown;weak_rule;conservative_pair_rule_v2
состояние охраны;11.01.2025 15:33:04;1;0.0;1;unknown;weak_rule;conservative_pair_rule_v2
состояние охраны;16.01.2025 08:02:57;1;0.0;1;unknown;weak_rule;conservative_pair_rule_v2
состояние охраны;16.01.2025 08:18:28;1;0.0;1;unknown;weak_rule;conservative_pair_rule_v2
состояние охраны;16.01.2025 09:11:09;1;0.0;1;unknown;weak_rule;conservative_pair_rule_v2
состояние охраны;16.01.2025 09:33:32;1;0.0;1;unknown;weak_rule;conservative_pair_rule_v2
состояние охраны;16.01.2025 09:33:38;1;0.0;1;unknown;weak_rule;conservative_pair_rule_v2
состояние охраны;16.01.2025 10:21:44;1;0.0;1;unknown;weak_rule;conservative_pair_rule_v2
состояние охраны;16.01.2025 14:12:18;1;0.0;1;unknown;weak_rule;conservative_pair_rule_v2
состояние охраны;16.01.2025 19:13:09;1;0.0;1;unknown;weak_rule;conservative_pair_rule_v2
состояние охраны;21.01.2025 22:15:08;1;0.0;1;unknown;weak_rule;conservative_pair_rule_v2
состояние охраны;22.01.2025 07:10:25;1;0.0;1;unknown;weak_rule;conservative_pair_rule_v2
состояние охраны;22.01.2025 11:50:20;1;0.0;1;unknown;weak_rule;conservative_pair_rule_v2
состояние охраны;22.01.2025 12:22:04;1;0.0;1;unknown;weak_rule;conservative_pair_rule_v2
состояние охраны;22.01.2025 16:38:15;1;0.0;1;unknown;weak_rule;conservative_pair_rule_v2
состояние охраны;27.01.2025 06:00:06;1;0.0;1;unknown;weak_rule;conservative_pair_rule_v2
состояние охраны;27.01.2025 07:49:41;1;0.0;1;unknown;weak_rule;conservative_pair_rule_v2
состояние охраны;27.01.2025 09:21:53;1;0.0;1;unknown;weak_rule;conservative_pair_rule_v2
состояние охраны;27.01.2025 10:15:15;1;0.0;1;unknown;weak_rule;conservative_pair_rule_v2
состояние охраны;27.01.2025 16:28:54;1;0.0;1;unknown;weak_rule;conservative_pair_rule_v2
состояние охраны;27.01.2025 17:06:42;1;0.0;1;unknown;weak_rule;conservative_pair_rule_v2
состояние охраны;27.01.2025 20:00:36;1;0.0;1;unknown;weak_rule;conservative_pair_rule_v2
состояние охраны;28.01.2025 07:16:31;1;0.0;1;unknown;weak_rule;conservative_pair_rule_v2
состояние охраны;28.01.2025 07:51:46;1;0.0;1;unknown;weak_rule;conservative_pair_rule_v2
состояние охраны;29.01.2025 09:10:21;1;0.0;1;unknown;weak_rule;conservative_pair_rule_v2
состояние охраны;29.01.2025 11:59:02;1;0.0;1;unknown;weak_rule;conservative_pair_rule_v2
состояние охраны;29.01.2025 14:55:35;1;0.0;1;unknown;weak_rule;conservative_pair_rule_v2
состояние охраны;29.01.2025 16:03:10;1;0.0;1;unknown;weak_rule;conservative_pair_rule_v2
состояние охраны;29.01.2025 16:54:48;1;0.0;1;unknown;weak_rule;conservative_pair_rule_v2
состояние охраны;29.01.2025 23:31:52;1;0.0;1;unknown;weak_rule;conservative_pair_rule_v2
состояние охраны;30.01.2025 08:07:11;1;0.0;1;unknown;weak_rule;conservative_pair_rule_v2
состояние охраны;30.01.2025 08:31:24;1;0.0;1;unknown;weak_rule;conservative_pair_rule_v2
состояние охраны;30.01.2025 08:36:19;1;0.0;1;unknown;weak_rule;conservative_pair_rule_v2
состояние охраны;01.02.2025 14:02:14;1;0.0;1;unknown;weak_rule;conservative_pair_rule_v2
состояние охраны;01.02.2025 18:20:18;1;0.0;1;unknown;weak_rule;conservative_pair_rule_v2
состояние охраны;02.02.2025 08:05:34;1;0.0;1;unknown;weak_rule;conservative_pair_rule_v2
состояние охраны;02.02.2025 09:17:15;1;0.0;1;unknown;weak_rule;conservative_pair_rule_v2
состояние охраны;02.02.2025 09:46:05;1;0.0;1;unknown;weak_rule;conservative_pair_rule_v2
состояние охраны;07.02.2025 07:10:48;1;0.0;1;unknown;weak_rule;conservative_pair_rule_v2
состояние охраны;07.02.2025 07:47:08;1;0.0;1;unknown;weak_rule;conservative_pair_rule_v2
состояние охраны;07.02.2025 08:07:48;1;0.0;1;unknown;weak_rule;conservative_pair_rule_v2
состояние охраны;07.02.2025 08:37:54;1;0.0;1;unknown;weak_rule;conservative_pair_rule_v2
состояние охраны;07.02.2025 13:47:00;1;0.0;1;unknown;weak_rule;conservative_pair_rule_v2
состояние охраны;07.02.2025 18:36:28;1;0.0;1;unknown;weak_rule;conservative_pair_rule_v2
состояние охраны;13.02.2025 16:58:54;1;0.0;1;unknown;weak_rule;conservative_pair_rule_v2
состояние охраны;13.02.2025 19:45:38;1;0.0;1;unknown;weak_rule;conservative_pair_rule_v2
состояние охраны;13.02.2025 21:24:42;1;0.0;1;unknown;weak_rule;conservative_pair_rule_v2
состояние охраны;14.02.2025 01:26:15;1;0.0;1;unknown;weak_rule;conservative_pair_rule_v2
состояние охраны;14.02.2025 07:08:35;1;0.0;1;unknown;weak_rule;conservative_pair_rule_v2
состояние охраны;14.02.2025 07:50:25;1;0.0;1;unknown;weak_rule;conservative_pair_rule_v2
состояние охраны;14.02.2025 07:50:28;1;0.0;1;unknown;weak_rule;conservative_pair_rule_v2
состояние охраны;14.02.2025 08:17:15;1;0.0;1;unknown;weak_rule;conservative_pair_rule_v2
состояние охраны;14.02.2025 08:35:08;1;0.0;1;unknown;weak_rule;conservative_pair_rule_v2
состояние охраны;14.02.2025 09:12:27;1;0.0;1;unknown;weak_rule;conservative_pair_rule_v2
состояние охраны;17.02.2025 07:07:48;1;0.0;1;unknown;weak_rule;conservative_pair_rule_v2
состояние охраны;17.02.2025 07:48:32;1;0.0;1;unknown;weak_rule;conservative_pair_rule_v2
состояние охраны;17.02.2025 08:02:51;1;0.0;1;unknown;weak_rule;conservative_pair_rule_v2
состояние охраны;17.02.2025 08:10:38;1;0.0;1;unknown;weak_rule;conservative_pair_rule_v2
состояние охраны;17.02.2025 08:39:16;1;0.0;1;unknown;weak_rule;conservative_pair_rule_v2
состояние охраны;17.02.2025 08:41:49;1;0.0;1;unknown;weak_rule;conservative_pair_rule_v2
состояние охраны;17.02.2025 09:20:27;1;0.0;1;unknown;weak_rule;conservative_pair_rule_v2
состояние охраны;17.02.2025 09:28:21;1;0.0;1;unknown;weak_rule;conservative_pair_rule_v2
состояние охраны;17.02.2025 16:55:16;1;0.0;1;unknown;weak_rule;conservative_pair_rule_v2
состояние охраны;17.02.2025 16:55:30;1;0.0;1;unknown;weak_rule;conservative_pair_rule_v2
состояние охраны;19.02.2025 11:15:23;1;0.0;1;unknown;weak_rule;conservative_pair_rule_v2
состояние охраны;19.02.2025 17:20:26;1;0.0;1;unknown;weak_rule;conservative_pair_rule_v2
состояние охраны;19.02.2025 20:05:04;1;0.0;1;unknown;weak_rule;conservative_pair_rule_v2
состояние охраны;19.02.2025 22:16:11;1;0.0;1;unknown;weak_rule;conservative_pair_rule_v2
состояние охраны;24.02.2025 08:25:43;1;0.0;1;unknown;weak_rule;conservative_pair_rule_v2
состояние охраны;24.02.2025 08:25:57;1;0.0;1;unknown;weak_rule;conservative_pair_rule_v2
состояние охраны;24.02.2025 09:02:19;1;0.0;1;unknown;weak_rule;conservative_pair_rule_v2
состояние охраны;24.02.2025 10:20:54;1;0.0;1;unknown;weak_rule;conservative_pair_rule_v2
состояние охраны;24.02.2025 16:51:15;1;0.0;1;unknown;weak_rule;conservative_pair_rule_v2
состояние охраны;24.02.2025 20:09:34;1;0.0;1;unknown;weak_rule;conservative_pair_rule_v2
состояние охраны;24.02.2025 20:10:19;1;0.0;1;unknown;weak_rule;conservative_pair_rule_v2
состояние охраны;04.03.2025 07:17:41;1;0.0;1;unknown;weak_rule;conservative_pair_rule_v2
состояние охраны;04.03.2025 07:42:19;1;0.0;1;unknown;weak_rule;conservative_pair_rule_v2
состояние охраны;04.03.2025 08:03:24;1;0.0;1;unknown;weak_rule;conservative_pair_rule_v2
состояние охраны;04.03.2025 09:56:27;1;0.0;1;unknown;weak_rule;conservative_pair_rule_v2
состояние охраны;04.03.2025 15:13:53;1;0.0;1;unknown;weak_rule;conservative_pair_rule_v2
состояние охраны;04.03.2025 16:19:33;1;0.0;1;unknown;weak_rule;conservative_pair_rule_v2
состояние охраны;04.03.2025 17:00:35;1;0.0;1;unknown;weak_rule;conservative_pair_rule_v2
состояние охраны;08.03.2025 08:08:30;1;0.0;1;unknown;weak_rule;conservative_pair_rule_v2
состояние охраны;09.03.2025 06:09:59;1;0.0;1;unknown;weak_rule;conservative_pair_rule_v2
состояние охраны;09.03.2025 08:04:32;1;0.0;1;unknown;weak_rule;conservative_pair_rule_v2
состояние охраны;09.03.2025 09:01:51;1;0.0;1;unknown;weak_rule;conservative_pair_rule_v2
состояние охраны;13.03.2025 07:07:06;1;0.0;1;unknown;weak_rule;conservative_pair_rule_v2
состояние охраны;13.03.2025 07:32:23;1;0.0;1;unknown;weak_rule;conservative_pair_rule_v2
состояние охраны;13.03.2025 07:58:07;1;0.0;1;unknown;weak_rule;conservative_pair_rule_v2
состояние охраны;13.03.2025 07:58:10;1;0.0;1;unknown;weak_rule;conservative_pair_rule_v2
состояние охраны;13.03.2025 07:59:57;1;0.0;1;unknown;weak_rule;conservative_pair_rule_v2
состояние охраны;13.03.2025 07:59:59;1;0.0;1;unknown;weak_rule;conservative_pair_rule_v2
состояние охраны;13.03.2025 11:18:15;1;0.0;1;unknown;weak_rule;conservative_pair_rule_v2
состояние охраны;13.03.2025 12:47:50;1;0.0;1;unknown;weak_rule;conservative_pair_rule_v2
состояние охраны;13.03.2025 14:16:12;1;0.0;1;unknown;weak_rule;conservative_pair_rule_v2
состояние охраны;13.03.2025 16:28:17;1;0.0;1;unknown;weak_rule;conservative_pair_rule_v2
состояние охраны;13.03.2025 19:17:30;1;0.0;1;unknown;weak_rule;conservative_pair_rule_v2
состояние охраны;18.03.2025 07:10:42;1;0.0;1;unknown;weak_rule;conservative_pair_rule_v2
состояние охраны;18.03.2025 07:53:47;1;0.0;1;unknown;weak_rule;conservative_pair_rule_v2
состояние охраны;18.03.2025 17:00:41;1;0.0;1;unknown;weak_rule;conservative_pair_rule_v2
состояние охраны;23.03.2025 08:24:33;1;0.0;1;unknown;weak_rule;conservative_pair_rule_v2
состояние охраны;23.03.2025 09:19:13;1;0.0;1;unknown;weak_rule;conservative_pair_rule_v2
состояние охраны;23.03.2025 09:51:47;1;0.0;1;unknown;weak_rule;conservative_pair_rule_v2
состояние охраны;28.03.2025 07:26:43;1;0.0;1;unknown;weak_rule;conservative_pair_rule_v2
состояние охраны;28.03.2025 07:48:27;1;0.0;1;unknown;weak_rule;conservative_pair_rule_v2
состояние охраны;28.03.2025 08:00:27;1;0.0;1;unknown;weak_rule;conservative_pair_rule_v2
состояние охраны;28.03.2025 08:11:36;1;0.0;1;unknown;weak_rule;conservative_pair_rule_v2
состояние охраны;28.03.2025 13:59:42;1;0.0;1;unknown;weak_rule;conservative_pair_rule_v2
состояние охраны;28.03.2025 16:24:45;1;0.0;1;unknown;weak_rule;conservative_pair_rule_v2
состояние охраны;28.03.2025 16:58:50;1;0.0;1;unknown;weak_rule;conservative_pair_rule_v2
состояние охраны;28.03.2025 17:14:44;1;0.0;1;unknown;weak_rule;conservative_pair_rule_v2
состояние охраны;01.04.2025 16:59:30;1;0.0;1;unknown;weak_rule;conservative_pair_rule_v2
состояние охраны;02.04.2025 01:20:54;1;0.0;1;unknown;weak_rule;conservative_pair_rule_v2
состояние охраны;02.04.2025 07:10:25;1;0.0;1;unknown;weak_rule;conservative_pair_rule_v2
состояние охраны;02.04.2025 07:39:56;1;0.0;1;unknown;weak_rule;conservative_pair_rule_v2
состояние охраны;02.04.2025 07:57:46;1;0.0;1;unknown;weak_rule;conservative_pair_rule_v2
состояние охраны;02.04.2025 08:55:14;1;0.0;1;unknown;weak_rule;conservative_pair_rule_v2
состояние охраны;02.04.2025 10:35:54;1;0.0;1;unknown;weak_rule;conservative_pair_rule_v2
состояние охраны;02.04.2025 14:48:45;1;0.0;1;unknown;weak_rule;conservative_pair_rule_v2
состояние охраны;02.04.2025 16:25:35;1;0.0;1;unknown;weak_rule;conservative_pair_rule_v2
состояние охраны;02.04.2025 16:56:40;1;0.0;1;unknown;weak_rule;conservative_pair_rule_v2
состояние охраны;02.04.2025 16:59:39;1;0.0;1;unknown;weak_rule;conservative_pair_rule_v2
состояние охраны;07.04.2025 07:44:02;1;0.0;1;unknown;weak_rule;conservative_pair_rule_v2
состояние охраны;07.04.2025 08:02:17;1;0.0;1;unknown;weak_rule;conservative_pair_rule_v2
состояние охраны;07.04.2025 08:04:44;1;0.0;1;unknown;weak_rule;conservative_pair_rule_v2
состояние охраны;07.04.2025 08:47:07;1;0.0;1;unknown;weak_rule;conservative_pair_rule_v2
газовый датчик;8.72;1;0.0;1;unknown;weak_rule;conservative_pair_rule_v2
состояние охраны;07.04.2025 10:08:46;1;0.0;1;unknown;weak_rule;conservative_pair_rule_v2
состояние охраны;07.04.2025 13:38:39;1;0.0;1;unknown;weak_rule;conservative_pair_rule_v2
состояние охраны;07.04.2025 15:47:10;1;0.0;1;unknown;weak_rule;conservative_pair_rule_v2
состояние охраны;07.04.2025 17:28:18;1;0.0;1;unknown;weak_rule;conservative_pair_rule_v2
состояние охраны;11.04.2025 07:49:37;1;0.0;1;unknown;weak_rule;conservative_pair_rule_v2
состояние охраны;11.04.2025 11:05:39;1;0.0;1;unknown;weak_rule;conservative_pair_rule_v2
состояние охраны;11.04.2025 11:44:55;1;0.0;1;unknown;weak_rule;conservative_pair_rule_v2
состояние охраны;11.04.2025 17:00:40;1;0.0;1;unknown;weak_rule;conservative_pair_rule_v2
состояние охраны;12.04.2025 06:00:19;1;0.0;1;unknown;weak_rule;conservative_pair_rule_v2
состояние охраны;12.04.2025 08:31:02;1;0.0;1;unknown;weak_rule;conservative_pair_rule_v2
состояние охраны;12.04.2025 08:36:20;1;0.0;1;unknown;weak_rule;conservative_pair_rule_v2
состояние охраны;14.04.2025 07:17:31;1;0.0;1;unknown;weak_rule;conservative_pair_rule_v2
состояние охраны;14.04.2025 07:47:53;1;0.0;1;unknown;weak_rule;conservative_pair_rule_v2
состояние охраны;14.04.2025 08:01:26;1;0.0;1;unknown;weak_rule;conservative_pair_rule_v2
состояние охраны;14.04.2025 08:01:45;1;0.0;1;unknown;weak_rule;conservative_pair_rule_v2
состояние охраны;14.04.2025 16:09:37;1;0.0;1;unknown;weak_rule;conservative_pair_rule_v2
состояние охраны;14.04.2025 16:13:24;1;0.0;1;unknown;weak_rule;conservative_pair_rule_v2
состояние охраны;14.04.2025 16:24:33;1;0.0;1;unknown;weak_rule;conservative_pair_rule_v2
состояние охраны;19.04.2025 14:16:43;1;0.0;1;unknown;weak_rule;conservative_pair_rule_v2
состояние охраны;19.04.2025 20:01:35;1;0.0;1;unknown;weak_rule;conservative_pair_rule_v2
состояние охраны;20.04.2025 07:44:14;1;0.0;1;unknown;weak_rule;conservative_pair_rule_v2
состояние охраны;20.04.2025 07:59:55;1;0.0;1;unknown;weak_rule;conservative_pair_rule_v2
состояние охраны;24.04.2025 08:03:27;1;0.0;1;unknown;weak_rule;conservative_pair_rule_v2
состояние охраны;24.04.2025 08:04:32;1;0.0;1;unknown;weak_rule;conservative_pair_rule_v2
состояние охраны;24.04.2025 10:44:36;1;0.0;1;unknown;weak_rule;conservative_pair_rule_v2
состояние охраны;24.04.2025 14:28:40;1;0.0;1;unknown;weak_rule;conservative_pair_rule_v2
состояние охраны;24.04.2025 15:02:54;1;0.0;1;unknown;weak_rule;conservative_pair_rule_v2
состояние охраны;24.04.2025 16:31:50;1;0.0;1;unknown;weak_rule;conservative_pair_rule_v2
состояние охраны;24.04.2025 16:59:53;1;0.0;1;unknown;weak_rule;conservative_pair_rule_v2
состояние охраны;25.04.2025 07:43:42;1;0.0;1;unknown;weak_rule;conservative_pair_rule_v2
состояние охраны;25.04.2025 08:00:24;1;0.0;1;unknown;weak_rule;conservative_pair_rule_v2
состояние охраны;25.04.2025 08:04:57;1;0.0;1;unknown;weak_rule;conservative_pair_rule_v2
состояние охраны;28.04.2025 07:53:01;1;0.0;1;unknown;weak_rule;conservative_pair_rule_v2
состояние охраны;28.04.2025 07:58:41;1;0.0;1;unknown;weak_rule;conservative_pair_rule_v2
состояние охраны;28.04.2025 07:59:48;1;0.0;1;unknown;weak_rule;conservative_pair_rule_v2
состояние охраны;28.04.2025 13:24:23;1;0.0;1;unknown;weak_rule;conservative_pair_rule_v2
состояние охраны;28.04.2025 14:45:36;1;0.0;1;unknown;weak_rule;conservative_pair_rule_v2
состояние охраны;28.04.2025 15:44:30;1;0.0;1;unknown;weak_rule;conservative_pair_rule_v2
состояние охраны;28.04.2025 15:47:16;1;0.0;1;unknown;weak_rule;conservative_pair_rule_v2
состояние охраны;28.04.2025 16:59:48;1;0.0;1;unknown;weak_rule;conservative_pair_rule_v2
состояние охраны;02.05.2025 07:48:50;1;0.0;1;unknown;weak_rule;conservative_pair_rule_v2
состояние охраны;02.05.2025 08:02:17;1;0.0;1;unknown;weak_rule;conservative_pair_rule_v2
состояние охраны;02.05.2025 08:28:28;1;0.0;1;unknown;weak_rule;conservative_pair_rule_v2
состояние охраны;02.05.2025 08:54:44;1;0.0;1;unknown;weak_rule;conservative_pair_rule_v2
состояние охраны;02.05.2025 16:49:18;1;0.0;1;unknown;weak_rule;conservative_pair_rule_v2
состояние охраны;02.05.2025 19:46:25;1;0.0;1;unknown;weak_rule;conservative_pair_rule_v2
состояние охраны;02.05.2025 20:07:19;1;0.0;1;unknown;weak_rule;conservative_pair_rule_v2
состояние охраны;12.05.2025 10:21:02;1;0.0;1;unknown;weak_rule;conservative_pair_rule_v2
состояние охраны;12.05.2025 13:52:39;1;0.0;1;unknown;weak_rule;conservative_pair_rule_v2
состояние охраны;16.05.2025 08:00:02;1;0.0;1;unknown;weak_rule;conservative_pair_rule_v2
состояние охраны;16.05.2025 10:06:50;1;0.0;1;unknown;weak_rule;conservative_pair_rule_v2
состояние охраны;16.05.2025 14:12:02;1;0.0;1;unknown;weak_rule;conservative_pair_rule_v2
состояние охраны;16.05.2025 15:48:28;1;0.0;1;unknown;weak_rule;conservative_pair_rule_v2
состояние охраны;16.05.2025 16:59:59;1;0.0;1;unknown;weak_rule;conservative_pair_rule_v2
состояние охраны;16.05.2025 20:03:03;1;0.0;1;unknown;weak_rule;conservative_pair_rule_v2
состояние охраны;20.05.2025 18:38:42;1;0.0;1;unknown;weak_rule;conservative_pair_rule_v2
состояние охраны;20.05.2025 22:53:44;1;0.0;1;unknown;weak_rule;conservative_pair_rule_v2
состояние охраны;21.05.2025 07:53:02;1;0.0;1;unknown;weak_rule;conservative_pair_rule_v2
состояние охраны;23.05.2025 23:08:52;1;0.0;1;unknown;weak_rule;conservative_pair_rule_v2
состояние охраны;23.05.2025 23:37:58;1;0.0;1;unknown;weak_rule;conservative_pair_rule_v2
состояние охраны;24.05.2025 16:53:17;1;0.0;1;unknown;weak_rule;conservative_pair_rule_v2
состояние охраны;24.05.2025 22:20:04;1;0.0;1;unknown;weak_rule;conservative_pair_rule_v2
состояние охраны;24.05.2025 22:21:15;1;0.0;1;unknown;weak_rule;conservative_pair_rule_v2
состояние охраны;26.05.2025 15:52:55;1;0.0;1;unknown;weak_rule;conservative_pair_rule_v2
состояние охраны;26.05.2025 15:59:28;1;0.0;1;unknown;weak_rule;conservative_pair_rule_v2
состояние охраны;26.05.2025 16:40:32;1;0.0;1;unknown;weak_rule;conservative_pair_rule_v2
состояние охраны;26.05.2025 17:00:48;1;0.0;1;unknown;weak_rule;conservative_pair_rule_v2
состояние охраны;26.05.2025 17:04:51;1;0.0;1;unknown;weak_rule;conservative_pair_rule_v2
состояние охраны;27.05.2025 01:26:05;1;0.0;1;unknown;weak_rule;conservative_pair_rule_v2
состояние охраны;27.05.2025 01:49:08;1;0.0;1;unknown;weak_rule;conservative_pair_rule_v2
состояние охраны;27.05.2025 01:50:56;1;0.0;1;unknown;weak_rule;conservative_pair_rule_v2
состояние охраны;27.05.2025 07:46:05;1;0.0;1;unknown;weak_rule;conservative_pair_rule_v2
состояние охраны;30.05.2025 05:07:26;1;0.0;1;unknown;weak_rule;conservative_pair_rule_v2
состояние охраны;30.05.2025 08:27:35;1;0.0;1;unknown;weak_rule;conservative_pair_rule_v2
состояние охраны;30.05.2025 08:27:37;1;0.0;1;unknown;weak_rule;conservative_pair_rule_v2
состояние охраны;30.05.2025 08:29:56;1;0.0;1;unknown;weak_rule;conservative_pair_rule_v2
состояние охраны;30.05.2025 08:46:03;1;0.0;1;unknown;weak_rule;conservative_pair_rule_v2
состояние охраны;30.05.2025 08:53:15;1;0.0;1;unknown;weak_rule;conservative_pair_rule_v2
состояние охраны;30.05.2025 11:43:14;1;0.0;1;unknown;weak_rule;conservative_pair_rule_v2
состояние охраны;30.05.2025 14:03:10;1;0.0;1;unknown;weak_rule;conservative_pair_rule_v2
состояние охраны;30.05.2025 16:07:59;1;0.0;1;unknown;weak_rule;conservative_pair_rule_v2
состояние охраны;30.05.2025 19:59:28;1;0.0;1;unknown;weak_rule;conservative_pair_rule_v2
состояние охраны;31.05.2025 01:13:22;1;0.0;1;unknown;weak_rule;conservative_pair_rule_v2
состояние охраны;03.06.2025 05:16:55;1;0.0;1;unknown;weak_rule;conservative_pair_rule_v2
состояние охраны;03.06.2025 07:59:22;1;0.0;1;unknown;weak_rule;conservative_pair_rule_v2
состояние охраны;11.06.2025 00:05:47;1;0.0;1;unknown;weak_rule;conservative_pair_rule_v2
состояние охраны;11.06.2025 07:58:02;1;0.0;1;unknown;weak_rule;conservative_pair_rule_v2
состояние охраны;11.06.2025 08:00:00;1;0.0;1;unknown;weak_rule;conservative_pair_rule_v2
состояние охраны;11.06.2025 10:18:58;1;0.0;1;unknown;weak_rule;conservative_pair_rule_v2
состояние охраны;11.06.2025 13:05:58;1;0.0;1;unknown;weak_rule;conservative_pair_rule_v2
состояние охраны;11.06.2025 13:06:06;1;0.0;1;unknown;weak_rule;conservative_pair_rule_v2
состояние охраны;11.06.2025 15:09:34;1;0.0;1;unknown;weak_rule;conservative_pair_rule_v2
состояние охраны;11.06.2025 15:54:25;1;0.0;1;unknown;weak_rule;conservative_pair_rule_v2
состояние охраны;11.06.2025 16:09:54;1;0.0;1;unknown;weak_rule;conservative_pair_rule_v2
состояние охраны;11.06.2025 20:42:38;1;0.0;1;unknown;weak_rule;conservative_pair_rule_v2
состояние охраны;11.06.2025 20:43:48;1;0.0;1;unknown;weak_rule;conservative_pair_rule_v2
состояние охраны;11.06.2025 23:06:13;1;0.0;1;unknown;weak_rule;conservative_pair_rule_v2
состояние охраны;11.06.2025 23:07:42;1;0.0;1;unknown;weak_rule;conservative_pair_rule_v2
состояние охраны;16.06.2025 02:03:59;1;0.0;1;unknown;weak_rule;conservative_pair_rule_v2
состояние охраны;16.06.2025 02:10:33;1;0.0;1;unknown;weak_rule;conservative_pair_rule_v2
состояние охраны;16.06.2025 08:28:46;1;0.0;1;unknown;weak_rule;conservative_pair_rule_v2
состояние охраны;16.06.2025 10:47:50;1;0.0;1;unknown;weak_rule;conservative_pair_rule_v2
состояние охраны;16.06.2025 10:50:48;1;0.0;1;unknown;weak_rule;conservative_pair_rule_v2
состояние охраны;19.06.2025 09:00:54;1;0.0;1;unknown;weak_rule;conservative_pair_rule_v2
состояние охраны;19.06.2025 09:05:29;1;0.0;1;unknown;weak_rule;conservative_pair_rule_v2
состояние охраны;19.06.2025 16:42:58;1;0.0;1;unknown;weak_rule;conservative_pair_rule_v2
состояние охраны;19.06.2025 16:43:02;1;0.0;1;unknown;weak_rule;conservative_pair_rule_v2
состояние охраны;20.06.2025 22:32:53;1;0.0;1;unknown;weak_rule;conservative_pair_rule_v2
состояние охраны;21.06.2025 20:05:36;1;0.0;1;unknown;weak_rule;conservative_pair_rule_v2
состояние охраны;21.06.2025 20:33:41;1;0.0;1;unknown;weak_rule;conservative_pair_rule_v2
состояние охраны;21.06.2025 23:47:19;1;0.0;1;unknown;weak_rule;conservative_pair_rule_v2
состояние охраны;27.06.2025 01:04:42;1;0.0;1;unknown;weak_rule;conservative_pair_rule_v2
состояние охраны;27.06.2025 06:19:30;1;0.0;1;unknown;weak_rule;conservative_pair_rule_v2
состояние охраны;27.06.2025 07:01:04;1;0.0;1;unknown;weak_rule;conservative_pair_rule_v2
состояние охраны;27.06.2025 07:10:04;1;0.0;1;unknown;weak_rule;conservative_pair_rule_v2
состояние охраны;27.06.2025 07:39:09;1;0.0;1;unknown;weak_rule;conservative_pair_rule_v2
состояние охраны;27.06.2025 07:59:04;1;0.0;1;unknown;weak_rule;conservative_pair_rule_v2
состояние охраны;27.06.2025 08:03:01;1;0.0;1;unknown;weak_rule;conservative_pair_rule_v2
состояние охраны;27.06.2025 17:02:52;1;0.0;1;unknown;weak_rule;conservative_pair_rule_v2
состояние охраны;29.06.2025 01:30:41;1;0.0;1;unknown;weak_rule;conservative_pair_rule_v2
состояние охраны;29.06.2025 16:02:12;1;0.0;1;unknown;weak_rule;conservative_pair_rule_v2
состояние охраны;29.06.2025 22:29:04;1;0.0;1;unknown;weak_rule;conservative_pair_rule_v2
состояние охраны;01.07.2025 19:11:15;1;0.0;1;unknown;weak_rule;conservative_pair_rule_v2
состояние охраны;01.07.2025 20:34:53;1;0.0;1;unknown;weak_rule;conservative_pair_rule_v2
состояние охраны;02.07.2025 07:13:54;1;0.0;1;unknown;weak_rule;conservative_pair_rule_v2
состояние охраны;02.07.2025 07:52:52;1;0.0;1;unknown;weak_rule;conservative_pair_rule_v2
состояние охраны;02.07.2025 08:07:10;1;0.0;1;unknown;weak_rule;conservative_pair_rule_v2
состояние охраны;02.07.2025 08:21:26;1;0.0;1;unknown;weak_rule;conservative_pair_rule_v2
состояние охраны;02.07.2025 08:38:55;1;0.0;1;unknown;weak_rule;conservative_pair_rule_v2
состояние охраны;08.07.2025 18:22:40;1;0.0;1;unknown;weak_rule;conservative_pair_rule_v2
состояние охраны;09.07.2025 03:21:42;1;0.0;1;unknown;weak_rule;conservative_pair_rule_v2
состояние охраны;09.07.2025 07:56:07;1;0.0;1;unknown;weak_rule;conservative_pair_rule_v2
состояние охраны;09.07.2025 08:45:25;1;0.0;1;unknown;weak_rule;conservative_pair_rule_v2
состояние охраны;09.07.2025 08:45:27;1;0.0;1;unknown;weak_rule;conservative_pair_rule_v2
состояние охраны;12.07.2025 08:34:40;1;0.0;1;unknown;weak_rule;conservative_pair_rule_v2
состояние охраны;12.07.2025 11:04:22;1;0.0;1;unknown;weak_rule;conservative_pair_rule_v2
состояние охраны;12.07.2025 11:05:18;1;0.0;1;unknown;weak_rule;conservative_pair_rule_v2
состояние охраны;16.07.2025 07:49:23;1;0.0;1;unknown;weak_rule;conservative_pair_rule_v2
состояние охраны;16.07.2025 16:06:55;1;0.0;1;unknown;weak_rule;conservative_pair_rule_v2
состояние охраны;16.07.2025 18:27:40;1;0.0;1;unknown;weak_rule;conservative_pair_rule_v2
состояние охраны;20.07.2025 05:25:52;1;0.0;1;unknown;weak_rule;conservative_pair_rule_v2
состояние охраны;21.07.2025 16:04:32;1;0.0;1;unknown;weak_rule;conservative_pair_rule_v2
состояние охраны;21.07.2025 16:38:26;1;0.0;1;unknown;weak_rule;conservative_pair_rule_v2
состояние охраны;21.07.2025 16:38:32;1;0.0;1;unknown;weak_rule;conservative_pair_rule_v2
состояние охраны;22.07.2025 08:14:55;1;0.0;1;unknown;weak_rule;conservative_pair_rule_v2
состояние охраны;27.07.2025 07:53:54;1;0.0;1;unknown;weak_rule;conservative_pair_rule_v2
состояние охраны;27.07.2025 09:02:16;1;0.0;1;unknown;weak_rule;conservative_pair_rule_v2
состояние охраны;27.07.2025 16:34:04;1;0.0;1;unknown;weak_rule;conservative_pair_rule_v2
состояние охраны;29.07.2025 07:43:36;1;0.0;1;unknown;weak_rule;conservative_pair_rule_v2
состояние охраны;29.07.2025 13:32:47;1;0.0;1;unknown;weak_rule;conservative_pair_rule_v2
состояние охраны;29.07.2025 13:54:34;1;0.0;1;unknown;weak_rule;conservative_pair_rule_v2
состояние охраны;29.07.2025 15:04:03;1;0.0;1;unknown;weak_rule;conservative_pair_rule_v2
состояние охраны;29.07.2025 16:24:18;1;0.0;1;unknown;weak_rule;conservative_pair_rule_v2
состояние охраны;29.07.2025 17:22:56;1;0.0;1;unknown;weak_rule;conservative_pair_rule_v2
состояние охраны;03.08.2025 14:29:47;1;0.0;1;unknown;weak_rule;conservative_pair_rule_v2
состояние охраны;04.08.2025 05:42:09;1;0.0;1;unknown;weak_rule;conservative_pair_rule_v2
состояние охраны;04.08.2025 07:14:47;1;0.0;1;unknown;weak_rule;conservative_pair_rule_v2
состояние охраны;04.08.2025 07:29:01;1;0.0;1;unknown;weak_rule;conservative_pair_rule_v2
состояние охраны;04.08.2025 07:54:37;1;0.0;1;unknown;weak_rule;conservative_pair_rule_v2
состояние охраны;06.08.2025 16:17:37;1;0.0;1;unknown;weak_rule;conservative_pair_rule_v2
состояние охраны;07.08.2025 07:22:27;1;0.0;1;unknown;weak_rule;conservative_pair_rule_v2
состояние охраны;07.08.2025 07:53:03;1;0.0;1;unknown;weak_rule;conservative_pair_rule_v2
состояние охраны;07.08.2025 08:00:28;1;0.0;1;unknown;weak_rule;conservative_pair_rule_v2
состояние охраны;07.08.2025 08:05:40;1;0.0;1;unknown;weak_rule;conservative_pair_rule_v2
состояние охраны;10.08.2025 11:40:15;1;0.0;1;unknown;weak_rule;conservative_pair_rule_v2
состояние охраны;11.08.2025 08:06:54;1;0.0;1;unknown;weak_rule;conservative_pair_rule_v2
состояние охраны;15.08.2025 15:51:30;1;0.0;1;unknown;weak_rule;conservative_pair_rule_v2
состояние охраны;15.08.2025 23:35:34;1;0.0;1;unknown;weak_rule;conservative_pair_rule_v2
состояние охраны;20.08.2025 07:17:30;1;0.0;1;unknown;weak_rule;conservative_pair_rule_v2
состояние охраны;20.08.2025 07:36:18;1;0.0;1;unknown;weak_rule;conservative_pair_rule_v2
состояние охраны;20.08.2025 07:53:26;1;0.0;1;unknown;weak_rule;conservative_pair_rule_v2
состояние охраны;20.08.2025 08:02:09;1;0.0;1;unknown;weak_rule;conservative_pair_rule_v2
состояние охраны;20.08.2025 15:51:43;1;0.0;1;unknown;weak_rule;conservative_pair_rule_v2
состояние охраны;20.08.2025 16:07:03;1;0.0;1;unknown;weak_rule;conservative_pair_rule_v2
состояние охраны;20.08.2025 16:42:56;1;0.0;1;unknown;weak_rule;conservative_pair_rule_v2
состояние охраны;26.08.2025 07:19:53;1;0.0;1;unknown;weak_rule;conservative_pair_rule_v2
состояние охраны;26.08.2025 07:49:00;1;0.0;1;unknown;weak_rule;conservative_pair_rule_v2
состояние охраны;26.08.2025 08:29:33;1;0.0;1;unknown;weak_rule;conservative_pair_rule_v2
состояние охраны;26.08.2025 08:37:04;1;0.0;1;unknown;weak_rule;conservative_pair_rule_v2
состояние охраны;26.08.2025 09:18:55;1;0.0;1;unknown;weak_rule;conservative_pair_rule_v2
состояние охраны;26.08.2025 10:24:31;1;0.0;1;unknown;weak_rule;conservative_pair_rule_v2
состояние охраны;29.08.2025 19:45:31;1;0.0;1;unknown;weak_rule;conservative_pair_rule_v2
состояние охраны;30.08.2025 07:43:45;1;0.0;1;unknown;weak_rule;conservative_pair_rule_v2
состояние охраны;30.08.2025 08:06:09;1;0.0;1;unknown;weak_rule;conservative_pair_rule_v2
состояние охраны;02.09.2025 19:38:07;1;0.0;1;unknown;weak_rule;conservative_pair_rule_v2
состояние охраны;02.09.2025 21:50:24;1;0.0;1;unknown;weak_rule;conservative_pair_rule_v2
состояние охраны;02.09.2025 22:01:26;1;0.0;1;unknown;weak_rule;conservative_pair_rule_v2
состояние охраны;02.09.2025 22:31:31;1;0.0;1;unknown;weak_rule;conservative_pair_rule_v2
состояние охраны;03.09.2025 07:07:57;1;0.0;1;unknown;weak_rule;conservative_pair_rule_v2
состояние охраны;03.09.2025 07:23:17;1;0.0;1;unknown;weak_rule;conservative_pair_rule_v2
состояние охраны;03.09.2025 08:02:10;1;0.0;1;unknown;weak_rule;conservative_pair_rule_v2
состояние охраны;03.09.2025 08:40:05;1;0.0;1;unknown;weak_rule;conservative_pair_rule_v2
состояние охраны;06.09.2025 07:25:46;1;0.0;1;unknown;weak_rule;conservative_pair_rule_v2
состояние охраны;06.09.2025 08:58:01;1;0.0;1;unknown;weak_rule;conservative_pair_rule_v2
состояние охраны;06.09.2025 10:16:55;1;0.0;1;unknown;weak_rule;conservative_pair_rule_v2
состояние охраны;06.09.2025 14:51:06;1;0.0;1;unknown;weak_rule;conservative_pair_rule_v2
состояние охраны;06.09.2025 17:59:19;1;0.0;1;unknown;weak_rule;conservative_pair_rule_v2
состояние охраны;06.09.2025 21:53:14;1;0.0;1;unknown;weak_rule;conservative_pair_rule_v2
состояние охраны;09.09.2025 17:13:04;1;0.0;1;unknown;weak_rule;conservative_pair_rule_v2
состояние охраны;09.09.2025 23:05:15;1;0.0;1;unknown;weak_rule;conservative_pair_rule_v2
состояние охраны;10.09.2025 07:16:45;1;0.0;1;unknown;weak_rule;conservative_pair_rule_v2
состояние охраны;10.09.2025 08:08:39;1;0.0;1;unknown;weak_rule;conservative_pair_rule_v2
состояние охраны;10.09.2025 08:10:10;1;0.0;1;unknown;weak_rule;conservative_pair_rule_v2
состояние охраны;10.09.2025 08:37:48;1;0.0;1;unknown;weak_rule;conservative_pair_rule_v2
состояние охраны;13.09.2025 13:25:27;1;0.0;1;unknown;weak_rule;conservative_pair_rule_v2
состояние охраны;17.09.2025 07:51:49;1;0.0;1;unknown;weak_rule;conservative_pair_rule_v2
состояние охраны;17.09.2025 07:58:10;1;0.0;1;unknown;weak_rule;conservative_pair_rule_v2
состояние охраны;17.09.2025 14:21:36;1;0.0;1;unknown;weak_rule;conservative_pair_rule_v2
состояние охраны;17.09.2025 18:54:15;1;0.0;1;unknown;weak_rule;conservative_pair_rule_v2
состояние охраны;21.09.2025 18:44:29;1;0.0;1;unknown;weak_rule;conservative_pair_rule_v2
состояние охраны;24.09.2025 16:31:41;1;0.0;1;unknown;weak_rule;conservative_pair_rule_v2
состояние охраны;24.09.2025 16:51:27;1;0.0;1;unknown;weak_rule;conservative_pair_rule_v2
состояние охраны;24.09.2025 17:07:00;1;0.0;1;unknown;weak_rule;conservative_pair_rule_v2
состояние охраны;25.09.2025 05:35:23;1;0.0;1;unknown;weak_rule;conservative_pair_rule_v2
состояние охраны;25.09.2025 07:22:09;1;0.0;1;unknown;weak_rule;conservative_pair_rule_v2
состояние охраны;25.09.2025 07:55:19;1;0.0;1;unknown;weak_rule;conservative_pair_rule_v2
состояние охраны;25.09.2025 08:02:42;1;0.0;1;unknown;weak_rule;conservative_pair_rule_v2
состояние охраны;28.09.2025 23:11:57;1;0.0;1;unknown;weak_rule;conservative_pair_rule_v2
состояние охраны;29.09.2025 08:03:39;1;0.0;1;unknown;weak_rule;conservative_pair_rule_v2
состояние охраны;29.09.2025 08:51:03;1;0.0;1;unknown;weak_rule;conservative_pair_rule_v2
состояние охраны;02.10.2025 07:08:47;1;0.0;1;unknown;weak_rule;conservative_pair_rule_v2
состояние охраны;02.10.2025 07:37:17;1;0.0;1;unknown;weak_rule;conservative_pair_rule_v2
состояние охраны;02.10.2025 08:00:40;1;0.0;1;unknown;weak_rule;conservative_pair_rule_v2
состояние охраны;02.10.2025 08:01:49;1;0.0;1;unknown;weak_rule;conservative_pair_rule_v2
состояние охраны;02.10.2025 08:04:02;1;0.0;1;unknown;weak_rule;conservative_pair_rule_v2
состояние охраны;02.10.2025 08:32:34;1;0.0;1;unknown;weak_rule;conservative_pair_rule_v2
состояние охраны;02.10.2025 09:57:06;1;0.0;1;unknown;weak_rule;conservative_pair_rule_v2
состояние охраны;02.10.2025 10:23:07;1;0.0;1;unknown;weak_rule;conservative_pair_rule_v2
состояние охраны;02.10.2025 10:37:22;1;0.0;1;unknown;weak_rule;conservative_pair_rule_v2
состояние охраны;02.10.2025 10:52:17;1;0.0;1;unknown;weak_rule;conservative_pair_rule_v2
состояние охраны;02.10.2025 15:42:30;1;0.0;1;unknown;weak_rule;conservative_pair_rule_v2
состояние охраны;02.10.2025 15:46:37;1;0.0;1;unknown;weak_rule;conservative_pair_rule_v2
состояние охраны;02.10.2025 16:53:30;1;0.0;1;unknown;weak_rule;conservative_pair_rule_v2
состояние охраны;02.10.2025 23:16:16;1;0.0;1;unknown;weak_rule;conservative_pair_rule_v2
состояние охраны;02.10.2025 23:34:01;1;0.0;1;unknown;weak_rule;conservative_pair_rule_v2
состояние охраны;04.10.2025 16:50:44;1;0.0;1;unknown;weak_rule;conservative_pair_rule_v2
состояние охраны;05.10.2025 01:48:50;1;0.0;1;unknown;weak_rule;conservative_pair_rule_v2
состояние охраны;10.10.2025 08:02:18;1;0.0;1;unknown;weak_rule;conservative_pair_rule_v2
состояние охраны;10.10.2025 09:02:01;1;0.0;1;unknown;weak_rule;conservative_pair_rule_v2
состояние охраны;10.10.2025 11:28:32;1;0.0;1;unknown;weak_rule;conservative_pair_rule_v2
состояние охраны;10.10.2025 15:27:23;1;0.0;1;unknown;weak_rule;conservative_pair_rule_v2
состояние охраны;10.10.2025 17:00:24;1;0.0;1;unknown;weak_rule;conservative_pair_rule_v2
состояние охраны;14.10.2025 15:59:15;1;0.0;1;unknown;weak_rule;conservative_pair_rule_v2
состояние охраны;14.10.2025 16:40:59;1;0.0;1;unknown;weak_rule;conservative_pair_rule_v2
состояние охраны;14.10.2025 16:49:55;1;0.0;1;unknown;weak_rule;conservative_pair_rule_v2
состояние охраны;14.10.2025 16:52:09;1;0.0;1;unknown;weak_rule;conservative_pair_rule_v2
состояние охраны;14.10.2025 19:02:38;1;0.0;1;unknown;weak_rule;conservative_pair_rule_v2
состояние охраны;14.10.2025 23:48:35;1;0.0;1;unknown;weak_rule;conservative_pair_rule_v2
состояние охраны;15.10.2025 00:17:14;1;0.0;1;unknown;weak_rule;conservative_pair_rule_v2
состояние охраны;15.10.2025 07:15:21;1;0.0;1;unknown;weak_rule;conservative_pair_rule_v2
состояние охраны;15.10.2025 08:02:13;1;0.0;1;unknown;weak_rule;conservative_pair_rule_v2
состояние охраны;15.10.2025 08:07:11;1;0.0;1;unknown;weak_rule;conservative_pair_rule_v2
состояние охраны;15.10.2025 08:43:18;1;0.0;1;unknown;weak_rule;conservative_pair_rule_v2
состояние охраны;19.10.2025 00:23:02;1;0.0;1;unknown;weak_rule;conservative_pair_rule_v2
состояние охраны;19.10.2025 06:46:45;1;0.0;1;unknown;weak_rule;conservative_pair_rule_v2
состояние охраны;19.10.2025 07:00:30;1;0.0;1;unknown;weak_rule;conservative_pair_rule_v2
состояние охраны;19.10.2025 11:06:43;1;0.0;1;unknown;weak_rule;conservative_pair_rule_v2
состояние охраны;19.10.2025 11:24:42;1;0.0;1;unknown;weak_rule;conservative_pair_rule_v2
состояние охраны;19.10.2025 12:22:03;1;0.0;1;unknown;weak_rule;conservative_pair_rule_v2
состояние охраны;23.10.2025 13:16:41;1;0.0;1;unknown;weak_rule;conservative_pair_rule_v2
состояние охраны;23.10.2025 13:16:46;1;0.0;1;unknown;weak_rule;conservative_pair_rule_v2
состояние охраны;23.10.2025 16:15:46;1;0.0;1;unknown;weak_rule;conservative_pair_rule_v2
состояние охраны;23.10.2025 16:57:03;1;0.0;1;unknown;weak_rule;conservative_pair_rule_v2
состояние охраны;27.10.2025 15:07:23;1;0.0;1;unknown;weak_rule;conservative_pair_rule_v2
состояние охраны;27.10.2025 16:25:17;1;0.0;1;unknown;weak_rule;conservative_pair_rule_v2
состояние охраны;27.10.2025 17:40:16;1;0.0;1;unknown;weak_rule;conservative_pair_rule_v2
состояние охраны;27.10.2025 17:41:18;1;0.0;1;unknown;weak_rule;conservative_pair_rule_v2
состояние охраны;27.10.2025 19:21:34;1;0.0;1;unknown;weak_rule;conservative_pair_rule_v2
состояние охраны;27.10.2025 19:35:02;1;0.0;1;unknown;weak_rule;conservative_pair_rule_v2
состояние охраны;27.10.2025 20:11:49;1;0.0;1;unknown;weak_rule;conservative_pair_rule_v2
состояние охраны;27.10.2025 20:11:52;1;0.0;1;unknown;weak_rule;conservative_pair_rule_v2
состояние охраны;28.10.2025 01:35:07;1;0.0;1;unknown;weak_rule;conservative_pair_rule_v2
состояние охраны;28.10.2025 01:38:08;1;0.0;1;unknown;weak_rule;conservative_pair_rule_v2
состояние охраны;28.10.2025 07:51:56;1;0.0;1;unknown;weak_rule;conservative_pair_rule_v2
состояние охраны;28.10.2025 07:59:16;1;0.0;1;unknown;weak_rule;conservative_pair_rule_v2
состояние охраны;28.10.2025 08:45:22;1;0.0;1;unknown;weak_rule;conservative_pair_rule_v2
состояние охраны;28.10.2025 11:18:19;1;0.0;1;unknown;weak_rule;conservative_pair_rule_v2
состояние охраны;31.10.2025 16:29:02;1;0.0;1;unknown;weak_rule;conservative_pair_rule_v2
состояние охраны;31.10.2025 17:00:27;1;0.0;1;unknown;weak_rule;conservative_pair_rule_v2
состояние охраны;31.10.2025 17:30:59;1;0.0;1;unknown;weak_rule;conservative_pair_rule_v2
состояние охраны;31.10.2025 20:36:21;1;0.0;1;unknown;weak_rule;conservative_pair_rule_v2
состояние охраны;01.11.2025 07:15:38;1;0.0;1;unknown;weak_rule;conservative_pair_rule_v2
состояние охраны;01.11.2025 15:36:20;1;0.0;1;unknown;weak_rule;conservative_pair_rule_v2
состояние охраны;05.11.2025 16:09:42;1;0.0;1;unknown;weak_rule;conservative_pair_rule_v2
состояние охраны;05.11.2025 16:39:32;1;0.0;1;unknown;weak_rule;conservative_pair_rule_v2
состояние охраны;05.11.2025 20:03:20;1;0.0;1;unknown;weak_rule;conservative_pair_rule_v2
состояние охраны;06.11.2025 07:45:43;1;0.0;1;unknown;weak_rule;conservative_pair_rule_v2
состояние охраны;06.11.2025 08:22:36;1;0.0;1;unknown;weak_rule;conservative_pair_rule_v2
состояние охраны;12.11.2025 20:03:09;1;0.0;1;unknown;weak_rule;conservative_pair_rule_v2
состояние охраны;13.11.2025 07:39:56;1;0.0;1;unknown;weak_rule;conservative_pair_rule_v2
состояние охраны;13.11.2025 07:56:33;1;0.0;1;unknown;weak_rule;conservative_pair_rule_v2
состояние охраны;13.11.2025 08:02:13;1;0.0;1;unknown;weak_rule;conservative_pair_rule_v2
состояние охраны;13.11.2025 08:45:40;1;0.0;1;unknown;weak_rule;conservative_pair_rule_v2
состояние охраны;13.11.2025 09:51:19;1;0.0;1;unknown;weak_rule;conservative_pair_rule_v2
состояние охраны;13.11.2025 09:54:37;1;0.0;1;unknown;weak_rule;conservative_pair_rule_v2
состояние охраны;13.11.2025 11:37:31;1;0.0;1;unknown;weak_rule;conservative_pair_rule_v2
состояние охраны;13.11.2025 16:18:09;1;0.0;1;unknown;weak_rule;conservative_pair_rule_v2
состояние охраны;13.11.2025 21:16:29;1;0.0;1;unknown;weak_rule;conservative_pair_rule_v2
состояние охраны;14.11.2025 07:58:32;1;0.0;1;unknown;weak_rule;conservative_pair_rule_v2
состояние охраны;14.11.2025 11:01:14;1;0.0;1;unknown;weak_rule;conservative_pair_rule_v2
состояние охраны;14.11.2025 14:51:33;1;0.0;1;unknown;weak_rule;conservative_pair_rule_v2
состояние охраны;14.11.2025 16:28:57;1;0.0;1;unknown;weak_rule;conservative_pair_rule_v2
состояние охраны;14.11.2025 17:00:31;1;0.0;1;unknown;weak_rule;conservative_pair_rule_v2
состояние охраны;14.11.2025 20:03:55;1;0.0;1;unknown;weak_rule;conservative_pair_rule_v2
состояние охраны;18.11.2025 16:07:19;1;0.0;1;unknown;weak_rule;conservative_pair_rule_v2
состояние охраны;18.11.2025 16:07:23;1;0.0;1;unknown;weak_rule;conservative_pair_rule_v2
состояние охраны;18.11.2025 17:23:23;1;0.0;1;unknown;weak_rule;conservative_pair_rule_v2
состояние охраны;18.11.2025 18:38:05;1;0.0;1;unknown;weak_rule;conservative_pair_rule_v2
состояние охраны;18.11.2025 22:14:44;1;0.0;1;unknown;weak_rule;conservative_pair_rule_v2
состояние охраны;18.11.2025 22:36:47;1;0.0;1;unknown;weak_rule;conservative_pair_rule_v2
состояние охраны;19.11.2025 07:18:36;1;0.0;1;unknown;weak_rule;conservative_pair_rule_v2
состояние охраны;19.11.2025 07:50:52;1;0.0;1;unknown;weak_rule;conservative_pair_rule_v2
состояние охраны;19.11.2025 08:02:07;1;0.0;1;unknown;weak_rule;conservative_pair_rule_v2
состояние охраны;19.11.2025 08:06:13;1;0.0;1;unknown;weak_rule;conservative_pair_rule_v2
состояние охраны;24.11.2025 07:55:44;1;0.0;1;unknown;weak_rule;conservative_pair_rule_v2
состояние охраны;24.11.2025 08:03:15;1;0.0;1;unknown;weak_rule;conservative_pair_rule_v2
состояние охраны;24.11.2025 08:03:20;1;0.0;1;unknown;weak_rule;conservative_pair_rule_v2
состояние охраны;24.11.2025 08:13:17;1;0.0;1;unknown;weak_rule;conservative_pair_rule_v2
состояние охраны;24.11.2025 09:55:37;1;0.0;1;unknown;weak_rule;conservative_pair_rule_v2
состояние охраны;27.11.2025 14:36:31;1;0.0;1;unknown;weak_rule;conservative_pair_rule_v2
состояние охраны;27.11.2025 15:35:34;1;0.0;1;unknown;weak_rule;conservative_pair_rule_v2
состояние охраны;27.11.2025 15:35:48;1;0.0;1;unknown;weak_rule;conservative_pair_rule_v2
состояние охраны;28.11.2025 07:00:53;1;0.0;1;unknown;weak_rule;conservative_pair_rule_v2
состояние охраны;28.11.2025 07:58:22;1;0.0;1;unknown;weak_rule;conservative_pair_rule_v2
состояние охраны;28.11.2025 08:01:51;1;0.0;1;unknown;weak_rule;conservative_pair_rule_v2
состояние охраны;28.11.2025 08:02:29;1;0.0;1;unknown;weak_rule;conservative_pair_rule_v2
состояние охраны;02.12.2025 09:11:30;1;0.0;1;unknown;weak_rule;conservative_pair_rule_v2
состояние охраны;02.12.2025 16:11:21;1;0.0;1;unknown;weak_rule;conservative_pair_rule_v2
состояние охраны;02.12.2025 16:29:33;1;0.0;1;unknown;weak_rule;conservative_pair_rule_v2
состояние охраны;02.12.2025 16:55:20;1;0.0;1;unknown;weak_rule;conservative_pair_rule_v2
состояние охраны;02.12.2025 16:55:26;1;0.0;1;unknown;weak_rule;conservative_pair_rule_v2
состояние охраны;02.12.2025 16:59:37;1;0.0;1;unknown;weak_rule;conservative_pair_rule_v2
состояние охраны;03.12.2025 08:14:38;1;0.0;1;unknown;weak_rule;conservative_pair_rule_v2
состояние охраны;05.12.2025 16:06:50;1;0.0;1;unknown;weak_rule;conservative_pair_rule_v2
состояние охраны;05.12.2025 16:23:43;1;0.0;1;unknown;weak_rule;conservative_pair_rule_v2
состояние охраны;05.12.2025 22:50:04;1;0.0;1;unknown;weak_rule;conservative_pair_rule_v2
состояние охраны;05.12.2025 23:25:17;1;0.0;1;unknown;weak_rule;conservative_pair_rule_v2
состояние охраны;06.12.2025 10:19:14;1;0.0;1;unknown;weak_rule;conservative_pair_rule_v2
состояние охраны;09.12.2025 08:02:42;1;0.0;1;unknown;weak_rule;conservative_pair_rule_v2
состояние охраны;09.12.2025 16:36:54;1;0.0;1;unknown;weak_rule;conservative_pair_rule_v2
состояние охраны;09.12.2025 16:46:53;1;0.0;1;unknown;weak_rule;conservative_pair_rule_v2
состояние охраны;09.12.2025 21:27:45;1;0.0;1;unknown;weak_rule;conservative_pair_rule_v2
состояние охраны;09.12.2025 21:27:48;1;0.0;1;unknown;weak_rule;conservative_pair_rule_v2
состояние охраны;09.12.2025 21:45:09;1;0.0;1;unknown;weak_rule;conservative_pair_rule_v2
состояние охраны;09.12.2025 23:38:32;1;0.0;1;unknown;weak_rule;conservative_pair_rule_v2
состояние охраны;15.12.2025 08:26:10;1;0.0;1;unknown;weak_rule;conservative_pair_rule_v2
состояние охраны;18.12.2025 16:33:40;1;0.0;1;unknown;weak_rule;conservative_pair_rule_v2
состояние охраны;18.12.2025 16:33:44;1;0.0;1;unknown;weak_rule;conservative_pair_rule_v2
состояние охраны;18.12.2025 16:41:20;1;0.0;1;unknown;weak_rule;conservative_pair_rule_v2
состояние охраны;19.12.2025 08:19:44;1;0.0;1;unknown;weak_rule;conservative_pair_rule_v2
состояние охраны;19.12.2025 08:27:42;1;0.0;1;unknown;weak_rule;conservative_pair_rule_v2
состояние охраны;19.12.2025 09:00:53;1;0.0;1;unknown;weak_rule;conservative_pair_rule_v2
состояние охраны;23.12.2025 13:05:21;1;0.0;1;unknown;weak_rule;conservative_pair_rule_v2
состояние охраны;23.12.2025 14:14:50;1;0.0;1;unknown;weak_rule;conservative_pair_rule_v2
состояние охраны;23.12.2025 16:56:55;1;0.0;1;unknown;weak_rule;conservative_pair_rule_v2
состояние охраны;23.12.2025 17:37:10;1;0.0;1;unknown;weak_rule;conservative_pair_rule_v2
состояние охраны;23.12.2025 20:12:22;1;0.0;1;unknown;weak_rule;conservative_pair_rule_v2
состояние охраны;24.12.2025 07:39:44;1;0.0;1;unknown;weak_rule;conservative_pair_rule_v2
состояние охраны;24.12.2025 07:52:21;1;0.0;1;unknown;weak_rule;conservative_pair_rule_v2
состояние охраны;24.12.2025 07:53:56;1;0.0;1;unknown;weak_rule;conservative_pair_rule_v2
состояние охраны;24.12.2025 11:54:11;1;0.0;1;unknown;weak_rule;conservative_pair_rule_v2
состояние охраны;27.12.2025 20:02:02;1;0.0;1;unknown;weak_rule;conservative_pair_rule_v2
состояние охраны;31.12.2025 12:56:34;1;0.0;1;unknown;weak_rule;conservative_pair_rule_v2
состояние охраны;31.12.2025 18:03:26;1;0.0;1;unknown;weak_rule;conservative_pair_rule_v2
;выключен;1;0.0;1;unknown;weak_rule;conservative_pair_rule_v2
состояние охраны;05.01.2025 13:22:52;1;0.0;1;unknown;weak_rule;conservative_pair_rule_v2
состояние охраны;09.01.2025 07:14:53;1;0.0;1;unknown;weak_rule;conservative_pair_rule_v2
состояние охраны;09.01.2025 08:10:58;1;0.0;1;unknown;weak_rule;conservative_pair_rule_v2
состояние охраны;09.01.2025 16:59:27;1;0.0;1;unknown;weak_rule;conservative_pair_rule_v2
состояние охраны;09.01.2025 18:57:46;1;0.0;1;unknown;weak_rule;conservative_pair_rule_v2
состояние охраны;13.01.2025 07:54:48;1;0.0;1;unknown;weak_rule;conservative_pair_rule_v2
состояние охраны;13.01.2025 08:00:20;1;0.0;1;unknown;weak_rule;conservative_pair_rule_v2
состояние охраны;13.01.2025 08:04:48;1;0.0;1;unknown;weak_rule;conservative_pair_rule_v2
состояние охраны;13.01.2025 15:15:35;1;0.0;1;unknown;weak_rule;conservative_pair_rule_v2
состояние охраны;13.01.2025 15:53:34;1;0.0;1;unknown;weak_rule;conservative_pair_rule_v2
состояние охраны;13.01.2025 15:57:08;1;0.0;1;unknown;weak_rule;conservative_pair_rule_v2
состояние охраны;13.01.2025 16:58:58;1;0.0;1;unknown;weak_rule;conservative_pair_rule_v2
состояние охраны;13.01.2025 17:02:27;1;0.0;1;unknown;weak_rule;conservative_pair_rule_v2
состояние охраны;13.01.2025 17:02:44;1;0.0;1;unknown;weak_rule;conservative_pair_rule_v2
состояние охраны;13.01.2025 19:56:56;1;0.0;1;unknown;weak_rule;conservative_pair_rule_v2
состояние охраны;13.01.2025 21:59:33;1;0.0;1;unknown;weak_rule;conservative_pair_rule_v2
состояние охраны;17.01.2025 16:10:18;1;0.0;1;unknown;weak_rule;conservative_pair_rule_v2
состояние охраны;17.01.2025 16:31:10;1;0.0;1;unknown;weak_rule;conservative_pair_rule_v2
состояние охраны;17.01.2025 16:58:12;1;0.0;1;unknown;weak_rule;conservative_pair_rule_v2
состояние охраны;17.01.2025 18:43:12;1;0.0;1;unknown;weak_rule;conservative_pair_rule_v2
состояние охраны;17.01.2025 19:55:48;1;0.0;1;unknown;weak_rule;conservative_pair_rule_v2
состояние охраны;20.01.2025 19:55:30;1;0.0;1;unknown;weak_rule;conservative_pair_rule_v2
состояние охраны;21.01.2025 07:29:40;1;0.0;1;unknown;weak_rule;conservative_pair_rule_v2
состояние охраны;21.01.2025 07:56:44;1;0.0;1;unknown;weak_rule;conservative_pair_rule_v2
состояние охраны;21.01.2025 08:10:13;1;0.0;1;unknown;weak_rule;conservative_pair_rule_v2
состояние охраны;21.01.2025 09:01:52;1;0.0;1;unknown;weak_rule;conservative_pair_rule_v2
состояние охраны;21.01.2025 15:02:42;1;0.0;1;unknown;weak_rule;conservative_pair_rule_v2
состояние охраны;24.01.2025 08:00:34;1;0.0;1;unknown;weak_rule;conservative_pair_rule_v2
состояние охраны;24.01.2025 08:31:55;1;0.0;1;unknown;weak_rule;conservative_pair_rule_v2
состояние охраны;24.01.2025 14:36:15;1;0.0;1;unknown;weak_rule;conservative_pair_rule_v2
состояние охраны;24.01.2025 15:59:46;1;0.0;1;unknown;weak_rule;conservative_pair_rule_v2
состояние охраны;24.01.2025 17:08:42;1;0.0;1;unknown;weak_rule;conservative_pair_rule_v2
состояние охраны;28.01.2025 08:08:40;1;0.0;1;unknown;weak_rule;conservative_pair_rule_v2
состояние охраны;28.01.2025 09:40:42;1;0.0;1;unknown;weak_rule;conservative_pair_rule_v2
состояние охраны;28.01.2025 16:59:41;1;0.0;1;unknown;weak_rule;conservative_pair_rule_v2
состояние охраны;28.01.2025 18:46:19;1;0.0;1;unknown;weak_rule;conservative_pair_rule_v2
состояние охраны;29.01.2025 07:58:21;1;0.0;1;unknown;weak_rule;conservative_pair_rule_v2
состояние охраны;29.01.2025 07:59:35;1;0.0;1;unknown;weak_rule;conservative_pair_rule_v2
состояние охраны;03.02.2025 20:14:05;1;0.0;1;unknown;weak_rule;conservative_pair_rule_v2
состояние охраны;04.02.2025 07:16:47;1;0.0;1;unknown;weak_rule;conservative_pair_rule_v2
состояние охраны;04.02.2025 08:47:37;1;0.0;1;unknown;weak_rule;conservative_pair_rule_v2
состояние охраны;04.02.2025 09:17:14;1;0.0;1;unknown;weak_rule;conservative_pair_rule_v2
состояние охраны;04.02.2025 16:40:17;1;0.0;1;unknown;weak_rule;conservative_pair_rule_v2
состояние охраны;04.02.2025 20:29:38;1;0.0;1;unknown;weak_rule;conservative_pair_rule_v2
состояние охраны;04.02.2025 21:06:23;1;0.0;1;unknown;weak_rule;conservative_pair_rule_v2
состояние охраны;06.02.2025 05:04:43;1;0.0;1;unknown;weak_rule;conservative_pair_rule_v2
состояние охраны;06.02.2025 07:31:59;1;0.0;1;unknown;weak_rule;conservative_pair_rule_v2
состояние охраны;06.02.2025 07:51:38;1;0.0;1;unknown;weak_rule;conservative_pair_rule_v2
состояние охраны;06.02.2025 08:00:36;1;0.0;1;unknown;weak_rule;conservative_pair_rule_v2
состояние охраны;06.02.2025 08:03:46;1;0.0;1;unknown;weak_rule;conservative_pair_rule_v2
состояние охраны;06.02.2025 08:18:24;1;0.0;1;unknown;weak_rule;conservative_pair_rule_v2
состояние охраны;06.02.2025 08:18:32;1;0.0;1;unknown;weak_rule;conservative_pair_rule_v2
состояние охраны;06.02.2025 08:27:29;1;0.0;1;unknown;weak_rule;conservative_pair_rule_v2
состояние охраны;06.02.2025 11:47:40;1;0.0;1;unknown;weak_rule;conservative_pair_rule_v2
состояние охраны;06.02.2025 16:55:05;1;0.0;1;unknown;weak_rule;conservative_pair_rule_v2
состояние охраны;06.02.2025 16:59:41;1;0.0;1;unknown;weak_rule;conservative_pair_rule_v2
состояние охраны;06.02.2025 20:02:27;1;0.0;1;unknown;weak_rule;conservative_pair_rule_v2
состояние охраны;12.02.2025 10:43:52;1;0.0;1;unknown;weak_rule;conservative_pair_rule_v2
состояние охраны;12.02.2025 16:44:26;1;0.0;1;unknown;weak_rule;conservative_pair_rule_v2
состояние охраны;13.02.2025 07:52:58;1;0.0;1;unknown;weak_rule;conservative_pair_rule_v2
состояние охраны;13.02.2025 08:00:52;1;0.0;1;unknown;weak_rule;conservative_pair_rule_v2
состояние охраны;13.02.2025 08:12:31;1;0.0;1;unknown;weak_rule;conservative_pair_rule_v2
состояние охраны;13.02.2025 08:49:44;1;0.0;1;unknown;weak_rule;conservative_pair_rule_v2
состояние охраны;13.02.2025 09:05:38;1;0.0;1;unknown;weak_rule;conservative_pair_rule_v2
состояние охраны;15.02.2025 19:15:32;1;0.0;1;unknown;weak_rule;conservative_pair_rule_v2
состояние охраны;15.02.2025 20:14:05;1;0.0;1;unknown;weak_rule;conservative_pair_rule_v2
состояние охраны;15.02.2025 20:23:55;1;0.0;1;unknown;weak_rule;conservative_pair_rule_v2
состояние охраны;16.02.2025 07:57:41;1;0.0;1;unknown;weak_rule;conservative_pair_rule_v2
состояние охраны;16.02.2025 08:57:37;1;0.0;1;unknown;weak_rule;conservative_pair_rule_v2
состояние охраны;16.02.2025 13:57:19;1;0.0;1;unknown;weak_rule;conservative_pair_rule_v2
состояние охраны;16.02.2025 20:04:31;1;0.0;1;unknown;weak_rule;conservative_pair_rule_v2
состояние охраны;16.02.2025 21:34:53;1;0.0;1;unknown;weak_rule;conservative_pair_rule_v2
состояние охраны;20.02.2025 13:19:59;1;0.0;1;unknown;weak_rule;conservative_pair_rule_v2
состояние охраны;20.02.2025 15:16:34;1;0.0;1;unknown;weak_rule;conservative_pair_rule_v2
состояние охраны;20.02.2025 17:30:46;1;0.0;1;unknown;weak_rule;conservative_pair_rule_v2
состояние охраны;21.02.2025 09:12:24;1;0.0;1;unknown;weak_rule;conservative_pair_rule_v2
состояние охраны;27.02.2025 11:22:58;1;0.0;1;unknown;weak_rule;conservative_pair_rule_v2
состояние охраны;27.02.2025 17:01:35;1;0.0;1;unknown;weak_rule;conservative_pair_rule_v2
состояние охраны;27.02.2025 20:03:53;1;0.0;1;unknown;weak_rule;conservative_pair_rule_v2
состояние охраны;28.02.2025 07:16:53;1;0.0;1;unknown;weak_rule;conservative_pair_rule_v2
состояние охраны;28.02.2025 07:59:40;1;0.0;1;unknown;weak_rule;conservative_pair_rule_v2
состояние охраны;03.03.2025 08:14:30;1;0.0;1;unknown;weak_rule;conservative_pair_rule_v2
состояние охраны;03.03.2025 14:51:18;1;0.0;1;unknown;weak_rule;conservative_pair_rule_v2
состояние охраны;03.03.2025 16:05:56;1;0.0;1;unknown;weak_rule;conservative_pair_rule_v2
состояние охраны;03.03.2025 16:43:05;1;0.0;1;unknown;weak_rule;conservative_pair_rule_v2
состояние охраны;03.03.2025 16:48:41;1;0.0;1;unknown;weak_rule;conservative_pair_rule_v2
состояние охраны;03.03.2025 17:00:33;1;0.0;1;unknown;weak_rule;conservative_pair_rule_v2
состояние охраны;03.03.2025 18:14:04;1;0.0;1;unknown;weak_rule;conservative_pair_rule_v2
газовый датчик;2.15;1;0.0;1;unknown;weak_rule;conservative_pair_rule_v2
газовый датчик;2.29;1;0.0;1;unknown;weak_rule;conservative_pair_rule_v2
газовый датчик;2.35;1;0.0;1;unknown;weak_rule;conservative_pair_rule_v2
газовый датчик;2.43;1;0.0;1;unknown;weak_rule;conservative_pair_rule_v2
состояние охраны;06.03.2025 15:00:02;1;0.0;1;unknown;weak_rule;conservative_pair_rule_v2
состояние охраны;06.03.2025 15:01:39;1;0.0;1;unknown;weak_rule;conservative_pair_rule_v2
состояние охраны;06.03.2025 16:12:47;1;0.0;1;unknown;weak_rule;conservative_pair_rule_v2
состояние охраны;06.03.2025 17:00:40;1;0.0;1;unknown;weak_rule;conservative_pair_rule_v2
состояние охраны;06.03.2025 18:43:50;1;0.0;1;unknown;weak_rule;conservative_pair_rule_v2
состояние охраны;12.03.2025 07:45:13;1;0.0;1;unknown;weak_rule;conservative_pair_rule_v2
состояние охраны;12.03.2025 07:51:41;1;0.0;1;unknown;weak_rule;conservative_pair_rule_v2
состояние охраны;12.03.2025 13:23:48;1;0.0;1;unknown;weak_rule;conservative_pair_rule_v2
состояние охраны;12.03.2025 23:19:29;1;0.0;1;unknown;weak_rule;conservative_pair_rule_v2
состояние охраны;15.03.2025 13:08:28;1;0.0;1;unknown;weak_rule;conservative_pair_rule_v2
состояние охраны;15.03.2025 20:04:45;1;0.0;1;unknown;weak_rule;conservative_pair_rule_v2
состояние охраны;20.03.2025 08:04:20;1;0.0;1;unknown;weak_rule;conservative_pair_rule_v2
состояние охраны;20.03.2025 08:36:03;1;0.0;1;unknown;weak_rule;conservative_pair_rule_v2
состояние охраны;20.03.2025 08:38:30;1;0.0;1;unknown;weak_rule;conservative_pair_rule_v2
состояние охраны;20.03.2025 09:36:45;1;0.0;1;unknown;weak_rule;conservative_pair_rule_v2
состояние охраны;20.03.2025 15:55:08;1;0.0;1;unknown;weak_rule;conservative_pair_rule_v2
состояние охраны;20.03.2025 16:13:44;1;0.0;1;unknown;weak_rule;conservative_pair_rule_v2
состояние охраны;20.03.2025 16:13:48;1;0.0;1;unknown;weak_rule;conservative_pair_rule_v2
состояние охраны;24.03.2025 07:10:10;1;0.0;1;unknown;weak_rule;conservative_pair_rule_v2
состояние охраны;24.03.2025 08:03:09;1;0.0;1;unknown;weak_rule;conservative_pair_rule_v2
состояние охраны;24.03.2025 08:21:27;1;0.0;1;unknown;weak_rule;conservative_pair_rule_v2
состояние охраны;24.03.2025 12:02:38;1;0.0;1;unknown;weak_rule;conservative_pair_rule_v2
состояние охраны;24.03.2025 15:59:55;1;0.0;1;unknown;weak_rule;conservative_pair_rule_v2
состояние охраны;24.03.2025 16:21:47;1;0.0;1;unknown;weak_rule;conservative_pair_rule_v2
состояние охраны;24.03.2025 23:36:15;1;0.0;1;unknown;weak_rule;conservative_pair_rule_v2
состояние охраны;30.03.2025 07:44:15;1;0.0;1;unknown;weak_rule;conservative_pair_rule_v2
состояние охраны;30.03.2025 07:58:17;1;0.0;1;unknown;weak_rule;conservative_pair_rule_v2
состояние охраны;31.03.2025 07:40:16;1;0.0;1;unknown;weak_rule;conservative_pair_rule_v2
состояние охраны;31.03.2025 07:46:10;1;0.0;1;unknown;weak_rule;conservative_pair_rule_v2
состояние охраны;31.03.2025 07:46:17;1;0.0;1;unknown;weak_rule;conservative_pair_rule_v2
состояние охраны;31.03.2025 08:08:49;1;0.0;1;unknown;weak_rule;conservative_pair_rule_v2
состояние охраны;31.03.2025 10:26:38;1;0.0;1;unknown;weak_rule;conservative_pair_rule_v2
состояние охраны;05.04.2025 07:50:44;1;0.0;1;unknown;weak_rule;conservative_pair_rule_v2
состояние охраны;05.04.2025 10:46:06;1;0.0;1;unknown;weak_rule;conservative_pair_rule_v2
состояние охраны;05.04.2025 17:20:14;1;0.0;1;unknown;weak_rule;conservative_pair_rule_v2
состояние охраны;06.04.2025 10:52:54;1;0.0;1;unknown;weak_rule;conservative_pair_rule_v2
состояние охраны;09.04.2025 07:55:00;1;0.0;1;unknown;weak_rule;conservative_pair_rule_v2
состояние охраны;09.04.2025 08:49:47;1;0.0;1;unknown;weak_rule;conservative_pair_rule_v2
состояние охраны;09.04.2025 10:23:49;1;0.0;1;unknown;weak_rule;conservative_pair_rule_v2
состояние охраны;09.04.2025 10:35:00;1;0.0;1;unknown;weak_rule;conservative_pair_rule_v2
состояние охраны;09.04.2025 14:18:28;1;0.0;1;unknown;weak_rule;conservative_pair_rule_v2
состояние охраны;09.04.2025 16:19:10;1;0.0;1;unknown;weak_rule;conservative_pair_rule_v2
состояние охраны;09.04.2025 16:31:36;1;0.0;1;unknown;weak_rule;conservative_pair_rule_v2
состояние охраны;09.04.2025 17:00:37;1;0.0;1;unknown;weak_rule;conservative_pair_rule_v2
состояние охраны;15.04.2025 07:51:51;1;0.0;1;unknown;weak_rule;conservative_pair_rule_v2
состояние охраны;15.04.2025 13:39:47;1;0.0;1;unknown;weak_rule;conservative_pair_rule_v2
состояние охраны;15.04.2025 19:29:43;1;0.0;1;unknown;weak_rule;conservative_pair_rule_v2
состояние охраны;17.04.2025 10:16:25;1;0.0;1;unknown;weak_rule;conservative_pair_rule_v2
состояние охраны;17.04.2025 14:32:03;1;0.0;1;unknown;weak_rule;conservative_pair_rule_v2
состояние охраны;17.04.2025 14:45:29;1;0.0;1;unknown;weak_rule;conservative_pair_rule_v2
состояние охраны;17.04.2025 15:02:23;1;0.0;1;unknown;weak_rule;conservative_pair_rule_v2
состояние охраны;17.04.2025 15:48:37;1;0.0;1;unknown;weak_rule;conservative_pair_rule_v2
состояние охраны;17.04.2025 16:17:58;1;0.0;1;unknown;weak_rule;conservative_pair_rule_v2
состояние охраны;17.04.2025 20:05:14;1;0.0;1;unknown;weak_rule;conservative_pair_rule_v2
состояние охраны;18.04.2025 07:07:44;1;0.0;1;unknown;weak_rule;conservative_pair_rule_v2
состояние охраны;18.04.2025 07:53:43;1;0.0;1;unknown;weak_rule;conservative_pair_rule_v2
состояние охраны;18.04.2025 07:59:35;1;0.0;1;unknown;weak_rule;conservative_pair_rule_v2
состояние охраны;21.04.2025 23:42:21;1;0.0;1;unknown;weak_rule;conservative_pair_rule_v2
состояние охраны;22.04.2025 07:14:28;1;0.0;1;unknown;weak_rule;conservative_pair_rule_v2
состояние охраны;22.04.2025 07:32:07;1;0.0;1;unknown;weak_rule;conservative_pair_rule_v2
состояние охраны;22.04.2025 07:49:14;1;0.0;1;unknown;weak_rule;conservative_pair_rule_v2
состояние охраны;22.04.2025 08:31:26;1;0.0;1;unknown;weak_rule;conservative_pair_rule_v2
состояние охраны;22.04.2025 13:51:49;1;0.0;1;unknown;weak_rule;conservative_pair_rule_v2
состояние охраны;22.04.2025 20:04:02;1;0.0;1;unknown;weak_rule;conservative_pair_rule_v2
состояние охраны;26.04.2025 12:16:56;1;0.0;1;unknown;weak_rule;conservative_pair_rule_v2
состояние охраны;27.04.2025 07:59:28;1;0.0;1;unknown;weak_rule;conservative_pair_rule_v2
состояние охраны;27.04.2025 09:09:21;1;0.0;1;unknown;weak_rule;conservative_pair_rule_v2
состояние охраны;27.04.2025 13:31:51;1;0.0;1;unknown;weak_rule;conservative_pair_rule_v2
состояние охраны;03.05.2025 10:54:19;1;0.0;1;unknown;weak_rule;conservative_pair_rule_v2
состояние охраны;03.05.2025 11:15:09;1;0.0;1;unknown;weak_rule;conservative_pair_rule_v2
состояние охраны;03.05.2025 13:57:58;1;0.0;1;unknown;weak_rule;conservative_pair_rule_v2
состояние охраны;04.05.2025 07:26:57;1;0.0;1;unknown;weak_rule;conservative_pair_rule_v2
состояние охраны;04.05.2025 07:59:23;1;0.0;1;unknown;weak_rule;conservative_pair_rule_v2
состояние охраны;04.05.2025 09:24:14;1;0.0;1;unknown;weak_rule;conservative_pair_rule_v2
состояние охраны;07.05.2025 08:24:40;1;0.0;1;unknown;weak_rule;conservative_pair_rule_v2
состояние охраны;07.05.2025 12:47:45;1;0.0;1;unknown;weak_rule;conservative_pair_rule_v2
состояние охраны;07.05.2025 16:34:09;1;0.0;1;unknown;weak_rule;conservative_pair_rule_v2
состояние охраны;07.05.2025 16:34:12;1;0.0;1;unknown;weak_rule;conservative_pair_rule_v2
состояние охраны;07.05.2025 17:00:06;1;0.0;1;unknown;weak_rule;conservative_pair_rule_v2
состояние охраны;08.05.2025 07:58:44;1;0.0;1;unknown;weak_rule;conservative_pair_rule_v2
состояние охраны;08.05.2025 08:32:11;1;0.0;1;unknown;weak_rule;conservative_pair_rule_v2
состояние охраны;12.05.2025 15:10:46;1;0.0;1;unknown;weak_rule;conservative_pair_rule_v2
состояние охраны;12.05.2025 17:15:57;1;0.0;1;unknown;weak_rule;conservative_pair_rule_v2
состояние охраны;13.05.2025 07:33:03;1;0.0;1;unknown;weak_rule;conservative_pair_rule_v2
состояние охраны;13.05.2025 08:00:34;1;0.0;1;unknown;weak_rule;conservative_pair_rule_v2
состояние охраны;13.05.2025 11:08:13;1;0.0;1;unknown;weak_rule;conservative_pair_rule_v2
состояние охраны;13.05.2025 13:09:44;1;0.0;1;unknown;weak_rule;conservative_pair_rule_v2
состояние охраны;19.05.2025 16:47:17;1;0.0;1;unknown;weak_rule;conservative_pair_rule_v2
состояние охраны;19.05.2025 17:38:20;1;0.0;1;unknown;weak_rule;conservative_pair_rule_v2
состояние охраны;20.05.2025 04:40:55;1;0.0;1;unknown;weak_rule;conservative_pair_rule_v2
состояние охраны;20.05.2025 07:59:38;1;0.0;1;unknown;weak_rule;conservative_pair_rule_v2
состояние охраны;21.05.2025 23:38:19;1;0.0;1;unknown;weak_rule;conservative_pair_rule_v2
состояние охраны;22.05.2025 07:04:32;1;0.0;1;unknown;weak_rule;conservative_pair_rule_v2
состояние охраны;22.05.2025 07:45:29;1;0.0;1;unknown;weak_rule;conservative_pair_rule_v2
состояние охраны;22.05.2025 08:08:19;1;0.0;1;unknown;weak_rule;conservative_pair_rule_v2
состояние охраны;22.05.2025 12:22:54;1;0.0;1;unknown;weak_rule;conservative_pair_rule_v2
состояние охраны;22.05.2025 12:22:56;1;0.0;1;unknown;weak_rule;conservative_pair_rule_v2
состояние охраны;22.05.2025 14:55:26;1;0.0;1;unknown;weak_rule;conservative_pair_rule_v2
состояние охраны;22.05.2025 16:37:58;1;0.0;1;unknown;weak_rule;conservative_pair_rule_v2
состояние охраны;22.05.2025 16:52:07;1;0.0;1;unknown;weak_rule;conservative_pair_rule_v2
состояние охраны;27.05.2025 07:55:23;1;0.0;1;unknown;weak_rule;conservative_pair_rule_v2
состояние охраны;27.05.2025 07:59:55;1;0.0;1;unknown;weak_rule;conservative_pair_rule_v2
состояние охраны;27.05.2025 10:06:13;1;0.0;1;unknown;weak_rule;conservative_pair_rule_v2
состояние охраны;27.05.2025 11:53:31;1;0.0;1;unknown;weak_rule;conservative_pair_rule_v2
состояние охраны;27.05.2025 13:45:57;1;0.0;1;unknown;weak_rule;conservative_pair_rule_v2
состояние охраны;27.05.2025 14:00:29;1;0.0;1;unknown;weak_rule;conservative_pair_rule_v2
состояние охраны;27.05.2025 15:25:09;1;0.0;1;unknown;weak_rule;conservative_pair_rule_v2
состояние охраны;27.05.2025 15:25:16;1;0.0;1;unknown;weak_rule;conservative_pair_rule_v2
состояние охраны;27.05.2025 16:27:20;1;0.0;1;unknown;weak_rule;conservative_pair_rule_v2
состояние охраны;27.05.2025 18:00:23;1;0.0;1;unknown;weak_rule;conservative_pair_rule_v2
состояние охраны;28.05.2025 01:19:59;1;0.0;1;unknown;weak_rule;conservative_pair_rule_v2
состояние охраны;28.05.2025 01:20:00;1;0.0;1;unknown;weak_rule;conservative_pair_rule_v2
состояние охраны;28.05.2025 04:22:37;1;0.0;1;unknown;weak_rule;conservative_pair_rule_v2
состояние охраны;28.05.2025 04:22:40;1;0.0;1;unknown;weak_rule;conservative_pair_rule_v2
состояние охраны;01.06.2025 14:15:51;1;0.0;1;unknown;weak_rule;conservative_pair_rule_v2
состояние охраны;01.06.2025 15:50:39;1;0.0;1;unknown;weak_rule;conservative_pair_rule_v2
состояние охраны;01.06.2025 16:04:20;1;0.0;1;unknown;weak_rule;conservative_pair_rule_v2
состояние охраны;02.06.2025 01:33:57;1;0.0;1;unknown;weak_rule;conservative_pair_rule_v2
состояние охраны;02.06.2025 02:26:14;1;0.0;1;unknown;weak_rule;conservative_pair_rule_v2
состояние охраны;05.06.2025 07:58:41;1;0.0;1;unknown;weak_rule;conservative_pair_rule_v2
состояние охраны;05.06.2025 08:19:37;1;0.0;1;unknown;weak_rule;conservative_pair_rule_v2
состояние охраны;05.06.2025 09:42:29;1;0.0;1;unknown;weak_rule;conservative_pair_rule_v2
состояние охраны;05.06.2025 11:17:15;1;0.0;1;unknown;weak_rule;conservative_pair_rule_v2
состояние охраны;05.06.2025 23:27:31;1;0.0;1;unknown;weak_rule;conservative_pair_rule_v2
состояние охраны;06.06.2025 02:10:23;1;0.0;1;unknown;weak_rule;conservative_pair_rule_v2
состояние охраны;06.06.2025 07:59:38;1;0.0;1;unknown;weak_rule;conservative_pair_rule_v2
состояние охраны;08.06.2025 04:47:51;1;0.0;1;unknown;weak_rule;conservative_pair_rule_v2
состояние охраны;08.06.2025 19:05:31;1;0.0;1;unknown;weak_rule;conservative_pair_rule_v2
состояние охраны;08.06.2025 20:14:57;1;0.0;1;unknown;weak_rule;conservative_pair_rule_v2
состояние охраны;12.06.2025 20:31:38;1;0.0;1;unknown;weak_rule;conservative_pair_rule_v2
состояние охраны;12.06.2025 23:37:58;1;0.0;1;unknown;weak_rule;conservative_pair_rule_v2
состояние охраны;13.06.2025 01:32:23;1;0.0;1;unknown;weak_rule;conservative_pair_rule_v2
состояние охраны;16.06.2025 13:29:33;1;0.0;1;unknown;weak_rule;conservative_pair_rule_v2
состояние охраны;16.06.2025 16:55:20;1;0.0;1;unknown;weak_rule;conservative_pair_rule_v2
состояние охраны;16.06.2025 16:56:19;1;0.0;1;unknown;weak_rule;conservative_pair_rule_v2
состояние охраны;17.06.2025 07:15:13;1;0.0;1;unknown;weak_rule;conservative_pair_rule_v2
состояние охраны;20.06.2025 07:19:25;1;0.0;1;unknown;weak_rule;conservative_pair_rule_v2
состояние охраны;20.06.2025 14:12:20;1;0.0;1;unknown;weak_rule;conservative_pair_rule_v2
состояние охраны;20.06.2025 14:48:00;1;0.0;1;unknown;weak_rule;conservative_pair_rule_v2
состояние охраны;20.06.2025 16:23:21;1;0.0;1;unknown;weak_rule;conservative_pair_rule_v2
состояние охраны;20.06.2025 17:02:34;1;0.0;1;unknown;weak_rule;conservative_pair_rule_v2
состояние охраны;24.06.2025 04:25:55;1;0.0;1;unknown;weak_rule;conservative_pair_rule_v2
состояние охраны;24.06.2025 04:46:53;1;0.0;1;unknown;weak_rule;conservative_pair_rule_v2
состояние охраны;24.06.2025 07:14:39;1;0.0;1;unknown;weak_rule;conservative_pair_rule_v2
состояние охраны;24.06.2025 07:17:39;1;0.0;1;unknown;weak_rule;conservative_pair_rule_v2
состояние охраны;24.06.2025 07:30:35;1;0.0;1;unknown;weak_rule;conservative_pair_rule_v2
состояние охраны;24.06.2025 07:56:34;1;0.0;1;unknown;weak_rule;conservative_pair_rule_v2
состояние охраны;24.06.2025 09:00:33;1;0.0;1;unknown;weak_rule;conservative_pair_rule_v2
состояние охраны;24.06.2025 16:04:24;1;0.0;1;unknown;weak_rule;conservative_pair_rule_v2
состояние охраны;24.06.2025 16:10:33;1;0.0;1;unknown;weak_rule;conservative_pair_rule_v2
состояние охраны;24.06.2025 16:26:46;1;0.0;1;unknown;weak_rule;conservative_pair_rule_v2
состояние охраны;25.06.2025 00:29:07;1;0.0;1;unknown;weak_rule;conservative_pair_rule_v2
состояние охраны;28.06.2025 01:14:19;1;0.0;1;unknown;weak_rule;conservative_pair_rule_v2
состояние охраны;28.06.2025 05:59:30;1;0.0;1;unknown;weak_rule;conservative_pair_rule_v2
состояние охраны;28.06.2025 13:17:53;1;0.0;1;unknown;weak_rule;conservative_pair_rule_v2
состояние охраны;28.06.2025 23:16:31;1;0.0;1;unknown;weak_rule;conservative_pair_rule_v2
состояние охраны;04.07.2025 15:39:20;1;0.0;1;unknown;weak_rule;conservative_pair_rule_v2
состояние охраны;05.07.2025 08:01:53;1;0.0;1;unknown;weak_rule;conservative_pair_rule_v2
состояние охраны;06.07.2025 20:01:26;1;0.0;1;unknown;weak_rule;conservative_pair_rule_v2
состояние охраны;07.07.2025 09:09:12;1;0.0;1;unknown;weak_rule;conservative_pair_rule_v2
состояние охраны;07.07.2025 09:34:07;1;0.0;1;unknown;weak_rule;conservative_pair_rule_v2
состояние охраны;07.07.2025 11:15:58;1;0.0;1;unknown;weak_rule;conservative_pair_rule_v2
состояние охраны;07.07.2025 16:13:42;1;0.0;1;unknown;weak_rule;conservative_pair_rule_v2
состояние охраны;11.07.2025 11:14:07;1;0.0;1;unknown;weak_rule;conservative_pair_rule_v2
состояние охраны;11.07.2025 16:15:13;1;0.0;1;unknown;weak_rule;conservative_pair_rule_v2
состояние охраны;11.07.2025 20:04:52;1;0.0;1;unknown;weak_rule;conservative_pair_rule_v2
состояние охраны;12.07.2025 01:50:41;1;0.0;1;unknown;weak_rule;conservative_pair_rule_v2
состояние охраны;12.07.2025 02:17:54;1;0.0;1;unknown;weak_rule;conservative_pair_rule_v2
состояние охраны;14.07.2025 07:28:00;1;0.0;1;unknown;weak_rule;conservative_pair_rule_v2
состояние охраны;14.07.2025 08:33:38;1;0.0;1;unknown;weak_rule;conservative_pair_rule_v2
состояние охраны;14.07.2025 13:40:26;1;0.0;1;unknown;weak_rule;conservative_pair_rule_v2
состояние охраны;14.07.2025 13:40:27;1;0.0;1;unknown;weak_rule;conservative_pair_rule_v2
состояние охраны;14.07.2025 21:26:16;1;0.0;1;unknown;weak_rule;conservative_pair_rule_v2
состояние охраны;14.07.2025 21:48:06;1;0.0;1;unknown;weak_rule;conservative_pair_rule_v2
состояние охраны;14.07.2025 21:52:06;1;0.0;1;unknown;weak_rule;conservative_pair_rule_v2
состояние охраны;14.07.2025 22:04:28;1;0.0;1;unknown;weak_rule;conservative_pair_rule_v2
состояние охраны;14.07.2025 22:52:59;1;0.0;1;unknown;weak_rule;conservative_pair_rule_v2
состояние охраны;14.07.2025 23:10:15;1;0.0;1;unknown;weak_rule;conservative_pair_rule_v2
состояние охраны;14.07.2025 23:24:05;1;0.0;1;unknown;weak_rule;conservative_pair_rule_v2
состояние охраны;18.07.2025 18:33:11;1;0.0;1;unknown;weak_rule;conservative_pair_rule_v2
состояние охраны;19.07.2025 08:29:47;1;0.0;1;unknown;weak_rule;conservative_pair_rule_v2
состояние охраны;19.07.2025 11:12:57;1;0.0;1;unknown;weak_rule;conservative_pair_rule_v2
состояние охраны;19.07.2025 12:34:09;1;0.0;1;unknown;weak_rule;conservative_pair_rule_v2
состояние охраны;23.07.2025 07:17:01;1;0.0;1;unknown;weak_rule;conservative_pair_rule_v2
состояние охраны;23.07.2025 07:47:59;1;0.0;1;unknown;weak_rule;conservative_pair_rule_v2
состояние охраны;23.07.2025 07:54:58;1;0.0;1;unknown;weak_rule;conservative_pair_rule_v2
состояние охраны;23.07.2025 08:01:06;1;0.0;1;unknown;weak_rule;conservative_pair_rule_v2
состояние охраны;23.07.2025 08:07:35;1;0.0;1;unknown;weak_rule;conservative_pair_rule_v2
состояние охраны;23.07.2025 08:38:07;1;0.0;1;unknown;weak_rule;conservative_pair_rule_v2
состояние охраны;23.07.2025 10:00:34;1;0.0;1;unknown;weak_rule;conservative_pair_rule_v2
состояние охраны;23.07.2025 13:12:28;1;0.0;1;unknown;weak_rule;conservative_pair_rule_v2
состояние охраны;23.07.2025 21:44:40;1;0.0;1;unknown;weak_rule;conservative_pair_rule_v2
состояние охраны;25.07.2025 17:13:06;1;0.0;1;unknown;weak_rule;conservative_pair_rule_v2
состояние охраны;25.07.2025 17:43:55;1;0.0;1;unknown;weak_rule;conservative_pair_rule_v2
состояние охраны;29.07.2025 21:39:35;1;0.0;1;unknown;weak_rule;conservative_pair_rule_v2
состояние охраны;29.07.2025 22:00:27;1;0.0;1;unknown;weak_rule;conservative_pair_rule_v2
состояние охраны;30.07.2025 07:37:22;1;0.0;1;unknown;weak_rule;conservative_pair_rule_v2
состояние охраны;30.07.2025 07:38:26;1;0.0;1;unknown;weak_rule;conservative_pair_rule_v2
состояние охраны;30.07.2025 08:03:02;1;0.0;1;unknown;weak_rule;conservative_pair_rule_v2
состояние охраны;01.08.2025 11:49:41;1;0.0;1;unknown;weak_rule;conservative_pair_rule_v2
состояние охраны;01.08.2025 11:49:45;1;0.0;1;unknown;weak_rule;conservative_pair_rule_v2
состояние охраны;02.08.2025 08:30:56;1;0.0;1;unknown;weak_rule;conservative_pair_rule_v2
состояние охраны;02.08.2025 08:32:08;1;0.0;1;unknown;weak_rule;conservative_pair_rule_v2
состояние охраны;06.08.2025 07:47:28;1;0.0;1;unknown;weak_rule;conservative_pair_rule_v2
состояние охраны;06.08.2025 08:23:16;1;0.0;1;unknown;weak_rule;conservative_pair_rule_v2
состояние охраны;09.08.2025 20:02:04;1;0.0;1;unknown;weak_rule;conservative_pair_rule_v2
состояние охраны;10.08.2025 07:48:22;1;0.0;1;unknown;weak_rule;conservative_pair_rule_v2
состояние охраны;10.08.2025 08:43:38;1;0.0;1;unknown;weak_rule;conservative_pair_rule_v2
состояние охраны;12.08.2025 07:30:53;1;0.0;1;unknown;weak_rule;conservative_pair_rule_v2
состояние охраны;12.08.2025 07:56:58;1;0.0;1;unknown;weak_rule;conservative_pair_rule_v2
состояние охраны;12.08.2025 08:51:53;1;0.0;1;unknown;weak_rule;conservative_pair_rule_v2
состояние охраны;12.08.2025 09:03:35;1;0.0;1;unknown;weak_rule;conservative_pair_rule_v2
состояние охраны;12.08.2025 15:59:14;1;0.0;1;unknown;weak_rule;conservative_pair_rule_v2
состояние охраны;12.08.2025 23:10:27;1;0.0;1;unknown;weak_rule;conservative_pair_rule_v2
состояние охраны;12.08.2025 23:12:01;1;0.0;1;unknown;weak_rule;conservative_pair_rule_v2
состояние охраны;17.08.2025 09:04:47;1;0.0;1;unknown;weak_rule;conservative_pair_rule_v2
состояние охраны;17.08.2025 13:31:49;1;0.0;1;unknown;weak_rule;conservative_pair_rule_v2
состояние охраны;17.08.2025 20:01:31;1;0.0;1;unknown;weak_rule;conservative_pair_rule_v2
состояние охраны;18.08.2025 07:46:59;1;0.0;1;unknown;weak_rule;conservative_pair_rule_v2
состояние охраны;18.08.2025 08:48:37;1;0.0;1;unknown;weak_rule;conservative_pair_rule_v2
состояние охраны;18.08.2025 09:00:21;1;0.0;1;unknown;weak_rule;conservative_pair_rule_v2
состояние охраны;21.08.2025 07:20:19;1;0.0;1;unknown;weak_rule;conservative_pair_rule_v2
состояние охраны;21.08.2025 07:33:33;1;0.0;1;unknown;weak_rule;conservative_pair_rule_v2
состояние охраны;21.08.2025 08:01:56;1;0.0;1;unknown;weak_rule;conservative_pair_rule_v2
состояние охраны;21.08.2025 16:21:57;1;0.0;1;unknown;weak_rule;conservative_pair_rule_v2
состояние охраны;21.08.2025 16:54:16;1;0.0;1;unknown;weak_rule;conservative_pair_rule_v2
состояние охраны;21.08.2025 17:20:34;1;0.0;1;unknown;weak_rule;conservative_pair_rule_v2
состояние охраны;21.08.2025 20:01:42;1;0.0;1;unknown;weak_rule;conservative_pair_rule_v2
состояние охраны;24.08.2025 07:55:19;1;0.0;1;unknown;weak_rule;conservative_pair_rule_v2
состояние охраны;24.08.2025 09:11:30;1;0.0;1;unknown;weak_rule;conservative_pair_rule_v2
состояние охраны;24.08.2025 13:41:49;1;0.0;1;unknown;weak_rule;conservative_pair_rule_v2
состояние охраны;29.08.2025 10:54:05;1;0.0;1;unknown;weak_rule;conservative_pair_rule_v2
состояние охраны;29.08.2025 13:10:39;1;0.0;1;unknown;weak_rule;conservative_pair_rule_v2
состояние охраны;29.08.2025 15:41:34;1;0.0;1;unknown;weak_rule;conservative_pair_rule_v2
состояние охраны;01.09.2025 19:37:22;1;0.0;1;unknown;weak_rule;conservative_pair_rule_v2
состояние охраны;01.09.2025 20:02:22;1;0.0;1;unknown;weak_rule;conservative_pair_rule_v2
состояние охраны;01.09.2025 20:07:13;1;0.0;1;unknown;weak_rule;conservative_pair_rule_v2
состояние охраны;02.09.2025 08:31:03;1;0.0;1;unknown;weak_rule;conservative_pair_rule_v2
состояние охраны;02.09.2025 08:31:49;1;0.0;1;unknown;weak_rule;conservative_pair_rule_v2
состояние охраны;02.09.2025 09:57:49;1;0.0;1;unknown;weak_rule;conservative_pair_rule_v2
состояние охраны;02.09.2025 09:57:53;1;0.0;1;unknown;weak_rule;conservative_pair_rule_v2
состояние охраны;02.09.2025 15:20:46;1;0.0;1;unknown;weak_rule;conservative_pair_rule_v2
состояние охраны;04.09.2025 16:22:11;1;0.0;1;unknown;weak_rule;conservative_pair_rule_v2
состояние охраны;04.09.2025 16:47:17;1;0.0;1;unknown;weak_rule;conservative_pair_rule_v2
состояние охраны;04.09.2025 17:36:16;1;0.0;1;unknown;weak_rule;conservative_pair_rule_v2
состояние охраны;05.09.2025 07:14:39;1;0.0;1;unknown;weak_rule;conservative_pair_rule_v2
состояние охраны;05.09.2025 07:41:30;1;0.0;1;unknown;weak_rule;conservative_pair_rule_v2
состояние охраны;05.09.2025 08:48:59;1;0.0;1;unknown;weak_rule;conservative_pair_rule_v2
состояние охраны;08.09.2025 08:56:04;1;0.0;1;unknown;weak_rule;conservative_pair_rule_v2
состояние охраны;08.09.2025 09:12:53;1;0.0;1;unknown;weak_rule;conservative_pair_rule_v2
состояние охраны;08.09.2025 15:02:15;1;0.0;1;unknown;weak_rule;conservative_pair_rule_v2
состояние охраны;08.09.2025 15:43:11;1;0.0;1;unknown;weak_rule;conservative_pair_rule_v2
состояние охраны;08.09.2025 15:50:15;1;0.0;1;unknown;weak_rule;conservative_pair_rule_v2
состояние охраны;12.09.2025 07:52:10;1;0.0;1;unknown;weak_rule;conservative_pair_rule_v2
состояние охраны;12.09.2025 12:02:54;1;0.0;1;unknown;weak_rule;conservative_pair_rule_v2
состояние охраны;12.09.2025 15:22:23;1;0.0;1;unknown;weak_rule;conservative_pair_rule_v2
состояние охраны;12.09.2025 16:31:12;1;0.0;1;unknown;weak_rule;conservative_pair_rule_v2
состояние охраны;15.09.2025 00:35:03;1;0.0;1;unknown;weak_rule;conservative_pair_rule_v2
состояние охраны;15.09.2025 07:57:31;1;0.0;1;unknown;weak_rule;conservative_pair_rule_v2
состояние охраны;15.09.2025 08:03:03;1;0.0;1;unknown;weak_rule;conservative_pair_rule_v2
состояние охраны;18.09.2025 07:28:43;1;0.0;1;unknown;weak_rule;conservative_pair_rule_v2
состояние охраны;18.09.2025 08:08:46;1;0.0;1;unknown;weak_rule;conservative_pair_rule_v2
состояние охраны;18.09.2025 08:18:57;1;0.0;1;unknown;weak_rule;conservative_pair_rule_v2
состояние охраны;18.09.2025 10:11:52;1;0.0;1;unknown;weak_rule;conservative_pair_rule_v2
состояние охраны;18.09.2025 10:11:55;1;0.0;1;unknown;weak_rule;conservative_pair_rule_v2
состояние охраны;18.09.2025 10:57:11;1;0.0;1;unknown;weak_rule;conservative_pair_rule_v2
состояние охраны;18.09.2025 13:55:07;1;0.0;1;unknown;weak_rule;conservative_pair_rule_v2
состояние охраны;18.09.2025 15:40:27;1;0.0;1;unknown;weak_rule;conservative_pair_rule_v2
состояние охраны;18.09.2025 15:49:07;1;0.0;1;unknown;weak_rule;conservative_pair_rule_v2
состояние охраны;18.09.2025 15:57:51;1;0.0;1;unknown;weak_rule;conservative_pair_rule_v2
состояние охраны;18.09.2025 16:59:33;1;0.0;1;unknown;weak_rule;conservative_pair_rule_v2
состояние охраны;18.09.2025 17:05:44;1;0.0;1;unknown;weak_rule;conservative_pair_rule_v2
состояние охраны;18.09.2025 18:25:14;1;0.0;1;unknown;weak_rule;conservative_pair_rule_v2
состояние охраны;22.09.2025 22:19:28;1;0.0;1;unknown;weak_rule;conservative_pair_rule_v2
состояние охраны;23.09.2025 07:12:19;1;0.0;1;unknown;weak_rule;conservative_pair_rule_v2
состояние охраны;23.09.2025 07:34:30;1;0.0;1;unknown;weak_rule;conservative_pair_rule_v2
состояние охраны;23.09.2025 08:43:40;1;0.0;1;unknown;weak_rule;conservative_pair_rule_v2
состояние охраны;27.09.2025 13:35:44;1;0.0;1;unknown;weak_rule;conservative_pair_rule_v2
состояние охраны;27.09.2025 20:48:04;1;0.0;1;unknown;weak_rule;conservative_pair_rule_v2
состояние охраны;28.09.2025 03:07:41;1;0.0;1;unknown;weak_rule;conservative_pair_rule_v2
состояние охраны;28.09.2025 05:41:20;1;0.0;1;unknown;weak_rule;conservative_pair_rule_v2
состояние охраны;28.09.2025 08:02:09;1;0.0;1;unknown;weak_rule;conservative_pair_rule_v2
состояние охраны;28.09.2025 09:04:10;1;0.0;1;unknown;weak_rule;conservative_pair_rule_v2
состояние охраны;29.09.2025 15:01:48;1;0.0;1;unknown;weak_rule;conservative_pair_rule_v2
состояние охраны;29.09.2025 16:30:18;1;0.0;1;unknown;weak_rule;conservative_pair_rule_v2
состояние охраны;29.09.2025 21:05:20;1;0.0;1;unknown;weak_rule;conservative_pair_rule_v2
состояние охраны;29.09.2025 21:29:36;1;0.0;1;unknown;weak_rule;conservative_pair_rule_v2
состояние охраны;29.09.2025 22:08:07;1;0.0;1;unknown;weak_rule;conservative_pair_rule_v2
состояние охраны;29.09.2025 22:34:42;1;0.0;1;unknown;weak_rule;conservative_pair_rule_v2
состояние охраны;30.09.2025 08:03:49;1;0.0;1;unknown;weak_rule;conservative_pair_rule_v2
состояние охраны;30.09.2025 08:24:56;1;0.0;1;unknown;weak_rule;conservative_pair_rule_v2
состояние охраны;30.09.2025 08:29:54;1;0.0;1;unknown;weak_rule;conservative_pair_rule_v2
состояние охраны;05.10.2025 09:13:07;1;0.0;1;unknown;weak_rule;conservative_pair_rule_v2
состояние охраны;05.10.2025 16:46:19;1;0.0;1;unknown;weak_rule;conservative_pair_rule_v2
состояние охраны;09.10.2025 10:28:25;1;0.0;1;unknown;weak_rule;conservative_pair_rule_v2
состояние охраны;09.10.2025 13:04:13;1;0.0;1;unknown;weak_rule;conservative_pair_rule_v2
состояние охраны;09.10.2025 15:59:05;1;0.0;1;unknown;weak_rule;conservative_pair_rule_v2
состояние охраны;09.10.2025 17:00:12;1;0.0;1;unknown;weak_rule;conservative_pair_rule_v2
состояние охраны;10.10.2025 07:42:50;1;0.0;1;unknown;weak_rule;conservative_pair_rule_v2
состояние охраны;10.10.2025 07:46:20;1;0.0;1;unknown;weak_rule;conservative_pair_rule_v2
состояние охраны;10.10.2025 07:55:21;1;0.0;1;unknown;weak_rule;conservative_pair_rule_v2
состояние охраны;12.10.2025 08:31:09;1;0.0;1;unknown;weak_rule;conservative_pair_rule_v2
состояние охраны;12.10.2025 12:14:47;1;0.0;1;unknown;weak_rule;conservative_pair_rule_v2
состояние охраны;17.10.2025 15:17:19;1;0.0;1;unknown;weak_rule;conservative_pair_rule_v2
состояние охраны;17.10.2025 16:59:16;1;0.0;1;unknown;weak_rule;conservative_pair_rule_v2
состояние охраны;17.10.2025 23:46:03;1;0.0;1;unknown;weak_rule;conservative_pair_rule_v2
состояние охраны;21.10.2025 08:08:56;1;0.0;1;unknown;weak_rule;conservative_pair_rule_v2
состояние охраны;21.10.2025 08:22:48;1;0.0;1;unknown;weak_rule;conservative_pair_rule_v2
состояние охраны;21.10.2025 10:19:11;1;0.0;1;unknown;weak_rule;conservative_pair_rule_v2
состояние охраны;21.10.2025 16:31:15;1;0.0;1;unknown;weak_rule;conservative_pair_rule_v2
состояние охраны;21.10.2025 16:32:29;1;0.0;1;unknown;weak_rule;conservative_pair_rule_v2
состояние охраны;21.10.2025 16:56:16;1;0.0;1;unknown;weak_rule;conservative_pair_rule_v2
состояние охраны;21.10.2025 17:08:14;1;0.0;1;unknown;weak_rule;conservative_pair_rule_v2
состояние охраны;26.10.2025 10:20:14;1;0.0;1;unknown;weak_rule;conservative_pair_rule_v2
состояние охраны;27.10.2025 07:58:13;1;0.0;1;unknown;weak_rule;conservative_pair_rule_v2
состояние охраны;27.10.2025 08:23:40;1;0.0;1;unknown;weak_rule;conservative_pair_rule_v2
состояние охраны;27.10.2025 10:37:26;1;0.0;1;unknown;weak_rule;conservative_pair_rule_v2
состояние охраны;28.10.2025 16:22:21;1;0.0;1;unknown;weak_rule;conservative_pair_rule_v2
состояние охраны;28.10.2025 19:19:53;1;0.0;1;unknown;weak_rule;conservative_pair_rule_v2
состояние охраны;28.10.2025 19:22:54;1;0.0;1;unknown;weak_rule;conservative_pair_rule_v2
состояние охраны;28.10.2025 23:43:47;1;0.0;1;unknown;weak_rule;conservative_pair_rule_v2
состояние охраны;29.10.2025 00:49:06;1;0.0;1;unknown;weak_rule;conservative_pair_rule_v2
состояние охраны;29.10.2025 08:00:30;1;0.0;1;unknown;weak_rule;conservative_pair_rule_v2
состояние охраны;29.10.2025 08:01:57;1;0.0;1;unknown;weak_rule;conservative_pair_rule_v2
состояние охраны;29.10.2025 08:32:12;1;0.0;1;unknown;weak_rule;conservative_pair_rule_v2
состояние охраны;29.10.2025 12:51:52;1;0.0;1;unknown;weak_rule;conservative_pair_rule_v2
состояние охраны;03.11.2025 07:45:41;1;0.0;1;unknown;weak_rule;conservative_pair_rule_v2
состояние охраны;03.11.2025 14:26:27;1;0.0;1;unknown;weak_rule;conservative_pair_rule_v2
состояние охраны;03.11.2025 20:01:40;1;0.0;1;unknown;weak_rule;conservative_pair_rule_v2
состояние охраны;06.11.2025 14:58:41;1;0.0;1;unknown;weak_rule;conservative_pair_rule_v2
состояние охраны;07.11.2025 03:13:01;1;0.0;1;unknown;weak_rule;conservative_pair_rule_v2
состояние охраны;07.11.2025 07:46:56;1;0.0;1;unknown;weak_rule;conservative_pair_rule_v2
состояние охраны;07.11.2025 07:54:57;1;0.0;1;unknown;weak_rule;conservative_pair_rule_v2
состояние охраны;07.11.2025 08:00:20;1;0.0;1;unknown;weak_rule;conservative_pair_rule_v2
состояние охраны;07.11.2025 08:06:52;1;0.0;1;unknown;weak_rule;conservative_pair_rule_v2
состояние охраны;07.11.2025 08:20:38;1;0.0;1;unknown;weak_rule;conservative_pair_rule_v2
состояние охраны;07.11.2025 15:59:10;1;0.0;1;unknown;weak_rule;conservative_pair_rule_v2
состояние охраны;18.11.2025 06:08:03;1;0.0;1;unknown;weak_rule;conservative_pair_rule_v2
состояние охраны;20.11.2025 19:40:39;1;0.0;1;unknown;weak_rule;conservative_pair_rule_v2
состояние охраны;21.11.2025 07:13:35;1;0.0;1;unknown;weak_rule;conservative_pair_rule_v2
состояние охраны;21.11.2025 15:48:12;1;0.0;1;unknown;weak_rule;conservative_pair_rule_v2
состояние охраны;21.11.2025 16:01:04;1;0.0;1;unknown;weak_rule;conservative_pair_rule_v2
состояние охраны;21.11.2025 16:27:04;1;0.0;1;unknown;weak_rule;conservative_pair_rule_v2
состояние охраны;24.11.2025 16:17:15;1;0.0;1;unknown;weak_rule;conservative_pair_rule_v2
состояние охраны;24.11.2025 16:18:50;1;0.0;1;unknown;weak_rule;conservative_pair_rule_v2
состояние охраны;24.11.2025 16:47:33;1;0.0;1;unknown;weak_rule;conservative_pair_rule_v2
состояние охраны;24.11.2025 17:24:45;1;0.0;1;unknown;weak_rule;conservative_pair_rule_v2
состояние охраны;25.11.2025 07:38:55;1;0.0;1;unknown;weak_rule;conservative_pair_rule_v2
состояние охраны;25.11.2025 09:20:09;1;0.0;1;unknown;weak_rule;conservative_pair_rule_v2
состояние охраны;28.11.2025 16:29:08;1;0.0;1;unknown;weak_rule;conservative_pair_rule_v2
состояние охраны;28.11.2025 16:49:53;1;0.0;1;unknown;weak_rule;conservative_pair_rule_v2
состояние охраны;28.11.2025 16:51:10;1;0.0;1;unknown;weak_rule;conservative_pair_rule_v2
состояние охраны;28.11.2025 16:59:30;1;0.0;1;unknown;weak_rule;conservative_pair_rule_v2
состояние охраны;29.11.2025 08:37:16;1;0.0;1;unknown;weak_rule;conservative_pair_rule_v2
состояние охраны;04.12.2025 16:27:10;1;0.0;1;unknown;weak_rule;conservative_pair_rule_v2
состояние охраны;04.12.2025 16:33:00;1;0.0;1;unknown;weak_rule;conservative_pair_rule_v2
состояние охраны;04.12.2025 16:47:22;1;0.0;1;unknown;weak_rule;conservative_pair_rule_v2
состояние охраны;04.12.2025 17:07:30;1;0.0;1;unknown;weak_rule;conservative_pair_rule_v2
состояние охраны;08.12.2025 08:01:47;1;0.0;1;unknown;weak_rule;conservative_pair_rule_v2
состояние охраны;08.12.2025 08:04:28;1;0.0;1;unknown;weak_rule;conservative_pair_rule_v2
состояние охраны;08.12.2025 15:30:14;1;0.0;1;unknown;weak_rule;conservative_pair_rule_v2
состояние охраны;08.12.2025 16:15:56;1;0.0;1;unknown;weak_rule;conservative_pair_rule_v2
состояние охраны;08.12.2025 16:44:14;1;0.0;1;unknown;weak_rule;conservative_pair_rule_v2
состояние охраны;08.12.2025 16:44:20;1;0.0;1;unknown;weak_rule;conservative_pair_rule_v2
состояние охраны;12.12.2025 08:00:30;1;0.0;1;unknown;weak_rule;conservative_pair_rule_v2
состояние охраны;12.12.2025 08:02:51;1;0.0;1;unknown;weak_rule;conservative_pair_rule_v2
состояние охраны;12.12.2025 08:19:31;1;0.0;1;unknown;weak_rule;conservative_pair_rule_v2
состояние охраны;12.12.2025 10:11:44;1;0.0;1;unknown;weak_rule;conservative_pair_rule_v2
состояние охраны;12.12.2025 14:40:41;1;0.0;1;unknown;weak_rule;conservative_pair_rule_v2
состояние охраны;12.12.2025 17:22:22;1;0.0;1;unknown;weak_rule;conservative_pair_rule_v2
состояние охраны;12.12.2025 23:12:33;1;0.0;1;unknown;weak_rule;conservative_pair_rule_v2
состояние охраны;12.12.2025 23:28:33;1;0.0;1;unknown;weak_rule;conservative_pair_rule_v2
состояние охраны;15.12.2025 16:15:27;1;0.0;1;unknown;weak_rule;conservative_pair_rule_v2
состояние охраны;15.12.2025 16:36:58;1;0.0;1;unknown;weak_rule;conservative_pair_rule_v2
состояние охраны;15.12.2025 18:43:29;1;0.0;1;unknown;weak_rule;conservative_pair_rule_v2
состояние охраны;15.12.2025 21:45:52;1;0.0;1;unknown;weak_rule;conservative_pair_rule_v2
состояние охраны;15.12.2025 21:47:27;1;0.0;1;unknown;weak_rule;conservative_pair_rule_v2
состояние охраны;16.12.2025 07:40:35;1;0.0;1;unknown;weak_rule;conservative_pair_rule_v2
состояние охраны;16.12.2025 08:00:25;1;0.0;1;unknown;weak_rule;conservative_pair_rule_v2
состояние охраны;16.12.2025 08:31:34;1;0.0;1;unknown;weak_rule;conservative_pair_rule_v2
состояние охраны;16.12.2025 12:37:14;1;0.0;1;unknown;weak_rule;conservative_pair_rule_v2
состояние охраны;22.12.2025 07:22:09;1;0.0;1;unknown;weak_rule;conservative_pair_rule_v2
состояние охраны;22.12.2025 07:51:26;1;0.0;1;unknown;weak_rule;conservative_pair_rule_v2
состояние охраны;26.12.2025 16:06:22;1;0.0;1;unknown;weak_rule;conservative_pair_rule_v2
состояние охраны;29.12.2025 07:58:55;1;0.0;1;unknown;weak_rule;conservative_pair_rule_v2
состояние охраны;29.12.2025 08:58:03;1;0.0;1;unknown;weak_rule;conservative_pair_rule_v2
состояние охраны;29.12.2025 08:58:09;1;0.0;1;unknown;weak_rule;conservative_pair_rule_v2
состояние охраны;29.12.2025 13:05:29;1;0.0;1;unknown;weak_rule;conservative_pair_rule_v2
состояние охраны;29.12.2025 15:40:35;1;0.0;1;unknown;weak_rule;conservative_pair_rule_v2
состояние охраны;29.12.2025 16:27:26;1;0.0;1;unknown;weak_rule;conservative_pair_rule_v2
состояние охраны;29.12.2025 16:27:32;1;0.0;1;unknown;weak_rule;conservative_pair_rule_v2
состояние охраны;29.12.2025 16:59:38;1;0.0;1;unknown;weak_rule;conservative_pair_rule_v2
состояние охраны;29.12.2025 17:18:02;1;0.0;1;unknown;weak_rule;conservative_pair_rule_v2
состояние охраны;04.01.2025 12:00:50;1;0.0;1;unknown;weak_rule;conservative_pair_rule_v2
состояние охраны;08.01.2025 01:01:58;1;0.0;1;unknown;weak_rule;conservative_pair_rule_v2
состояние охраны;08.01.2025 01:07:49;1;0.0;1;unknown;weak_rule;conservative_pair_rule_v2
состояние охраны;08.01.2025 07:28:02;1;0.0;1;unknown;weak_rule;conservative_pair_rule_v2
состояние охраны;08.01.2025 08:05:04;1;0.0;1;unknown;weak_rule;conservative_pair_rule_v2
состояние охраны;08.01.2025 08:05:13;1;0.0;1;unknown;weak_rule;conservative_pair_rule_v2
состояние охраны;08.01.2025 10:04:33;1;0.0;1;unknown;weak_rule;conservative_pair_rule_v2
состояние охраны;08.01.2025 10:49:34;1;0.0;1;unknown;weak_rule;conservative_pair_rule_v2
состояние охраны;08.01.2025 16:14:27;1;0.0;1;unknown;weak_rule;conservative_pair_rule_v2
состояние охраны;08.01.2025 16:14:34;1;0.0;1;unknown;weak_rule;conservative_pair_rule_v2
состояние охраны;12.01.2025 19:57:30;1;0.0;1;unknown;weak_rule;conservative_pair_rule_v2
состояние охраны;15.01.2025 08:03:10;1;0.0;1;unknown;weak_rule;conservative_pair_rule_v2
состояние охраны;15.01.2025 09:25:26;1;0.0;1;unknown;weak_rule;conservative_pair_rule_v2
состояние охраны;15.01.2025 09:25:32;1;0.0;1;unknown;weak_rule;conservative_pair_rule_v2
состояние охраны;15.01.2025 16:05:37;1;0.0;1;unknown;weak_rule;conservative_pair_rule_v2
состояние охраны;15.01.2025 16:59:14;1;0.0;1;unknown;weak_rule;conservative_pair_rule_v2
состояние охраны;15.01.2025 17:11:13;1;0.0;1;unknown;weak_rule;conservative_pair_rule_v2
состояние охраны;19.01.2025 11:52:48;1;0.0;1;unknown;weak_rule;conservative_pair_rule_v2
состояние охраны;20.01.2025 13:51:44;1;0.0;1;unknown;weak_rule;conservative_pair_rule_v2
состояние охраны;26.01.2025 09:13:00;1;0.0;1;unknown;weak_rule;conservative_pair_rule_v2
состояние охраны;31.01.2025 12:07:36;1;0.0;1;unknown;weak_rule;conservative_pair_rule_v2
состояние охраны;31.01.2025 14:20:57;1;0.0;1;unknown;weak_rule;conservative_pair_rule_v2
состояние охраны;31.01.2025 15:57:55;1;0.0;1;unknown;weak_rule;conservative_pair_rule_v2
состояние охраны;31.01.2025 21:57:29;1;0.0;1;unknown;weak_rule;conservative_pair_rule_v2
состояние охраны;01.02.2025 00:39:25;1;0.0;1;unknown;weak_rule;conservative_pair_rule_v2
состояние охраны;01.02.2025 07:27:26;1;0.0;1;unknown;weak_rule;conservative_pair_rule_v2
состояние охраны;02.02.2025 20:21:27;1;0.0;1;unknown;weak_rule;conservative_pair_rule_v2
состояние охраны;03.02.2025 07:08:48;1;0.0;1;unknown;weak_rule;conservative_pair_rule_v2
состояние охраны;03.02.2025 08:47:00;1;0.0;1;unknown;weak_rule;conservative_pair_rule_v2
состояние охраны;03.02.2025 08:57:46;1;0.0;1;unknown;weak_rule;conservative_pair_rule_v2
состояние охраны;03.02.2025 09:06:01;1;0.0;1;unknown;weak_rule;conservative_pair_rule_v2
состояние охраны;03.02.2025 09:06:37;1;0.0;1;unknown;weak_rule;conservative_pair_rule_v2
состояние охраны;03.02.2025 10:25:17;1;0.0;1;unknown;weak_rule;conservative_pair_rule_v2
состояние охраны;03.02.2025 15:39:01;1;0.0;1;unknown;weak_rule;conservative_pair_rule_v2
состояние охраны;03.02.2025 17:01:54;1;0.0;1;unknown;weak_rule;conservative_pair_rule_v2
состояние охраны;03.02.2025 18:02:19;1;0.0;1;unknown;weak_rule;conservative_pair_rule_v2
состояние охраны;10.02.2025 14:20:27;1;0.0;1;unknown;weak_rule;conservative_pair_rule_v2
состояние охраны;10.02.2025 16:15:35;1;0.0;1;unknown;weak_rule;conservative_pair_rule_v2
состояние охраны;10.02.2025 16:15:43;1;0.0;1;unknown;weak_rule;conservative_pair_rule_v2
состояние охраны;10.02.2025 16:44:24;1;0.0;1;unknown;weak_rule;conservative_pair_rule_v2
состояние охраны;10.02.2025 17:11:42;1;0.0;1;unknown;weak_rule;conservative_pair_rule_v2
состояние охраны;10.02.2025 19:20:17;1;0.0;1;unknown;weak_rule;conservative_pair_rule_v2
состояние охраны;10.02.2025 19:27:21;1;0.0;1;unknown;weak_rule;conservative_pair_rule_v2
состояние охраны;11.02.2025 08:43:29;1;0.0;1;unknown;weak_rule;conservative_pair_rule_v2
состояние охраны;11.02.2025 09:07:33;1;0.0;1;unknown;weak_rule;conservative_pair_rule_v2
состояние охраны;18.02.2025 08:22:31;1;0.0;1;unknown;weak_rule;conservative_pair_rule_v2
состояние охраны;18.02.2025 10:14:58;1;0.0;1;unknown;weak_rule;conservative_pair_rule_v2
состояние охраны;18.02.2025 12:40:11;1;0.0;1;unknown;weak_rule;conservative_pair_rule_v2
состояние охраны;18.02.2025 12:48:30;1;0.0;1;unknown;weak_rule;conservative_pair_rule_v2
состояние охраны;18.02.2025 16:50:45;1;0.0;1;unknown;weak_rule;conservative_pair_rule_v2
состояние охраны;18.02.2025 16:54:45;1;0.0;1;unknown;weak_rule;conservative_pair_rule_v2
состояние охраны;22.02.2025 20:04:31;1;0.0;1;unknown;weak_rule;conservative_pair_rule_v2
состояние охраны;25.02.2025 08:19:26;1;0.0;1;unknown;weak_rule;conservative_pair_rule_v2
состояние охраны;25.02.2025 09:01:11;1;0.0;1;unknown;weak_rule;conservative_pair_rule_v2
состояние охраны;25.02.2025 09:04:27;1;0.0;1;unknown;weak_rule;conservative_pair_rule_v2
состояние охраны;25.02.2025 16:31:38;1;0.0;1;unknown;weak_rule;conservative_pair_rule_v2
состояние охраны;26.02.2025 07:10:21;1;0.0;1;unknown;weak_rule;conservative_pair_rule_v2
состояние охраны;28.02.2025 08:59:22;1;0.0;1;unknown;weak_rule;conservative_pair_rule_v2
состояние охраны;28.02.2025 13:34:34;1;0.0;1;unknown;weak_rule;conservative_pair_rule_v2
состояние охраны;28.02.2025 14:11:55;1;0.0;1;unknown;weak_rule;conservative_pair_rule_v2
состояние охраны;28.02.2025 17:00:53;1;0.0;1;unknown;weak_rule;conservative_pair_rule_v2
состояние охраны;28.02.2025 22:17:55;1;0.0;1;unknown;weak_rule;conservative_pair_rule_v2
состояние охраны;01.03.2025 07:42:50;1;0.0;1;unknown;weak_rule;conservative_pair_rule_v2
состояние охраны;05.03.2025 07:30:45;1;0.0;1;unknown;weak_rule;conservative_pair_rule_v2
состояние охраны;05.03.2025 07:50:52;1;0.0;1;unknown;weak_rule;conservative_pair_rule_v2
состояние охраны;05.03.2025 15:32:14;1;0.0;1;unknown;weak_rule;conservative_pair_rule_v2
состояние охраны;05.03.2025 16:10:50;1;0.0;1;unknown;weak_rule;conservative_pair_rule_v2
состояние охраны;05.03.2025 17:00:07;1;0.0;1;unknown;weak_rule;conservative_pair_rule_v2
состояние охраны;05.03.2025 17:00:40;1;0.0;1;unknown;weak_rule;conservative_pair_rule_v2
состояние охраны;05.03.2025 20:02:55;1;0.0;1;unknown;weak_rule;conservative_pair_rule_v2
состояние охраны;05.03.2025 20:12:51;1;0.0;1;unknown;weak_rule;conservative_pair_rule_v2
состояние охраны;05.03.2025 20:25:18;1;0.0;1;unknown;weak_rule;conservative_pair_rule_v2
состояние охраны;05.03.2025 21:13:03;1;0.0;1;unknown;weak_rule;conservative_pair_rule_v2
состояние охраны;11.03.2025 07:47:56;1;0.0;1;unknown;weak_rule;conservative_pair_rule_v2
состояние охраны;11.03.2025 07:51:11;1;0.0;1;unknown;weak_rule;conservative_pair_rule_v2
состояние охраны;11.03.2025 08:01:03;1;0.0;1;unknown;weak_rule;conservative_pair_rule_v2
состояние охраны;11.03.2025 08:03:01;1;0.0;1;unknown;weak_rule;conservative_pair_rule_v2
состояние охраны;11.03.2025 09:30:03;1;0.0;1;unknown;weak_rule;conservative_pair_rule_v2
состояние охраны;11.03.2025 11:31:17;1;0.0;1;unknown;weak_rule;conservative_pair_rule_v2
состояние охраны;11.03.2025 16:28:25;1;0.0;1;unknown;weak_rule;conservative_pair_rule_v2
состояние охраны;11.03.2025 17:00:58;1;0.0;1;unknown;weak_rule;conservative_pair_rule_v2
состояние охраны;11.03.2025 20:02:03;1;0.0;1;unknown;weak_rule;conservative_pair_rule_v2
состояние охраны;14.03.2025 14:40:15;1;0.0;1;unknown;weak_rule;conservative_pair_rule_v2
состояние охраны;14.03.2025 15:58:47;1;0.0;1;unknown;weak_rule;conservative_pair_rule_v2
состояние охраны;14.03.2025 20:04:14;1;0.0;1;unknown;weak_rule;conservative_pair_rule_v2
состояние охраны;14.03.2025 21:15:24;1;0.0;1;unknown;weak_rule;conservative_pair_rule_v2
состояние охраны;14.03.2025 21:37:54;1;0.0;1;unknown;weak_rule;conservative_pair_rule_v2
состояние охраны;21.03.2025 07:20:31;1;0.0;1;unknown;weak_rule;conservative_pair_rule_v2
состояние охраны;21.03.2025 08:25:17;1;0.0;1;unknown;weak_rule;conservative_pair_rule_v2
состояние охраны;21.03.2025 08:34:39;1;0.0;1;unknown;weak_rule;conservative_pair_rule_v2
состояние охраны;21.03.2025 15:47:29;1;0.0;1;unknown;weak_rule;conservative_pair_rule_v2
состояние охраны;21.03.2025 17:01:45;1;0.0;1;unknown;weak_rule;conservative_pair_rule_v2
состояние охраны;25.03.2025 07:15:54;1;0.0;1;unknown;weak_rule;conservative_pair_rule_v2
состояние охраны;25.03.2025 07:31:59;1;0.0;1;unknown;weak_rule;conservative_pair_rule_v2
состояние охраны;25.03.2025 08:05:06;1;0.0;1;unknown;weak_rule;conservative_pair_rule_v2
состояние охраны;25.03.2025 08:34:29;1;0.0;1;unknown;weak_rule;conservative_pair_rule_v2
состояние охраны;26.03.2025 07:48:06;1;0.0;1;unknown;weak_rule;conservative_pair_rule_v2
состояние охраны;31.03.2025 13:56:24;1;0.0;1;unknown;weak_rule;conservative_pair_rule_v2
состояние охраны;31.03.2025 14:29:07;1;0.0;1;unknown;weak_rule;conservative_pair_rule_v2
состояние охраны;31.03.2025 17:52:20;1;0.0;1;unknown;weak_rule;conservative_pair_rule_v2
состояние охраны;31.03.2025 19:18:19;1;0.0;1;unknown;weak_rule;conservative_pair_rule_v2
состояние охраны;31.03.2025 20:03:01;1;0.0;1;unknown;weak_rule;conservative_pair_rule_v2
состояние охраны;01.04.2025 07:16:23;1;0.0;1;unknown;weak_rule;conservative_pair_rule_v2
состояние охраны;01.04.2025 07:44:18;1;0.0;1;unknown;weak_rule;conservative_pair_rule_v2
состояние охраны;01.04.2025 07:58:12;1;0.0;1;unknown;weak_rule;conservative_pair_rule_v2
состояние охраны;01.04.2025 09:48:27;1;0.0;1;unknown;weak_rule;conservative_pair_rule_v2
состояние охраны;03.04.2025 07:41:40;1;0.0;1;unknown;weak_rule;conservative_pair_rule_v2
состояние охраны;03.04.2025 08:53:27;1;0.0;1;unknown;weak_rule;conservative_pair_rule_v2
состояние охраны;03.04.2025 16:16:08;1;0.0;1;unknown;weak_rule;conservative_pair_rule_v2
состояние охраны;03.04.2025 16:59:51;1;0.0;1;unknown;weak_rule;conservative_pair_rule_v2
состояние охраны;03.04.2025 18:13:57;1;0.0;1;unknown;weak_rule;conservative_pair_rule_v2
состояние охраны;03.04.2025 18:31:50;1;0.0;1;unknown;weak_rule;conservative_pair_rule_v2
состояние охраны;03.04.2025 18:40:41;1;0.0;1;unknown;weak_rule;conservative_pair_rule_v2
состояние охраны;03.04.2025 20:08:25;1;0.0;1;unknown;weak_rule;conservative_pair_rule_v2
состояние охраны;03.04.2025 23:39:35;1;0.0;1;unknown;weak_rule;conservative_pair_rule_v2
состояние охраны;10.04.2025 07:35:39;1;0.0;1;unknown;weak_rule;conservative_pair_rule_v2
состояние охраны;10.04.2025 08:55:01;1;0.0;1;unknown;weak_rule;conservative_pair_rule_v2
состояние охраны;10.04.2025 15:29:59;1;0.0;1;unknown;weak_rule;conservative_pair_rule_v2
состояние охраны;10.04.2025 16:32:48;1;0.0;1;unknown;weak_rule;conservative_pair_rule_v2
состояние охраны;10.04.2025 16:38:45;1;0.0;1;unknown;weak_rule;conservative_pair_rule_v2
состояние охраны;10.04.2025 18:13:10;1;0.0;1;unknown;weak_rule;conservative_pair_rule_v2
состояние охраны;16.04.2025 04:34:50;1;0.0;1;unknown;weak_rule;conservative_pair_rule_v2
состояние охраны;16.04.2025 07:53:44;1;0.0;1;unknown;weak_rule;conservative_pair_rule_v2
состояние охраны;16.04.2025 07:54:44;1;0.0;1;unknown;weak_rule;conservative_pair_rule_v2
состояние охраны;16.04.2025 15:34:39;1;0.0;1;unknown;weak_rule;conservative_pair_rule_v2
состояние охраны;16.04.2025 16:13:01;1;0.0;1;unknown;weak_rule;conservative_pair_rule_v2
состояние охраны;16.04.2025 17:00:29;1;0.0;1;unknown;weak_rule;conservative_pair_rule_v2
состояние охраны;16.04.2025 17:04:18;1;0.0;1;unknown;weak_rule;conservative_pair_rule_v2
состояние охраны;16.04.2025 19:32:09;1;0.0;1;unknown;weak_rule;conservative_pair_rule_v2
состояние охраны;16.04.2025 20:02:30;1;0.0;1;unknown;weak_rule;conservative_pair_rule_v2
состояние охраны;20.04.2025 20:02:34;1;0.0;1;unknown;weak_rule;conservative_pair_rule_v2
состояние охраны;21.04.2025 08:00:29;1;0.0;1;unknown;weak_rule;conservative_pair_rule_v2
состояние охраны;21.04.2025 08:43:44;1;0.0;1;unknown;weak_rule;conservative_pair_rule_v2
состояние охраны;21.04.2025 13:12:56;1;0.0;1;unknown;weak_rule;conservative_pair_rule_v2
состояние охраны;21.04.2025 16:25:05;1;0.0;1;unknown;weak_rule;conservative_pair_rule_v2
состояние охраны;21.04.2025 16:52:45;1;0.0;1;unknown;weak_rule;conservative_pair_rule_v2
состояние охраны;21.04.2025 17:00:14;1;0.0;1;unknown;weak_rule;conservative_pair_rule_v2
состояние охраны;21.04.2025 20:05:20;1;0.0;1;unknown;weak_rule;conservative_pair_rule_v2
состояние охраны;21.04.2025 20:08:52;1;0.0;1;unknown;weak_rule;conservative_pair_rule_v2
состояние охраны;25.04.2025 09:20:47;1;0.0;1;unknown;weak_rule;conservative_pair_rule_v2
состояние охраны;25.04.2025 14:20:32;1;0.0;1;unknown;weak_rule;conservative_pair_rule_v2
состояние охраны;25.04.2025 14:44:59;1;0.0;1;unknown;weak_rule;conservative_pair_rule_v2
состояние охраны;25.04.2025 15:47:19;1;0.0;1;unknown;weak_rule;conservative_pair_rule_v2
состояние охраны;25.04.2025 16:55:05;1;0.0;1;unknown;weak_rule;conservative_pair_rule_v2
состояние охраны;25.04.2025 20:05:33;1;0.0;1;unknown;weak_rule;conservative_pair_rule_v2
состояние охраны;26.04.2025 08:05:45;1;0.0;1;unknown;weak_rule;conservative_pair_rule_v2
состояние охраны;26.04.2025 08:32:27;1;0.0;1;unknown;weak_rule;conservative_pair_rule_v2
состояние охраны;26.04.2025 08:39:15;1;0.0;1;unknown;weak_rule;conservative_pair_rule_v2
состояние охраны;26.04.2025 08:51:45;1;0.0;1;unknown;weak_rule;conservative_pair_rule_v2
состояние охраны;26.04.2025 09:25:13;1;0.0;1;unknown;weak_rule;conservative_pair_rule_v2
состояние охраны;29.04.2025 08:04:10;1;0.0;1;unknown;weak_rule;conservative_pair_rule_v2
состояние охраны;29.04.2025 14:54:48;1;0.0;1;unknown;weak_rule;conservative_pair_rule_v2
состояние охраны;29.04.2025 14:54:51;1;0.0;1;unknown;weak_rule;conservative_pair_rule_v2
состояние охраны;29.04.2025 15:35:24;1;0.0;1;unknown;weak_rule;conservative_pair_rule_v2
состояние охраны;29.04.2025 20:03:38;1;0.0;1;unknown;weak_rule;conservative_pair_rule_v2
состояние охраны;30.04.2025 07:42:27;1;0.0;1;unknown;weak_rule;conservative_pair_rule_v2
состояние охраны;30.04.2025 07:59:15;1;0.0;1;unknown;weak_rule;conservative_pair_rule_v2
состояние охраны;30.04.2025 08:01:53;1;0.0;1;unknown;weak_rule;conservative_pair_rule_v2
состояние охраны;30.04.2025 08:30:16;1;0.0;1;unknown;weak_rule;conservative_pair_rule_v2
состояние охраны;05.05.2025 07:50:46;1;0.0;1;unknown;weak_rule;conservative_pair_rule_v2
состояние охраны;05.05.2025 07:50:51;1;0.0;1;unknown;weak_rule;conservative_pair_rule_v2
состояние охраны;05.05.2025 07:56:59;1;0.0;1;unknown;weak_rule;conservative_pair_rule_v2
состояние охраны;05.05.2025 07:58:26;1;0.0;1;unknown;weak_rule;conservative_pair_rule_v2
состояние охраны;05.05.2025 16:28:12;1;0.0;1;unknown;weak_rule;conservative_pair_rule_v2
состояние охраны;05.05.2025 17:55:27;1;0.0;1;unknown;weak_rule;conservative_pair_rule_v2
состояние охраны;05.05.2025 20:04:39;1;0.0;1;unknown;weak_rule;conservative_pair_rule_v2
состояние охраны;10.05.2025 07:44:27;1;0.0;1;unknown;weak_rule;conservative_pair_rule_v2
состояние охраны;10.05.2025 08:00:40;1;0.0;1;unknown;weak_rule;conservative_pair_rule_v2
состояние охраны;10.05.2025 08:02:06;1;0.0;1;unknown;weak_rule;conservative_pair_rule_v2
состояние охраны;10.05.2025 09:23:20;1;0.0;1;unknown;weak_rule;conservative_pair_rule_v2
состояние охраны;11.05.2025 08:28:49;1;0.0;1;unknown;weak_rule;conservative_pair_rule_v2
состояние охраны;14.05.2025 19:54:01;1;0.0;1;unknown;weak_rule;conservative_pair_rule_v2
состояние охраны;14.05.2025 20:04:00;1;0.0;1;unknown;weak_rule;conservative_pair_rule_v2
состояние охраны;15.05.2025 07:38:23;1;0.0;1;unknown;weak_rule;conservative_pair_rule_v2
состояние охраны;15.05.2025 07:52:00;1;0.0;1;unknown;weak_rule;conservative_pair_rule_v2
состояние охраны;15.05.2025 07:56:55;1;0.0;1;unknown;weak_rule;conservative_pair_rule_v2
состояние охраны;15.05.2025 08:33:24;1;0.0;1;unknown;weak_rule;conservative_pair_rule_v2
состояние охраны;15.05.2025 13:39:55;1;0.0;1;unknown;weak_rule;conservative_pair_rule_v2
состояние охраны;15.05.2025 15:17:58;1;0.0;1;unknown;weak_rule;conservative_pair_rule_v2
состояние охраны;15.05.2025 16:55:57;1;0.0;1;unknown;weak_rule;conservative_pair_rule_v2
состояние охраны;15.05.2025 16:56:14;1;0.0;1;unknown;weak_rule;conservative_pair_rule_v2
состояние охраны;15.05.2025 17:00:27;1;0.0;1;unknown;weak_rule;conservative_pair_rule_v2
состояние охраны;15.05.2025 17:44:03;1;0.0;1;unknown;weak_rule;conservative_pair_rule_v2
состояние охраны;17.05.2025 16:07:40;1;0.0;1;unknown;weak_rule;conservative_pair_rule_v2
состояние охраны;18.05.2025 07:37:29;1;0.0;1;unknown;weak_rule;conservative_pair_rule_v2
состояние охраны;18.05.2025 08:41:16;1;0.0;1;unknown;weak_rule;conservative_pair_rule_v2
состояние охраны;25.05.2025 07:58:21;1;0.0;1;unknown;weak_rule;conservative_pair_rule_v2
состояние охраны;25.05.2025 14:10:28;1;0.0;1;unknown;weak_rule;conservative_pair_rule_v2
состояние охраны;25.05.2025 23:03:29;1;0.0;1;unknown;weak_rule;conservative_pair_rule_v2
состояние охраны;26.05.2025 01:00:07;1;0.0;1;unknown;weak_rule;conservative_pair_rule_v2
состояние охраны;26.05.2025 01:02:40;1;0.0;1;unknown;weak_rule;conservative_pair_rule_v2
состояние охраны;26.05.2025 04:26:19;1;0.0;1;unknown;weak_rule;conservative_pair_rule_v2
состояние охраны;26.05.2025 07:59:31;1;0.0;1;unknown;weak_rule;conservative_pair_rule_v2
состояние охраны;26.05.2025 08:00:18;1;0.0;1;unknown;weak_rule;conservative_pair_rule_v2
состояние охраны;26.05.2025 08:01:54;1;0.0;1;unknown;weak_rule;conservative_pair_rule_v2
состояние охраны;26.05.2025 08:04:27;1;0.0;1;unknown;weak_rule;conservative_pair_rule_v2
состояние охраны;29.05.2025 07:59:11;1;0.0;1;unknown;weak_rule;conservative_pair_rule_v2
состояние охраны;29.05.2025 14:54:00;1;0.0;1;unknown;weak_rule;conservative_pair_rule_v2
состояние охраны;29.05.2025 14:55:19;1;0.0;1;unknown;weak_rule;conservative_pair_rule_v2
состояние охраны;29.05.2025 14:56:33;1;0.0;1;unknown;weak_rule;conservative_pair_rule_v2
состояние охраны;29.05.2025 14:58:57;1;0.0;1;unknown;weak_rule;conservative_pair_rule_v2
состояние охраны;29.05.2025 15:10:52;1;0.0;1;unknown;weak_rule;conservative_pair_rule_v2
состояние охраны;29.05.2025 15:47:30;1;0.0;1;unknown;weak_rule;conservative_pair_rule_v2
состояние охраны;29.05.2025 16:07:10;1;0.0;1;unknown;weak_rule;conservative_pair_rule_v2
состояние охраны;29.05.2025 16:38:57;1;0.0;1;unknown;weak_rule;conservative_pair_rule_v2
состояние охраны;29.05.2025 16:59:41;1;0.0;1;unknown;weak_rule;conservative_pair_rule_v2
состояние охраны;02.06.2025 07:38:08;1;0.0;1;unknown;weak_rule;conservative_pair_rule_v2
состояние охраны;02.06.2025 13:30:22;1;0.0;1;unknown;weak_rule;conservative_pair_rule_v2
состояние охраны;02.06.2025 17:03:56;1;0.0;1;unknown;weak_rule;conservative_pair_rule_v2
состояние охраны;02.06.2025 18:51:37;1;0.0;1;unknown;weak_rule;conservative_pair_rule_v2
состояние охраны;02.06.2025 23:23:17;1;0.0;1;unknown;weak_rule;conservative_pair_rule_v2
состояние охраны;06.06.2025 09:51:46;1;0.0;1;unknown;weak_rule;conservative_pair_rule_v2
состояние охраны;06.06.2025 15:28:47;1;0.0;1;unknown;weak_rule;conservative_pair_rule_v2
состояние охраны;06.06.2025 16:41:48;1;0.0;1;unknown;weak_rule;conservative_pair_rule_v2
состояние охраны;06.06.2025 17:20:55;1;0.0;1;unknown;weak_rule;conservative_pair_rule_v2
состояние охраны;06.06.2025 18:20:57;1;0.0;1;unknown;weak_rule;conservative_pair_rule_v2
состояние охраны;07.06.2025 04:42:47;1;0.0;1;unknown;weak_rule;conservative_pair_rule_v2
состояние охраны;07.06.2025 11:37:29;1;0.0;1;unknown;weak_rule;conservative_pair_rule_v2
состояние охраны;07.06.2025 14:49:57;1;0.0;1;unknown;weak_rule;conservative_pair_rule_v2
состояние охраны;10.06.2025 07:13:19;1;0.0;1;unknown;weak_rule;conservative_pair_rule_v2
состояние охраны;10.06.2025 07:59:56;1;0.0;1;unknown;weak_rule;conservative_pair_rule_v2
состояние охраны;10.06.2025 08:00:09;1;0.0;1;unknown;weak_rule;conservative_pair_rule_v2
состояние охраны;10.06.2025 11:42:40;1;0.0;1;unknown;weak_rule;conservative_pair_rule_v2
состояние охраны;10.06.2025 14:28:38;1;0.0;1;unknown;weak_rule;conservative_pair_rule_v2
состояние охраны;10.06.2025 14:44:59;1;0.0;1;unknown;weak_rule;conservative_pair_rule_v2
состояние охраны;10.06.2025 17:42:09;1;0.0;1;unknown;weak_rule;conservative_pair_rule_v2
состояние охраны;10.06.2025 19:25:46;1;0.0;1;unknown;weak_rule;conservative_pair_rule_v2
состояние охраны;13.06.2025 09:06:30;1;0.0;1;unknown;weak_rule;conservative_pair_rule_v2
состояние охраны;13.06.2025 11:19:42;1;0.0;1;unknown;weak_rule;conservative_pair_rule_v2
состояние охраны;17.06.2025 15:08:19;1;0.0;1;unknown;weak_rule;conservative_pair_rule_v2
состояние охраны;17.06.2025 22:50:58;1;0.0;1;unknown;weak_rule;conservative_pair_rule_v2
состояние охраны;18.06.2025 07:57:49;1;0.0;1;unknown;weak_rule;conservative_pair_rule_v2
состояние охраны;22.06.2025 01:35:45;1;0.0;1;unknown;weak_rule;conservative_pair_rule_v2
состояние охраны;22.06.2025 11:32:13;1;0.0;1;unknown;weak_rule;conservative_pair_rule_v2
состояние охраны;22.06.2025 18:18:43;1;0.0;1;unknown;weak_rule;conservative_pair_rule_v2
состояние охраны;22.06.2025 18:51:23;1;0.0;1;unknown;weak_rule;conservative_pair_rule_v2
состояние охраны;22.06.2025 19:15:48;1;0.0;1;unknown;weak_rule;conservative_pair_rule_v2
состояние охраны;25.06.2025 22:41:20;1;0.0;1;unknown;weak_rule;conservative_pair_rule_v2
состояние охраны;25.06.2025 22:55:57;1;0.0;1;unknown;weak_rule;conservative_pair_rule_v2
состояние охраны;26.06.2025 07:33:18;1;0.0;1;unknown;weak_rule;conservative_pair_rule_v2
состояние охраны;26.06.2025 08:00:31;1;0.0;1;unknown;weak_rule;conservative_pair_rule_v2
состояние охраны;26.06.2025 11:48:08;1;0.0;1;unknown;weak_rule;conservative_pair_rule_v2
состояние охраны;26.06.2025 13:29:08;1;0.0;1;unknown;weak_rule;conservative_pair_rule_v2
состояние охраны;26.06.2025 15:06:01;1;0.0;1;unknown;weak_rule;conservative_pair_rule_v2
состояние охраны;26.06.2025 16:41:53;1;0.0;1;unknown;weak_rule;conservative_pair_rule_v2
состояние охраны;26.06.2025 17:00:17;1;0.0;1;unknown;weak_rule;conservative_pair_rule_v2
состояние охраны;26.06.2025 20:09:11;1;0.0;1;unknown;weak_rule;conservative_pair_rule_v2
состояние охраны;26.06.2025 21:22:17;1;0.0;1;unknown;weak_rule;conservative_pair_rule_v2
состояние охраны;30.06.2025 22:53:20;1;0.0;1;unknown;weak_rule;conservative_pair_rule_v2
состояние охраны;02.07.2025 16:59:00;1;0.0;1;unknown;weak_rule;conservative_pair_rule_v2
состояние охраны;02.07.2025 17:00:51;1;0.0;1;unknown;weak_rule;conservative_pair_rule_v2
состояние охраны;02.07.2025 17:05:49;1;0.0;1;unknown;weak_rule;conservative_pair_rule_v2
состояние охраны;02.07.2025 20:11:23;1;0.0;1;unknown;weak_rule;conservative_pair_rule_v2
состояние охраны;03.07.2025 07:55:03;1;0.0;1;unknown;weak_rule;conservative_pair_rule_v2
состояние охраны;03.07.2025 08:03:49;1;0.0;1;unknown;weak_rule;conservative_pair_rule_v2
состояние охраны;03.07.2025 09:24:19;1;0.0;1;unknown;weak_rule;conservative_pair_rule_v2
состояние охраны;05.07.2025 19:08:37;1;0.0;1;unknown;weak_rule;conservative_pair_rule_v2
состояние охраны;06.07.2025 07:41:43;1;0.0;1;unknown;weak_rule;conservative_pair_rule_v2
состояние охраны;06.07.2025 08:02:29;1;0.0;1;unknown;weak_rule;conservative_pair_rule_v2
состояние охраны;06.07.2025 08:22:43;1;0.0;1;unknown;weak_rule;conservative_pair_rule_v2
состояние охраны;06.07.2025 08:49:00;1;0.0;1;unknown;weak_rule;conservative_pair_rule_v2
состояние охраны;10.07.2025 16:16:55;1;0.0;1;unknown;weak_rule;conservative_pair_rule_v2
состояние охраны;10.07.2025 16:57:25;1;0.0;1;unknown;weak_rule;conservative_pair_rule_v2
состояние охраны;10.07.2025 17:00:43;1;0.0;1;unknown;weak_rule;conservative_pair_rule_v2
состояние охраны;10.07.2025 17:03:54;1;0.0;1;unknown;weak_rule;conservative_pair_rule_v2
состояние охраны;10.07.2025 22:36:06;1;0.0;1;unknown;weak_rule;conservative_pair_rule_v2
состояние охраны;11.07.2025 06:59:31;1;0.0;1;unknown;weak_rule;conservative_pair_rule_v2
состояние охраны;14.07.2025 01:04:50;1;0.0;1;unknown;weak_rule;conservative_pair_rule_v2
состояние охраны;17.07.2025 17:00:26;1;0.0;1;unknown;weak_rule;conservative_pair_rule_v2
состояние охраны;17.07.2025 20:53:29;1;0.0;1;unknown;weak_rule;conservative_pair_rule_v2
состояние охраны;18.07.2025 07:12:54;1;0.0;1;unknown;weak_rule;conservative_pair_rule_v2
состояние охраны;18.07.2025 07:46:09;1;0.0;1;unknown;weak_rule;conservative_pair_rule_v2
состояние охраны;18.07.2025 08:53:33;1;0.0;1;unknown;weak_rule;conservative_pair_rule_v2
состояние охраны;18.07.2025 08:58:49;1;0.0;1;unknown;weak_rule;conservative_pair_rule_v2
состояние охраны;18.07.2025 09:34:43;1;0.0;1;unknown;weak_rule;conservative_pair_rule_v2
состояние охраны;18.07.2025 09:55:41;1;0.0;1;unknown;weak_rule;conservative_pair_rule_v2
состояние охраны;22.07.2025 13:49:01;1;0.0;1;unknown;weak_rule;conservative_pair_rule_v2
состояние охраны;22.07.2025 16:39:49;1;0.0;1;unknown;weak_rule;conservative_pair_rule_v2
состояние охраны;24.07.2025 03:53:07;1;0.0;1;unknown;weak_rule;conservative_pair_rule_v2
состояние охраны;24.07.2025 07:32:27;1;0.0;1;unknown;weak_rule;conservative_pair_rule_v2
состояние охраны;24.07.2025 07:32:31;1;0.0;1;unknown;weak_rule;conservative_pair_rule_v2
состояние охраны;24.07.2025 07:48:44;1;0.0;1;unknown;weak_rule;conservative_pair_rule_v2
состояние охраны;24.07.2025 08:00:25;1;0.0;1;unknown;weak_rule;conservative_pair_rule_v2
состояние охраны;24.07.2025 09:05:57;1;0.0;1;unknown;weak_rule;conservative_pair_rule_v2
состояние охраны;24.07.2025 11:30:42;1;0.0;1;unknown;weak_rule;conservative_pair_rule_v2
состояние охраны;24.07.2025 14:41:09;1;0.0;1;unknown;weak_rule;conservative_pair_rule_v2
состояние охраны;28.07.2025 05:39:45;1;0.0;1;unknown;weak_rule;conservative_pair_rule_v2
состояние охраны;28.07.2025 07:12:46;1;0.0;1;unknown;weak_rule;conservative_pair_rule_v2
состояние охраны;28.07.2025 07:49:27;1;0.0;1;unknown;weak_rule;conservative_pair_rule_v2
состояние охраны;28.07.2025 08:20:28;1;0.0;1;unknown;weak_rule;conservative_pair_rule_v2
состояние охраны;28.07.2025 14:32:23;1;0.0;1;unknown;weak_rule;conservative_pair_rule_v2
состояние охраны;28.07.2025 14:39:19;1;0.0;1;unknown;weak_rule;conservative_pair_rule_v2
состояние охраны;28.07.2025 15:32:06;1;0.0;1;unknown;weak_rule;conservative_pair_rule_v2
состояние охраны;28.07.2025 16:57:56;1;0.0;1;unknown;weak_rule;conservative_pair_rule_v2
состояние охраны;28.07.2025 17:09:46;1;0.0;1;unknown;weak_rule;conservative_pair_rule_v2
состояние охраны;28.07.2025 21:22:37;1;0.0;1;unknown;weak_rule;conservative_pair_rule_v2
состояние охраны;31.07.2025 15:12:04;1;0.0;1;unknown;weak_rule;conservative_pair_rule_v2
состояние охраны;31.07.2025 15:12:10;1;0.0;1;unknown;weak_rule;conservative_pair_rule_v2
состояние охраны;31.07.2025 18:44:13;1;0.0;1;unknown;weak_rule;conservative_pair_rule_v2
состояние охраны;31.07.2025 19:55:15;1;0.0;1;unknown;weak_rule;conservative_pair_rule_v2
состояние охраны;01.08.2025 05:19:39;1;0.0;1;unknown;weak_rule;conservative_pair_rule_v2
состояние охраны;01.08.2025 07:50:26;1;0.0;1;unknown;weak_rule;conservative_pair_rule_v2
состояние охраны;01.08.2025 07:57:40;1;0.0;1;unknown;weak_rule;conservative_pair_rule_v2
состояние охраны;01.08.2025 08:43:36;1;0.0;1;unknown;weak_rule;conservative_pair_rule_v2
состояние охраны;04.08.2025 08:31:45;1;0.0;1;unknown;weak_rule;conservative_pair_rule_v2
состояние охраны;04.08.2025 13:05:09;1;0.0;1;unknown;weak_rule;conservative_pair_rule_v2
состояние охраны;04.08.2025 17:51:33;1;0.0;1;unknown;weak_rule;conservative_pair_rule_v2
состояние охраны;04.08.2025 22:55:42;1;0.0;1;unknown;weak_rule;conservative_pair_rule_v2
состояние охраны;05.08.2025 01:14:03;1;0.0;1;unknown;weak_rule;conservative_pair_rule_v2
состояние охраны;08.08.2025 15:08:24;1;0.0;1;unknown;weak_rule;conservative_pair_rule_v2
состояние охраны;08.08.2025 15:20:28;1;0.0;1;unknown;weak_rule;conservative_pair_rule_v2
состояние охраны;08.08.2025 16:55:41;1;0.0;1;unknown;weak_rule;conservative_pair_rule_v2
состояние охраны;08.08.2025 17:57:40;1;0.0;1;unknown;weak_rule;conservative_pair_rule_v2
состояние охраны;08.08.2025 18:23:54;1;0.0;1;unknown;weak_rule;conservative_pair_rule_v2
состояние охраны;08.08.2025 21:16:13;1;0.0;1;unknown;weak_rule;conservative_pair_rule_v2
состояние охраны;13.08.2025 04:25:47;1;0.0;1;unknown;weak_rule;conservative_pair_rule_v2
состояние охраны;13.08.2025 07:10:14;1;0.0;1;unknown;weak_rule;conservative_pair_rule_v2
состояние охраны;13.08.2025 08:56:55;1;0.0;1;unknown;weak_rule;conservative_pair_rule_v2
состояние охраны;13.08.2025 13:52:56;1;0.0;1;unknown;weak_rule;conservative_pair_rule_v2
состояние охраны;13.08.2025 14:41:55;1;0.0;1;unknown;weak_rule;conservative_pair_rule_v2
состояние охраны;13.08.2025 15:03:54;1;0.0;1;unknown;weak_rule;conservative_pair_rule_v2
состояние охраны;13.08.2025 15:03:59;1;0.0;1;unknown;weak_rule;conservative_pair_rule_v2
состояние охраны;13.08.2025 15:05:04;1;0.0;1;unknown;weak_rule;conservative_pair_rule_v2
состояние охраны;13.08.2025 16:37:23;1;0.0;1;unknown;weak_rule;conservative_pair_rule_v2
состояние охраны;13.08.2025 16:55:06;1;0.0;1;unknown;weak_rule;conservative_pair_rule_v2
состояние охраны;13.08.2025 16:55:13;1;0.0;1;unknown;weak_rule;conservative_pair_rule_v2
состояние охраны;13.08.2025 17:05:37;1;0.0;1;unknown;weak_rule;conservative_pair_rule_v2
состояние охраны;13.08.2025 17:45:12;1;0.0;1;unknown;weak_rule;conservative_pair_rule_v2
состояние охраны;14.08.2025 07:17:08;1;0.0;1;unknown;weak_rule;conservative_pair_rule_v2
состояние охраны;14.08.2025 07:45:26;1;0.0;1;unknown;weak_rule;conservative_pair_rule_v2
состояние охраны;14.08.2025 08:04:19;1;0.0;1;unknown;weak_rule;conservative_pair_rule_v2
состояние охраны;14.08.2025 15:35:52;1;0.0;1;unknown;weak_rule;conservative_pair_rule_v2
состояние охраны;14.08.2025 16:49:32;1;0.0;1;unknown;weak_rule;conservative_pair_rule_v2
состояние охраны;14.08.2025 17:02:17;1;0.0;1;unknown;weak_rule;conservative_pair_rule_v2
состояние охраны;15.08.2025 07:32:25;1;0.0;1;unknown;weak_rule;conservative_pair_rule_v2
состояние охраны;18.08.2025 09:46:05;1;0.0;1;unknown;weak_rule;conservative_pair_rule_v2
состояние охраны;18.08.2025 10:52:05;1;0.0;1;unknown;weak_rule;conservative_pair_rule_v2
состояние охраны;18.08.2025 17:32:53;1;0.0;1;unknown;weak_rule;conservative_pair_rule_v2
состояние охраны;18.08.2025 17:49:28;1;0.0;1;unknown;weak_rule;conservative_pair_rule_v2
состояние охраны;22.08.2025 07:06:46;1;0.0;1;unknown;weak_rule;conservative_pair_rule_v2
состояние охраны;22.08.2025 08:19:29;1;0.0;1;unknown;weak_rule;conservative_pair_rule_v2
состояние охраны;22.08.2025 09:03:20;1;0.0;1;unknown;weak_rule;conservative_pair_rule_v2
состояние охраны;22.08.2025 14:38:38;1;0.0;1;unknown;weak_rule;conservative_pair_rule_v2
состояние охраны;22.08.2025 15:02:02;1;0.0;1;unknown;weak_rule;conservative_pair_rule_v2
состояние охраны;22.08.2025 18:03:08;1;0.0;1;unknown;weak_rule;conservative_pair_rule_v2
состояние охраны;25.08.2025 02:18:23;1;0.0;1;unknown;weak_rule;conservative_pair_rule_v2
состояние охраны;25.08.2025 02:30:45;1;0.0;1;unknown;weak_rule;conservative_pair_rule_v2
состояние охраны;25.08.2025 07:23:52;1;0.0;1;unknown;weak_rule;conservative_pair_rule_v2
состояние охраны;25.08.2025 07:29:36;1;0.0;1;unknown;weak_rule;conservative_pair_rule_v2
состояние охраны;25.08.2025 07:56:36;1;0.0;1;unknown;weak_rule;conservative_pair_rule_v2
состояние охраны;25.08.2025 08:46:48;1;0.0;1;unknown;weak_rule;conservative_pair_rule_v2
состояние охраны;25.08.2025 15:45:39;1;0.0;1;unknown;weak_rule;conservative_pair_rule_v2
состояние охраны;25.08.2025 16:50:08;1;0.0;1;unknown;weak_rule;conservative_pair_rule_v2
состояние охраны;25.08.2025 18:57:26;1;0.0;1;unknown;weak_rule;conservative_pair_rule_v2
состояние охраны;28.08.2025 07:11:42;1;0.0;1;unknown;weak_rule;conservative_pair_rule_v2
состояние охраны;28.08.2025 07:58:20;1;0.0;1;unknown;weak_rule;conservative_pair_rule_v2
состояние охраны;28.08.2025 08:03:37;1;0.0;1;unknown;weak_rule;conservative_pair_rule_v2
состояние охраны;28.08.2025 16:47:24;1;0.0;1;unknown;weak_rule;conservative_pair_rule_v2
состояние охраны;31.08.2025 08:29:38;1;0.0;1;unknown;weak_rule;conservative_pair_rule_v2
состояние охраны;31.08.2025 11:06:25;1;0.0;1;unknown;weak_rule;conservative_pair_rule_v2
состояние охраны;03.09.2025 16:04:11;1;0.0;1;unknown;weak_rule;conservative_pair_rule_v2
состояние охраны;04.09.2025 07:10:05;1;0.0;1;unknown;weak_rule;conservative_pair_rule_v2
состояние охраны;04.09.2025 08:48:04;1;0.0;1;unknown;weak_rule;conservative_pair_rule_v2
состояние охраны;04.09.2025 08:58:04;1;0.0;1;unknown;weak_rule;conservative_pair_rule_v2
состояние охраны;04.09.2025 09:38:26;1;0.0;1;unknown;weak_rule;conservative_pair_rule_v2
состояние охраны;07.09.2025 11:46:23;1;0.0;1;unknown;weak_rule;conservative_pair_rule_v2
состояние охраны;08.09.2025 07:12:18;1;0.0;1;unknown;weak_rule;conservative_pair_rule_v2
состояние охраны;10.09.2025 17:00:05;1;0.0;1;unknown;weak_rule;conservative_pair_rule_v2
состояние охраны;10.09.2025 18:31:00;1;0.0;1;unknown;weak_rule;conservative_pair_rule_v2
состояние охраны;11.09.2025 07:19:59;1;0.0;1;unknown;weak_rule;conservative_pair_rule_v2
состояние охраны;11.09.2025 07:44:10;1;0.0;1;unknown;weak_rule;conservative_pair_rule_v2
состояние охраны;15.09.2025 09:26:59;1;0.0;1;unknown;weak_rule;conservative_pair_rule_v2
состояние охраны;15.09.2025 16:39:11;1;0.0;1;unknown;weak_rule;conservative_pair_rule_v2
состояние охраны;18.09.2025 23:01:53;1;0.0;1;unknown;weak_rule;conservative_pair_rule_v2
состояние охраны;19.09.2025 07:18:17;1;0.0;1;unknown;weak_rule;conservative_pair_rule_v2
состояние охраны;19.09.2025 07:35:12;1;0.0;1;unknown;weak_rule;conservative_pair_rule_v2
состояние охраны;19.09.2025 08:01:56;1;0.0;1;unknown;weak_rule;conservative_pair_rule_v2
состояние охраны;19.09.2025 09:19:16;1;0.0;1;unknown;weak_rule;conservative_pair_rule_v2
состояние охраны;19.09.2025 09:19:22;1;0.0;1;unknown;weak_rule;conservative_pair_rule_v2
состояние охраны;19.09.2025 15:22:56;1;0.0;1;unknown;weak_rule;conservative_pair_rule_v2
состояние охраны;19.09.2025 15:23:01;1;0.0;1;unknown;weak_rule;conservative_pair_rule_v2
состояние охраны;19.09.2025 15:33:54;1;0.0;1;unknown;weak_rule;conservative_pair_rule_v2
состояние охраны;19.09.2025 15:44:53;1;0.0;1;unknown;weak_rule;conservative_pair_rule_v2
состояние охраны;23.09.2025 16:39:10;1;0.0;1;unknown;weak_rule;conservative_pair_rule_v2
состояние охраны;23.09.2025 16:42:34;1;0.0;1;unknown;weak_rule;conservative_pair_rule_v2
состояние охраны;23.09.2025 16:45:31;1;0.0;1;unknown;weak_rule;conservative_pair_rule_v2
состояние охраны;23.09.2025 17:08:08;1;0.0;1;unknown;weak_rule;conservative_pair_rule_v2
состояние охраны;23.09.2025 17:27:09;1;0.0;1;unknown;weak_rule;conservative_pair_rule_v2
состояние охраны;24.09.2025 07:38:16;1;0.0;1;unknown;weak_rule;conservative_pair_rule_v2
состояние охраны;24.09.2025 08:04:15;1;0.0;1;unknown;weak_rule;conservative_pair_rule_v2
состояние охраны;24.09.2025 12:38:50;1;0.0;1;unknown;weak_rule;conservative_pair_rule_v2
состояние охраны;25.09.2025 11:36:14;1;0.0;1;unknown;weak_rule;conservative_pair_rule_v2
состояние охраны;25.09.2025 15:43:46;1;0.0;1;unknown;weak_rule;conservative_pair_rule_v2
состояние охраны;25.09.2025 16:36:40;1;0.0;1;unknown;weak_rule;conservative_pair_rule_v2
состояние охраны;25.09.2025 21:45:59;1;0.0;1;unknown;weak_rule;conservative_pair_rule_v2
состояние охраны;26.09.2025 07:53:29;1;0.0;1;unknown;weak_rule;conservative_pair_rule_v2
состояние охраны;30.09.2025 16:36:07;1;0.0;1;unknown;weak_rule;conservative_pair_rule_v2
состояние охраны;30.09.2025 17:03:14;1;0.0;1;unknown;weak_rule;conservative_pair_rule_v2
состояние охраны;30.09.2025 17:34:36;1;0.0;1;unknown;weak_rule;conservative_pair_rule_v2
состояние охраны;30.09.2025 21:48:00;1;0.0;1;unknown;weak_rule;conservative_pair_rule_v2
состояние охраны;30.09.2025 22:04:14;1;0.0;1;unknown;weak_rule;conservative_pair_rule_v2
состояние охраны;01.10.2025 03:07:33;1;0.0;1;unknown;weak_rule;conservative_pair_rule_v2
состояние охраны;01.10.2025 07:03:27;1;0.0;1;unknown;weak_rule;conservative_pair_rule_v2
состояние охраны;01.10.2025 07:48:29;1;0.0;1;unknown;weak_rule;conservative_pair_rule_v2
состояние охраны;01.10.2025 07:56:53;1;0.0;1;unknown;weak_rule;conservative_pair_rule_v2
состояние охраны;01.10.2025 08:21:32;1;0.0;1;unknown;weak_rule;conservative_pair_rule_v2
состояние охраны;06.10.2025 15:43:19;1;0.0;1;unknown;weak_rule;conservative_pair_rule_v2
состояние охраны;06.10.2025 16:32:43;1;0.0;1;unknown;weak_rule;conservative_pair_rule_v2
состояние охраны;06.10.2025 17:17:54;1;0.0;1;unknown;weak_rule;conservative_pair_rule_v2
состояние охраны;07.10.2025 06:06:27;1;0.0;1;unknown;weak_rule;conservative_pair_rule_v2
состояние охраны;07.10.2025 07:59:37;1;0.0;1;unknown;weak_rule;conservative_pair_rule_v2
состояние охраны;07.10.2025 08:01:51;1;0.0;1;unknown;weak_rule;conservative_pair_rule_v2
состояние охраны;08.10.2025 16:39:19;1;0.0;1;unknown;weak_rule;conservative_pair_rule_v2
состояние охраны;08.10.2025 18:33:05;1;0.0;1;unknown;weak_rule;conservative_pair_rule_v2
состояние охраны;09.10.2025 07:53:54;1;0.0;1;unknown;weak_rule;conservative_pair_rule_v2
состояние охраны;09.10.2025 07:59:28;1;0.0;1;unknown;weak_rule;conservative_pair_rule_v2
состояние охраны;13.10.2025 07:47:47;1;0.0;1;unknown;weak_rule;conservative_pair_rule_v2
состояние охраны;13.10.2025 08:13:38;1;0.0;1;unknown;weak_rule;conservative_pair_rule_v2
состояние охраны;13.10.2025 08:13:42;1;0.0;1;unknown;weak_rule;conservative_pair_rule_v2
состояние охраны;13.10.2025 09:40:55;1;0.0;1;unknown;weak_rule;conservative_pair_rule_v2
состояние охраны;15.10.2025 15:16:56;1;0.0;1;unknown;weak_rule;conservative_pair_rule_v2
состояние охраны;15.10.2025 15:17:00;1;0.0;1;unknown;weak_rule;conservative_pair_rule_v2
состояние охраны;15.10.2025 17:16:52;1;0.0;1;unknown;weak_rule;conservative_pair_rule_v2
состояние охраны;15.10.2025 18:32:18;1;0.0;1;unknown;weak_rule;conservative_pair_rule_v2
состояние охраны;15.10.2025 19:44:11;1;0.0;1;unknown;weak_rule;conservative_pair_rule_v2
состояние охраны;16.10.2025 07:16:00;1;0.0;1;unknown;weak_rule;conservative_pair_rule_v2
состояние охраны;16.10.2025 07:58:29;1;0.0;1;unknown;weak_rule;conservative_pair_rule_v2
состояние охраны;16.10.2025 08:01:08;1;0.0;1;unknown;weak_rule;conservative_pair_rule_v2
состояние охраны;22.10.2025 07:14:25;1;0.0;1;unknown;weak_rule;conservative_pair_rule_v2
состояние охраны;22.10.2025 08:07:05;1;0.0;1;unknown;weak_rule;conservative_pair_rule_v2
состояние охраны;22.10.2025 09:21:57;1;0.0;1;unknown;weak_rule;conservative_pair_rule_v2
состояние охраны;22.10.2025 16:10:19;1;0.0;1;unknown;weak_rule;conservative_pair_rule_v2
состояние охраны;22.10.2025 16:46:34;1;0.0;1;unknown;weak_rule;conservative_pair_rule_v2
состояние охраны;22.10.2025 17:00:14;1;0.0;1;unknown;weak_rule;conservative_pair_rule_v2
состояние охраны;22.10.2025 17:09:19;1;0.0;1;unknown;weak_rule;conservative_pair_rule_v2
состояние охраны;22.10.2025 17:44:52;1;0.0;1;unknown;weak_rule;conservative_pair_rule_v2
состояние охраны;25.10.2025 01:17:44;1;0.0;1;unknown;weak_rule;conservative_pair_rule_v2
состояние охраны;25.10.2025 10:34:50;1;0.0;1;unknown;weak_rule;conservative_pair_rule_v2
состояние охраны;29.10.2025 16:34:30;1;0.0;1;unknown;weak_rule;conservative_pair_rule_v2
состояние охраны;29.10.2025 16:54:37;1;0.0;1;unknown;weak_rule;conservative_pair_rule_v2
состояние охраны;29.10.2025 17:03:12;1;0.0;1;unknown;weak_rule;conservative_pair_rule_v2
состояние охраны;30.10.2025 07:54:10;1;0.0;1;unknown;weak_rule;conservative_pair_rule_v2
состояние охраны;30.10.2025 07:54:54;1;0.0;1;unknown;weak_rule;conservative_pair_rule_v2
состояние охраны;30.10.2025 07:57:33;1;0.0;1;unknown;weak_rule;conservative_pair_rule_v2
состояние охраны;30.10.2025 08:00:24;1;0.0;1;unknown;weak_rule;conservative_pair_rule_v2
состояние охраны;30.10.2025 09:07:51;1;0.0;1;unknown;weak_rule;conservative_pair_rule_v2
состояние охраны;30.10.2025 16:16:57;1;0.0;1;unknown;weak_rule;conservative_pair_rule_v2
состояние охраны;02.11.2025 07:49:26;1;0.0;1;unknown;weak_rule;conservative_pair_rule_v2
состояние охраны;10.11.2025 22:47:38;1;0.0;1;unknown;weak_rule;conservative_pair_rule_v2
состояние охраны;11.11.2025 15:26:01;1;0.0;1;unknown;weak_rule;conservative_pair_rule_v2
состояние охраны;11.11.2025 17:03:00;1;0.0;1;unknown;weak_rule;conservative_pair_rule_v2
состояние охраны;11.11.2025 20:04:05;1;0.0;1;unknown;weak_rule;conservative_pair_rule_v2
состояние охраны;12.11.2025 07:57:24;1;0.0;1;unknown;weak_rule;conservative_pair_rule_v2
состояние охраны;12.11.2025 08:00:12;1;0.0;1;unknown;weak_rule;conservative_pair_rule_v2
состояние охраны;12.11.2025 08:20:53;1;0.0;1;unknown;weak_rule;conservative_pair_rule_v2
состояние охраны;12.11.2025 10:01:55;1;0.0;1;unknown;weak_rule;conservative_pair_rule_v2
состояние охраны;12.11.2025 16:17:43;1;0.0;1;unknown;weak_rule;conservative_pair_rule_v2
состояние охраны;12.11.2025 16:56:39;1;0.0;1;unknown;weak_rule;conservative_pair_rule_v2
состояние охраны;15.11.2025 14:25:58;1;0.0;1;unknown;weak_rule;conservative_pair_rule_v2
состояние охраны;19.11.2025 20:06:57;1;0.0;1;unknown;weak_rule;conservative_pair_rule_v2
состояние охраны;20.11.2025 07:49:50;1;0.0;1;unknown;weak_rule;conservative_pair_rule_v2
состояние охраны;20.11.2025 09:14:46;1;0.0;1;unknown;weak_rule;conservative_pair_rule_v2
состояние охраны;20.11.2025 15:32:24;1;0.0;1;unknown;weak_rule;conservative_pair_rule_v2
состояние охраны;20.11.2025 15:32:33;1;0.0;1;unknown;weak_rule;conservative_pair_rule_v2
состояние охраны;20.11.2025 16:38:42;1;0.0;1;unknown;weak_rule;conservative_pair_rule_v2
состояние охраны;25.11.2025 16:14:03;1;0.0;1;unknown;weak_rule;conservative_pair_rule_v2
состояние охраны;25.11.2025 16:47:34;1;0.0;1;unknown;weak_rule;conservative_pair_rule_v2
состояние охраны;25.11.2025 16:49:30;1;0.0;1;unknown;weak_rule;conservative_pair_rule_v2
состояние охраны;25.11.2025 18:50:51;1;0.0;1;unknown;weak_rule;conservative_pair_rule_v2
состояние охраны;26.11.2025 08:00:28;1;0.0;1;unknown;weak_rule;conservative_pair_rule_v2
состояние охраны;26.11.2025 08:31:30;1;0.0;1;unknown;weak_rule;conservative_pair_rule_v2
газовый датчик;2.24;1;0.0;1;unknown;weak_rule;conservative_pair_rule_v2
газовый датчик;2.22;1;0.0;1;unknown;weak_rule;conservative_pair_rule_v2
состояние охраны;01.12.2025 08:00:27;1;0.0;1;unknown;weak_rule;conservative_pair_rule_v2
состояние охраны;01.12.2025 14:19:40;1;0.0;1;unknown;weak_rule;conservative_pair_rule_v2
состояние охраны;01.12.2025 16:05:52;1;0.0;1;unknown;weak_rule;conservative_pair_rule_v2
состояние охраны;01.12.2025 16:54:33;1;0.0;1;unknown;weak_rule;conservative_pair_rule_v2
состояние охраны;01.12.2025 17:00:34;1;0.0;1;unknown;weak_rule;conservative_pair_rule_v2
состояние охраны;01.12.2025 23:41:19;1;0.0;1;unknown;weak_rule;conservative_pair_rule_v2
состояние охраны;02.12.2025 07:55:44;1;0.0;1;unknown;weak_rule;conservative_pair_rule_v2
состояние охраны;02.12.2025 08:26:56;1;0.0;1;unknown;weak_rule;conservative_pair_rule_v2
состояние охраны;02.12.2025 08:58:42;1;0.0;1;unknown;weak_rule;conservative_pair_rule_v2
состояние охраны;05.12.2025 09:20:15;1;0.0;1;unknown;weak_rule;conservative_pair_rule_v2
состояние охраны;06.12.2025 20:03:39;1;0.0;1;unknown;weak_rule;conservative_pair_rule_v2
состояние охраны;06.12.2025 21:40:44;1;0.0;1;unknown;weak_rule;conservative_pair_rule_v2
состояние охраны;07.12.2025 20:03:13;1;0.0;1;unknown;weak_rule;conservative_pair_rule_v2
состояние охраны;11.12.2025 07:14:55;1;0.0;1;unknown;weak_rule;conservative_pair_rule_v2
состояние охраны;11.12.2025 08:01:33;1;0.0;1;unknown;weak_rule;conservative_pair_rule_v2
состояние охраны;11.12.2025 09:13:30;1;0.0;1;unknown;weak_rule;conservative_pair_rule_v2
состояние охраны;11.12.2025 16:27:48;1;0.0;1;unknown;weak_rule;conservative_pair_rule_v2
состояние охраны;11.12.2025 16:53:58;1;0.0;1;unknown;weak_rule;conservative_pair_rule_v2
состояние охраны;11.12.2025 20:14:38;1;0.0;1;unknown;weak_rule;conservative_pair_rule_v2
состояние охраны;16.12.2025 15:11:15;1;0.0;1;unknown;weak_rule;conservative_pair_rule_v2
состояние охраны;16.12.2025 16:23:50;1;0.0;1;unknown;weak_rule;conservative_pair_rule_v2
состояние охраны;16.12.2025 17:36:40;1;0.0;1;unknown;weak_rule;conservative_pair_rule_v2
состояние охраны;16.12.2025 22:29:52;1;0.0;1;unknown;weak_rule;conservative_pair_rule_v2
состояние охраны;17.12.2025 08:42:19;1;0.0;1;unknown;weak_rule;conservative_pair_rule_v2
состояние охраны;17.12.2025 10:26:34;1;0.0;1;unknown;weak_rule;conservative_pair_rule_v2
состояние охраны;22.12.2025 08:48:04;1;0.0;1;unknown;weak_rule;conservative_pair_rule_v2
датчик температуры;130;1;0.0;1;unknown;weak_rule;conservative_pair_rule_v2
состояние охраны;22.12.2025 16:27:07;1;0.0;1;unknown;weak_rule;conservative_pair_rule_v2
состояние охраны;22.12.2025 19:36:42;1;0.0;1;unknown;weak_rule;conservative_pair_rule_v2
состояние охраны;22.12.2025 20:03:33;1;0.0;1;unknown;weak_rule;conservative_pair_rule_v2
состояние охраны;23.12.2025 08:03:18;1;0.0;1;unknown;weak_rule;conservative_pair_rule_v2
состояние охраны;23.12.2025 09:53:52;1;0.0;1;unknown;weak_rule;conservative_pair_rule_v2
состояние охраны;23.12.2025 09:53:55;1;0.0;1;unknown;weak_rule;conservative_pair_rule_v2
состояние охраны;23.12.2025 09:53:58;1;0.0;1;unknown;weak_rule;conservative_pair_rule_v2
состояние охраны;24.12.2025 15:23:48;1;0.0;1;unknown;weak_rule;conservative_pair_rule_v2
состояние охраны;25.12.2025 07:08:40;1;0.0;1;unknown;weak_rule;conservative_pair_rule_v2
состояние охраны;25.12.2025 07:46:42;1;0.0;1;unknown;weak_rule;conservative_pair_rule_v2
состояние охраны;25.12.2025 07:57:18;1;0.0;1;unknown;weak_rule;conservative_pair_rule_v2
состояние охраны;25.12.2025 08:52:37;1;0.0;1;unknown;weak_rule;conservative_pair_rule_v2
состояние охраны;30.12.2025 07:57:21;1;0.0;1;unknown;weak_rule;conservative_pair_rule_v2
состояние охраны;30.12.2025 08:15:21;1;0.0;1;unknown;weak_rule;conservative_pair_rule_v2
состояние охраны;30.12.2025 08:19:04;1;0.0;1;unknown;weak_rule;conservative_pair_rule_v2
состояние охраны;30.12.2025 08:32:08;1;0.0;1;unknown;weak_rule;conservative_pair_rule_v2
газовый датчик;4.79;1;0.0;1;unknown;weak_rule;conservative_pair_rule_v2
газовый датчик;4.75;1;0.0;1;unknown;weak_rule;conservative_pair_rule_v2
состояние охраны;30.12.2025 14:06:00;1;0.0;1;unknown;weak_rule;conservative_pair_rule_v2
состояние охраны;30.12.2025 14:06:33;1;0.0;1;unknown;weak_rule;conservative_pair_rule_v2
состояние охраны;30.12.2025 16:36:50;1;0.0;1;unknown;weak_rule;conservative_pair_rule_v2
состояние охраны;30.12.2025 17:24:38;1;0.0;1;unknown;weak_rule;conservative_pair_rule_v2
состояние охраны;10.09.2025 19:45:02;1;0.0;1;unknown;weak_rule;conservative_pair_rule_v2
состояние охраны;11.09.2025 08:01:12;1;0.0;1;unknown;weak_rule;conservative_pair_rule_v2
состояние охраны;15.09.2025 16:18:04;1;0.0;1;unknown;weak_rule;conservative_pair_rule_v2
состояние охраны;19.09.2025 07:27:48;1;0.0;1;unknown;weak_rule;conservative_pair_rule_v2
состояние охраны;19.09.2025 08:06:04;1;0.0;1;unknown;weak_rule;conservative_pair_rule_v2
состояние охраны;19.09.2025 08:42:17;1;0.0;1;unknown;weak_rule;conservative_pair_rule_v2
состояние охраны;19.09.2025 08:51:21;1;0.0;1;unknown;weak_rule;conservative_pair_rule_v2
состояние охраны;19.09.2025 14:49:19;1;0.0;1;unknown;weak_rule;conservative_pair_rule_v2
состояние охраны;19.09.2025 15:51:25;1;0.0;1;unknown;weak_rule;conservative_pair_rule_v2
состояние охраны;19.09.2025 16:39:33;1;0.0;1;unknown;weak_rule;conservative_pair_rule_v2
состояние охраны;19.09.2025 17:04:10;1;0.0;1;unknown;weak_rule;conservative_pair_rule_v2
состояние охраны;24.09.2025 07:34:44;1;0.0;1;unknown;weak_rule;conservative_pair_rule_v2
состояние охраны;25.09.2025 16:22:08;1;0.0;1;unknown;weak_rule;conservative_pair_rule_v2
состояние охраны;25.09.2025 16:22:51;1;0.0;1;unknown;weak_rule;conservative_pair_rule_v2
состояние охраны;25.09.2025 22:02:51;1;0.0;1;unknown;weak_rule;conservative_pair_rule_v2
состояние охраны;26.09.2025 07:16:01;1;0.0;1;unknown;weak_rule;conservative_pair_rule_v2
состояние охраны;26.09.2025 07:19:15;1;0.0;1;unknown;weak_rule;conservative_pair_rule_v2
состояние охраны;26.09.2025 07:31:26;1;0.0;1;unknown;weak_rule;conservative_pair_rule_v2
состояние охраны;26.09.2025 07:55:17;1;0.0;1;unknown;weak_rule;conservative_pair_rule_v2
состояние охраны;26.09.2025 08:03:19;1;0.0;1;unknown;weak_rule;conservative_pair_rule_v2
состояние охраны;26.09.2025 08:08:12;1;0.0;1;unknown;weak_rule;conservative_pair_rule_v2
состояние охраны;30.09.2025 10:12:52;1;0.0;1;unknown;weak_rule;conservative_pair_rule_v2
состояние охраны;30.09.2025 16:29:54;1;0.0;1;unknown;weak_rule;conservative_pair_rule_v2
состояние охраны;30.09.2025 16:34:31;1;0.0;1;unknown;weak_rule;conservative_pair_rule_v2
состояние охраны;30.09.2025 16:36:01;1;0.0;1;unknown;weak_rule;conservative_pair_rule_v2
состояние охраны;30.09.2025 17:39:08;1;0.0;1;unknown;weak_rule;conservative_pair_rule_v2
состояние охраны;30.09.2025 17:52:33;1;0.0;1;unknown;weak_rule;conservative_pair_rule_v2
состояние охраны;30.09.2025 17:52:44;1;0.0;1;unknown;weak_rule;conservative_pair_rule_v2
состояние охраны;30.09.2025 22:05:26;1;0.0;1;unknown;weak_rule;conservative_pair_rule_v2
состояние охраны;01.10.2025 07:48:18;1;0.0;1;unknown;weak_rule;conservative_pair_rule_v2
состояние охраны;01.10.2025 07:56:59;1;0.0;1;unknown;weak_rule;conservative_pair_rule_v2
состояние охраны;06.10.2025 07:47:17;1;0.0;1;unknown;weak_rule;conservative_pair_rule_v2
состояние охраны;06.10.2025 07:59:35;1;0.0;1;unknown;weak_rule;conservative_pair_rule_v2
состояние охраны;06.10.2025 08:00:45;1;0.0;1;unknown;weak_rule;conservative_pair_rule_v2
состояние охраны;06.10.2025 09:12:27;1;0.0;1;unknown;weak_rule;conservative_pair_rule_v2
состояние охраны;06.10.2025 10:04:08;1;0.0;1;unknown;weak_rule;conservative_pair_rule_v2
состояние охраны;06.10.2025 16:46:33;1;0.0;1;unknown;weak_rule;conservative_pair_rule_v2
состояние охраны;07.10.2025 08:01:01;1;0.0;1;unknown;weak_rule;conservative_pair_rule_v2
состояние охраны;08.10.2025 09:15:38;1;0.0;1;unknown;weak_rule;conservative_pair_rule_v2
состояние охраны;08.10.2025 14:25:33;1;0.0;1;unknown;weak_rule;conservative_pair_rule_v2
состояние охраны;08.10.2025 16:34:38;1;0.0;1;unknown;weak_rule;conservative_pair_rule_v2
состояние охраны;08.10.2025 16:42:12;1;0.0;1;unknown;weak_rule;conservative_pair_rule_v2
состояние охраны;08.10.2025 16:44:36;1;0.0;1;unknown;weak_rule;conservative_pair_rule_v2
состояние охраны;08.10.2025 18:35:21;1;0.0;1;unknown;weak_rule;conservative_pair_rule_v2
состояние охраны;09.10.2025 07:44:09;1;0.0;1;unknown;weak_rule;conservative_pair_rule_v2
состояние охраны;09.10.2025 08:03:17;1;0.0;1;unknown;weak_rule;conservative_pair_rule_v2
состояние охраны;12.10.2025 16:37:19;1;0.0;1;unknown;weak_rule;conservative_pair_rule_v2
состояние охраны;13.10.2025 07:56:11;1;0.0;1;unknown;weak_rule;conservative_pair_rule_v2
состояние охраны;13.10.2025 08:08:17;1;0.0;1;unknown;weak_rule;conservative_pair_rule_v2
состояние охраны;13.10.2025 09:32:25;1;0.0;1;unknown;weak_rule;conservative_pair_rule_v2
состояние охраны;15.10.2025 16:28:37;1;0.0;1;unknown;weak_rule;conservative_pair_rule_v2
состояние охраны;15.10.2025 16:34:52;1;0.0;1;unknown;weak_rule;conservative_pair_rule_v2
состояние охраны;16.10.2025 07:51:59;1;0.0;1;unknown;weak_rule;conservative_pair_rule_v2
состояние охраны;16.10.2025 07:54:52;1;0.0;1;unknown;weak_rule;conservative_pair_rule_v2
состояние охраны;16.10.2025 07:58:39;1;0.0;1;unknown;weak_rule;conservative_pair_rule_v2
состояние охраны;22.10.2025 07:48:39;1;0.0;1;unknown;weak_rule;conservative_pair_rule_v2
состояние охраны;22.10.2025 09:21:53;1;0.0;1;unknown;weak_rule;conservative_pair_rule_v2
датчик температуры;не замкнут;1;1.0;1;detection;weak_rule;conservative_pair_rule_v2
состояние охраны;22.10.2025 16:13:18;1;0.0;1;unknown;weak_rule;conservative_pair_rule_v2
состояние охраны;22.10.2025 16:13:25;1;0.0;1;unknown;weak_rule;conservative_pair_rule_v2
состояние охраны;22.10.2025 17:15:50;1;0.0;1;unknown;weak_rule;conservative_pair_rule_v2
состояние охраны;22.10.2025 17:32:42;1;0.0;1;unknown;weak_rule;conservative_pair_rule_v2
состояние охраны;22.10.2025 22:09:51;1;0.0;1;unknown;weak_rule;conservative_pair_rule_v2
состояние охраны;29.10.2025 17:01:34;1;0.0;1;unknown;weak_rule;conservative_pair_rule_v2
состояние охраны;02.11.2025 20:03:08;1;0.0;1;unknown;weak_rule;conservative_pair_rule_v2
состояние охраны;10.11.2025 16:56:25;1;0.0;1;unknown;weak_rule;conservative_pair_rule_v2
состояние охраны;10.11.2025 17:00:46;1;0.0;1;unknown;weak_rule;conservative_pair_rule_v2
состояние охраны;10.11.2025 17:02:08;1;0.0;1;unknown;weak_rule;conservative_pair_rule_v2
состояние охраны;10.11.2025 22:46:07;1;0.0;1;unknown;weak_rule;conservative_pair_rule_v2
состояние охраны;11.11.2025 07:17:03;1;0.0;1;unknown;weak_rule;conservative_pair_rule_v2
состояние охраны;11.11.2025 07:51:31;1;0.0;1;unknown;weak_rule;conservative_pair_rule_v2
состояние охраны;11.11.2025 16:50:33;1;0.0;1;unknown;weak_rule;conservative_pair_rule_v2
состояние охраны;12.11.2025 07:45:02;1;0.0;1;unknown;weak_rule;conservative_pair_rule_v2
состояние охраны;12.11.2025 09:48:29;1;0.0;1;unknown;weak_rule;conservative_pair_rule_v2
состояние охраны;12.11.2025 09:48:39;1;0.0;1;unknown;weak_rule;conservative_pair_rule_v2
состояние охраны;12.11.2025 16:17:37;1;0.0;1;unknown;weak_rule;conservative_pair_rule_v2
состояние охраны;12.11.2025 16:18:08;1;0.0;1;unknown;weak_rule;conservative_pair_rule_v2
состояние охраны;12.11.2025 16:50:37;1;0.0;1;unknown;weak_rule;conservative_pair_rule_v2
состояние охраны;12.11.2025 16:59:39;1;0.0;1;unknown;weak_rule;conservative_pair_rule_v2
состояние охраны;12.11.2025 17:15:12;1;0.0;1;unknown;weak_rule;conservative_pair_rule_v2
состояние охраны;15.11.2025 02:03:21;1;0.0;1;unknown;weak_rule;conservative_pair_rule_v2
состояние охраны;15.11.2025 15:52:45;1;0.0;1;unknown;weak_rule;conservative_pair_rule_v2
состояние охраны;15.11.2025 20:04:01;1;0.0;1;unknown;weak_rule;conservative_pair_rule_v2
состояние охраны;15.11.2025 22:58:20;1;0.0;1;unknown;weak_rule;conservative_pair_rule_v2
состояние охраны;19.11.2025 17:12:43;1;0.0;1;unknown;weak_rule;conservative_pair_rule_v2
состояние охраны;19.11.2025 17:30:03;1;0.0;1;unknown;weak_rule;conservative_pair_rule_v2
состояние охраны;19.11.2025 20:05:03;1;0.0;1;unknown;weak_rule;conservative_pair_rule_v2
состояние охраны;19.11.2025 20:08:02;1;0.0;1;unknown;weak_rule;conservative_pair_rule_v2
состояние охраны;20.11.2025 07:55:54;1;0.0;1;unknown;weak_rule;conservative_pair_rule_v2
состояние охраны;20.11.2025 08:00:14;1;0.0;1;unknown;weak_rule;conservative_pair_rule_v2
состояние охраны;20.11.2025 08:02:25;1;0.0;1;unknown;weak_rule;conservative_pair_rule_v2
состояние охраны;20.11.2025 09:14:30;1;0.0;1;unknown;weak_rule;conservative_pair_rule_v2
состояние охраны;20.11.2025 09:50:10;1;0.0;1;unknown;weak_rule;conservative_pair_rule_v2
состояние охраны;20.11.2025 16:04:52;1;0.0;1;unknown;weak_rule;conservative_pair_rule_v2
состояние охраны;20.11.2025 17:00:34;1;0.0;1;unknown;weak_rule;conservative_pair_rule_v2
состояние охраны;25.11.2025 15:44:46;1;0.0;1;unknown;weak_rule;conservative_pair_rule_v2
состояние охраны;25.11.2025 16:00:08;1;0.0;1;unknown;weak_rule;conservative_pair_rule_v2
состояние охраны;25.11.2025 20:02:16;1;0.0;1;unknown;weak_rule;conservative_pair_rule_v2
состояние охраны;26.11.2025 07:53:30;1;0.0;1;unknown;weak_rule;conservative_pair_rule_v2
состояние охраны;26.11.2025 08:03:30;1;0.0;1;unknown;weak_rule;conservative_pair_rule_v2
состояние охраны;26.11.2025 09:07:05;1;0.0;1;unknown;weak_rule;conservative_pair_rule_v2
газовый датчик;1.88;1;0.0;1;unknown;weak_rule;conservative_pair_rule_v2
состояние охраны;01.12.2025 08:36:49;1;0.0;1;unknown;weak_rule;conservative_pair_rule_v2
состояние охраны;01.12.2025 16:43:14;1;0.0;1;unknown;weak_rule;conservative_pair_rule_v2
состояние охраны;01.12.2025 16:54:06;1;0.0;1;unknown;weak_rule;conservative_pair_rule_v2
состояние охраны;01.12.2025 23:24:33;1;0.0;1;unknown;weak_rule;conservative_pair_rule_v2
состояние охраны;02.12.2025 08:34:20;1;0.0;1;unknown;weak_rule;conservative_pair_rule_v2
состояние охраны;02.12.2025 08:34:26;1;0.0;1;unknown;weak_rule;conservative_pair_rule_v2
состояние охраны;04.12.2025 20:04:12;1;0.0;1;unknown;weak_rule;conservative_pair_rule_v2
состояние охраны;05.12.2025 04:26:37;1;0.0;1;unknown;weak_rule;conservative_pair_rule_v2
состояние охраны;05.12.2025 07:50:05;1;0.0;1;unknown;weak_rule;conservative_pair_rule_v2
состояние охраны;05.12.2025 07:54:44;1;0.0;1;unknown;weak_rule;conservative_pair_rule_v2
состояние охраны;05.12.2025 07:59:17;1;0.0;1;unknown;weak_rule;conservative_pair_rule_v2
состояние охраны;05.12.2025 08:01:31;1;0.0;1;unknown;weak_rule;conservative_pair_rule_v2
состояние охраны;05.12.2025 08:01:46;1;0.0;1;unknown;weak_rule;conservative_pair_rule_v2
состояние охраны;05.12.2025 08:35:58;1;0.0;1;unknown;weak_rule;conservative_pair_rule_v2
состояние охраны;05.12.2025 09:01:43;1;0.0;1;unknown;weak_rule;conservative_pair_rule_v2
состояние охраны;05.12.2025 09:20:06;1;0.0;1;unknown;weak_rule;conservative_pair_rule_v2
состояние охраны;05.12.2025 09:20:12;1;0.0;1;unknown;weak_rule;conservative_pair_rule_v2
состояние охраны;06.12.2025 20:45:17;1;0.0;1;unknown;weak_rule;conservative_pair_rule_v2
состояние охраны;07.12.2025 09:01:11;1;0.0;1;unknown;weak_rule;conservative_pair_rule_v2
состояние охраны;07.12.2025 22:35:18;1;0.0;1;unknown;weak_rule;conservative_pair_rule_v2
состояние охраны;11.12.2025 07:56:15;1;0.0;1;unknown;weak_rule;conservative_pair_rule_v2
состояние охраны;11.12.2025 08:01:26;1;0.0;1;unknown;weak_rule;conservative_pair_rule_v2
состояние охраны;11.12.2025 08:03:28;1;0.0;1;unknown;weak_rule;conservative_pair_rule_v2
состояние охраны;11.12.2025 16:29:38;1;0.0;1;unknown;weak_rule;conservative_pair_rule_v2
состояние охраны;11.12.2025 17:00:54;1;0.0;1;unknown;weak_rule;conservative_pair_rule_v2
состояние охраны;11.12.2025 17:04:10;1;0.0;1;unknown;weak_rule;conservative_pair_rule_v2
состояние охраны;11.12.2025 18:15:09;1;0.0;1;unknown;weak_rule;conservative_pair_rule_v2
состояние охраны;16.12.2025 14:41:55;1;0.0;1;unknown;weak_rule;conservative_pair_rule_v2
состояние охраны;16.12.2025 15:17:17;1;0.0;1;unknown;weak_rule;conservative_pair_rule_v2
состояние охраны;16.12.2025 17:01:04;1;0.0;1;unknown;weak_rule;conservative_pair_rule_v2
состояние охраны;16.12.2025 17:06:39;1;0.0;1;unknown;weak_rule;conservative_pair_rule_v2
состояние охраны;17.12.2025 07:50:00;1;0.0;1;unknown;weak_rule;conservative_pair_rule_v2
состояние охраны;17.12.2025 07:58:52;1;0.0;1;unknown;weak_rule;conservative_pair_rule_v2
состояние охраны;17.12.2025 08:42:13;1;0.0;1;unknown;weak_rule;conservative_pair_rule_v2
состояние охраны;17.12.2025 10:30:50;1;0.0;1;unknown;weak_rule;conservative_pair_rule_v2
состояние охраны;22.12.2025 11:40:39;1;0.0;1;unknown;weak_rule;conservative_pair_rule_v2
датчик температуры;951;1;0.0;1;unknown;weak_rule;conservative_pair_rule_v2
состояние охраны;22.12.2025 17:00:26;1;0.0;1;unknown;weak_rule;conservative_pair_rule_v2
состояние охраны;23.12.2025 07:39:31;1;0.0;1;unknown;weak_rule;conservative_pair_rule_v2
состояние охраны;23.12.2025 07:57:57;1;0.0;1;unknown;weak_rule;conservative_pair_rule_v2
состояние охраны;23.12.2025 07:58:27;1;0.0;1;unknown;weak_rule;conservative_pair_rule_v2
состояние охраны;23.12.2025 08:03:21;1;0.0;1;unknown;weak_rule;conservative_pair_rule_v2
состояние охраны;23.12.2025 08:44:29;1;0.0;1;unknown;weak_rule;conservative_pair_rule_v2
состояние охраны;23.12.2025 10:15:31;1;0.0;1;unknown;weak_rule;conservative_pair_rule_v2
состояние охраны;24.12.2025 13:11:02;1;0.0;1;unknown;weak_rule;conservative_pair_rule_v2
состояние охраны;24.12.2025 14:45:19;1;0.0;1;unknown;weak_rule;conservative_pair_rule_v2
состояние охраны;24.12.2025 17:04:56;1;0.0;1;unknown;weak_rule;conservative_pair_rule_v2
состояние охраны;24.12.2025 17:05:01;1;0.0;1;unknown;weak_rule;conservative_pair_rule_v2
состояние охраны;24.12.2025 20:03:00;1;0.0;1;unknown;weak_rule;conservative_pair_rule_v2
состояние охраны;25.12.2025 08:52:34;1;0.0;1;unknown;weak_rule;conservative_pair_rule_v2
состояние охраны;25.12.2025 09:27:29;1;0.0;1;unknown;weak_rule;conservative_pair_rule_v2
состояние охраны;25.12.2025 09:36:20;1;0.0;1;unknown;weak_rule;conservative_pair_rule_v2
состояние охраны;25.12.2025 11:05:41;1;0.0;1;unknown;weak_rule;conservative_pair_rule_v2
состояние охраны;29.12.2025 23:37:13;1;0.0;1;unknown;weak_rule;conservative_pair_rule_v2
состояние охраны;29.12.2025 23:38:37;1;0.0;1;unknown;weak_rule;conservative_pair_rule_v2
состояние охраны;30.12.2025 07:39:20;1;0.0;1;unknown;weak_rule;conservative_pair_rule_v2
состояние охраны;30.12.2025 08:06:30;1;0.0;1;unknown;weak_rule;conservative_pair_rule_v2
газовый датчик;4.76;1;0.0;1;unknown;weak_rule;conservative_pair_rule_v2
состояние охраны;30.12.2025 20:06:25;1;0.0;1;unknown;weak_rule;conservative_pair_rule_v2
